,Unnamed: 0,brand,model,model_year,milage,fuel_type,engine,transmission,ext_col,int_col,accident,clean_title,price,Horsepower,Displacement_L,Cylinder_Type,seat_numbers
0,0,Ford,Utility Police Interceptor Base,2013,51000,E85 Flex Fuel,300.0HP 3.7L V6 Cylinder Engine Flex Fuel Capability,Automatic,Black,Black,At least 1 accident or damage reported,Yes,"$10,300",300.0,3.7,V6,5.0
1,1,Hyundai,Palisade SEL,2021,34742,Gasoline,3.8L V6 24V GDI DOHC,Automatic,Moonlight Cloud,Gray,At least 1 accident or damage reported,Yes,"$38,005",291.0,3.8,V6,7.0
2,2,Lexus,RX 350 RX 350,2022,22372,Gasoline,3.5 Liter DOHC,Automatic,Blue,Black,None reported,No,"$54,598",295.0,3.5,V6,5.0
3,3,INFINITI,Q50 Hybrid Sport,2015,88900,Hybrid,354.0HP 3.5L V6 Cylinder Engine Gas/Electric Hybrid,Automatic,Black,Black,None reported,Yes,"$15,500",354.0,3.5,V6,5.0
4,4,Audi,Q3 45 S line Premium Plus,2021,9835,Gasoline,2.0L I4 16V GDI DOHC Turbo,Automatic,Glacier White Metallic,Black,None reported,No,"$34,999",228.0,2.0,I4,5.0
5,5,Audi,S3 2.0T Premium Plus,2017,84000,Gasoline,292.0HP 2.0L 4 Cylinder Engine Gasoline Fuel,Automatic,Blue,Black,None reported,Yes,"$31,000",292.0,2.0,I4,4.0
6,6,BMW,740 iL,2001,242000,Gasoline,282.0HP 4.4L 8 Cylinder Engine Gasoline Fuel,Automatic,Green,Green,None reported,Yes,"$7,300",282.0,4.4,V8,5.0
7,7,Lexus,RC 350 F Sport,2021,23436,Gasoline,311.0HP 3.5L V6 Cylinder Engine Gasoline Fuel,Automatic,Black,Black,None reported,Yes,"$41,927",311.0,3.5,V6,4.0
8,8,Tesla,Model X Long Range Plus,2020,34000,not defined,534.0HP Electric Motor Electric Fuel System,Automatic,Black,Black,None reported,Yes,"$69,950",534.0,0.0,Electric,7.0
9,9,Land,Rover Range Rover Sport 3.0 Supercharged HST,2021,27608,Gasoline,V6,Automatic,Fuji White,Pimento / Ebony,None reported,No,"$73,897",380.0,3.0,V6,5.0
10,10,Aston,Martin DBS Superleggera,2019,22770,Gasoline,715.0HP 5.2L 12 Cylinder Engine Gasoline Fuel,Automatic,Silver,Black,None reported,Yes,"$184,606",715.0,5.2,V12,2.0
11,11,Toyota,Supra 3.0 Premium,2021,12500,Gasoline,382.0HP 3.0L Straight 6 Cylinder Engine Gasoline Fuel,Automatic,Yellow,Black,None reported,Yes,"$53,500",382.0,3.0,Straight 6,2.0
12,12,Lincoln,Aviator Reserve AWD,2022,18196,Gasoline,400.0HP 3.0L V6 Cylinder Engine Gasoline Fuel,Dual Shift,Black,Brown,None reported,Yes,"$62,000",400.0,3.0,V6,7.0
13,13,Jaguar,F-TYPE,2020,15903,Gasoline,2.0 Liter Supercharged,Automatic,Silver,Black,None reported,No,"$47,998",296.0,2.0,I4,2.0
14,14,Land,Rover LR4 HSE,2013,79800,Gasoline,375.0HP 5.0L 8 Cylinder Engine Gasoline Fuel,Automatic,White,Black,None reported,Yes,"$29,990",375.0,5.0,V8,7.0
15,15,Mercedes-Benz,Metris Base,2021,1685,Gasoline,2.0L I4 16V GDI DOHC Turbo,Automatic,Gray,White,None reported,Yes,"$250,000",208.0,2.0,I4,5.0
16,16,Dodge,Challenger SXT,2013,61074,Gasoline,305.0HP 3.6L V6 Cylinder Engine Gasoline Fuel,Automatic,Black,Gray,None reported,Yes,"$16,800",305.0,3.6,V6,4.0
17,17,Nissan,350Z Enthusiast,2003,74000,Gasoline,287.0HP 3.5L V6 Cylinder Engine Gasoline Fuel,Manual,Purple,–,None reported,Yes,"$11,000",287.0,3.5,V6,2.0
18,18,Jaguar,F-TYPE R,2018,35250,Gasoline,550.0HP 5.0L 8 Cylinder Engine Gasoline Fuel,Automatic,Green,Black,None reported,Yes,"$68,750",550.0,5.0,V8,2.0
19,19,Genesis,GV70 3.5T Sport,2023,5400,Gasoline,375.0HP 3.5L V6 Cylinder Engine Gasoline Fuel,Automatic,Green,Beige,not defined,No,"$60,000",375.0,3.5,V6,5.0
20,20,Chevrolet,S-10 LS,2000,133510,E85 Flex Fuel,120.0HP 2.2L 4 Cylinder Engine Flex Fuel Capability,Automatic,Blue,Black,None reported,Yes,"$4,500",120.0,2.2,I4,5.0
21,21,BMW,440 Gran Coupe 440i xDrive,2020,25990,Gasoline,3.0 Liter Turbo,Automatic,White,Beige,None reported,No,"$38,598",320.0,3.0,I6,4.0
22,22,Ford,F-150 XLT,2023,2823,Gasoline,3.5L V6 24V PDI DOHC Twin Turbo,Automatic,Iconic Silver Metallic,Black,None reported,Yes,"$58,504",400.0,3.5,V6,5.0
23,23,Chevrolet,Suburban RST,2021,52000,Gasoline,355.0HP 5.3L 8 Cylinder Engine Gasoline Fuel,Automatic,Blue,Black,None reported,Yes,"$61,000",355.0,5.3,V8,8.0
24,24,Hyundai,Elantra N Base,2022,11650,Gasoline,276.0HP 2.0L 4 Cylinder Engine Gasoline Fuel,Dual Shift,Black,Black,None reported,Yes,"$32,300",276.0,2.0,I4,5.0
25,25,Nissan,Sentra SR,2016,96541,Gasoline,1.8 Liter,Automatic,Blue,Black,None reported,No,"$13,998",149.0,1.8,I4,5.0
26,26,Mercedes-Benz,AMG CLA 45 Base 4MATIC,2021,17500,Gasoline,382.0HP 2.0L 4 Cylinder Engine Gasoline Fuel,Automatic,Gray,Black,None reported,Yes,"$59,995",382.0,2.0,I4,4.0
27,27,BMW,650 Gran Coupe i xDrive,2015,69000,Gasoline,445.0HP 4.4L 8 Cylinder Engine Gasoline Fuel,Automatic,Gray,Black,None reported,Yes,"$25,700",445.0,4.4,V8,4.0
28,28,Audi,Q5 2.0T Premium Plus,2017,81880,E85 Flex Fuel,2.0L I4 16V GDI DOHC Turbo Flexible Fuel,Automatic,Mythos Black Metallic,Black,None reported,Yes,"$21,375",248.0,2.0,I4,5.0
29,29,Mercedes-Benz,AMG C 43 Base 4MATIC,2018,28800,Gasoline,362.0HP 3.0L V6 Cylinder Engine Gasoline Fuel,Automatic,Silver,Black,None reported,Yes,"$48,000",362.0,3.0,V6,5.0
30,30,Dodge,Ram 1500 Laramie Mega Cab,2006,300183,Gasoline,345.0HP 5.7L 8 Cylinder Engine Gasoline Fuel,Automatic,Silver,Gray,At least 1 accident or damage reported,Yes,"$10,900",345.0,5.7,V8,5.0
31,31,BMW,i3 120Ah w/Range Extender,2020,35035,Hybrid,120 AH,Automatic,Black,Black,None reported,No,"$24,998",170.0,0.0,Electric,4.0
32,32,Kia,Sorento SX,2011,171000,Gasoline,276.0HP 3.5L V6 Cylinder Engine Gasoline Fuel,Automatic,Black,Black,None reported,Yes,"$5,999",276.0,3.5,V6,5.0
33,33,Lexus,LX 570 Base,2016,118700,Gasoline,383.0HP 5.7L 8 Cylinder Engine Gasoline Fuel,Automatic,Black,Beige,None reported,Yes,"$46,900",383.0,5.7,V8,8.0
34,34,Jeep,New Compass Trailhawk,2017,119000,Gasoline,180.0HP 2.4L 4 Cylinder Engine Gasoline Fuel,Automatic,Red,Black,None reported,Yes,"$15,900",180.0,2.4,I4,5.0
35,35,BMW,340 i,2018,44261,Gasoline,3.0 Liter Turbo,Automatic,Gray,Black,None reported,No,"$33,598",320.0,3.0,I6,5.0
36,36,Audi,A4 2.0T Premium Plus quattro,2012,125575,Gasoline,211.0HP 2.0L 4 Cylinder Engine Gasoline Fuel,Automatic,Silver,Black,None reported,Yes,"$8,999",211.0,2.0,I4,5.0
37,37,Hyundai,Tucson SE,2007,16200,Gasoline,173.0HP 2.7L V6 Cylinder Engine Gasoline Fuel,Automatic,Gold,Beige,None reported,Yes,"$8,200",173.0,2.7,V6,5.0
38,38,BMW,Z4 sDrive28i,2014,70000,Gasoline,240.0HP 2.0L 4 Cylinder Engine Gasoline Fuel,Automatic,White,Beige,At least 1 accident or damage reported,Yes,"$20,000",240.0,2.0,I4,2.0
39,39,Bentley,Continental GTC Base,2011,20200,E85 Flex Fuel,552.0HP 6.0L 12 Cylinder Engine Flex Fuel Capability,Automatic,Black,Black,None reported,Yes,"$79,950",552.0,6.0,V12,4.0
40,40,Honda,Passport Elite,2023,2978,Gasoline,3.5 Liter SOHC,Automatic,Lunar Silver Metallic,Gray,None reported,No,"$45,498",280.0,3.5,V6,5.0
41,41,Dodge,Sprinter 2500,2007,189719,Diesel,3.0L V6 Cylinder Engine Diesel Fuel,Automatic,White,Gray,At least 1 accident or damage reported,Yes,"$14,000",188.0,3.0,V6,5.0
42,42,BMW,M850 i xDrive,2019,9949,Gasoline,4.4 Liter DOHC Twin Turbo,Automatic,Blue,Black,None reported,No,"$75,798",523.0,4.4,V8,4.0
43,43,Lucid,Air Grand Touring,2022,3552,not defined,536.0HP Electric Motor Electric Fuel System,Automatic,Red,Beige,None reported,Yes,"$119,999",536.0,0.0,Electric,5.0
44,44,Audi,A7 Premium,2012,54000,Gasoline,310.0HP 3.0L V6 Cylinder Engine Gasoline Fuel,Automatic,Black,Brown,At least 1 accident or damage reported,Yes,"$36,880",310.0,3.0,V6,5.0
45,45,Chevrolet,Silverado 1500 Custom Trail Boss,2021,51351,Gasoline,5.3L V8 16V GDI OHV,Automatic,Black,Jet Black,None reported,Yes,"$43,147",355.0,5.3,V8,5.0
46,46,MINI,Convertible John Cooper Works,2017,24280,Gasoline,228.0HP 2.0L 4 Cylinder Engine Gasoline Fuel,Automatic,Black,Black,At least 1 accident or damage reported,Yes,"$29,000",228.0,2.0,I4,4.0
47,47,Toyota,Avalon Touring,2016,89148,Gasoline,268.0HP 3.5L V6 Cylinder Engine Gasoline Fuel,Automatic,Black,Black,None reported,Yes,"$17,500",268.0,3.5,V6,5.0
48,48,Porsche,Cayenne Platinum Edition,2017,73043,Gasoline,300.0HP 3.6L V6 Cylinder Engine Gasoline Fuel,Automatic,White,Black,None reported,Yes,"$30,990",300.0,3.6,V6,5.0
49,49,Mercedes-Benz,AMG C 63 S,2017,60000,Gasoline,503.0HP 4.0L 8 Cylinder Engine Gasoline Fuel,Dual Shift,Gray,Black,At least 1 accident or damage reported,Yes,"$52,500",503.0,4.0,V8,4.0
50,50,Honda,CR-V EX-L,2016,73549,Gasoline,2.4L I4 16V GDI DOHC,Automatic,Mountain Air Metallic,Black,At least 1 accident or damage reported,No,"$20,848",190.0,2.4,I4,5.0
51,51,Hummer,H2 Base,2005,110900,Gasoline,325.0HP 6.0L 8 Cylinder Engine Gasoline Fuel,Automatic,Gray,Black,None reported,Yes,"$19,500",325.0,6.0,V8,5.0
52,52,Porsche,911 Carrera S,2013,39000,Gasoline,400.0HP 3.8L Flat 6 Cylinder Engine Gasoline Fuel,Automatic,Blue,Black,None reported,Yes,"$73,000",400.0,3.8,Flat 6,2.0
53,53,Mercedes-Benz,CLA-Class CLA 250,2016,120000,Gasoline,208.0HP 2.0L 4 Cylinder Engine Gasoline Fuel,Dual Shift,Black,Black,None reported,Yes,"$19,800",208.0,2.0,I4,5.0
54,54,Chrysler,300 Touring,2009,134602,Gasoline,250.0HP 3.5L V6 Cylinder Engine Gasoline Fuel,Dual Shift,Blue,Black,None reported,Yes,"$7,500",250.0,3.5,V6,5.0
55,55,Nissan,Rogue SV,2023,1094,Gasoline,1.5L I3 12V GDI DOHC Turbo,Automatic,Caspian Blue,Light Gray,None reported,No,"$30,999",201.0,1.5,I3,5.0
56,56,Audi,A3 2.0T,2010,83500,Gasoline,200.0HP 2.0L 4 Cylinder Engine Gasoline Fuel,Dual Shift,Silver,Black,None reported,Yes,"$6,500",200.0,2.0,I4,5.0
57,57,Ford,Mustang GT Premium,2014,37060,Gasoline,420.0HP 5.0L 8 Cylinder Engine Gasoline Fuel,Manual,Black,Black,None reported,Yes,"$28,500",420.0,5.0,V8,4.0
58,58,Acura,RL Technology,2010,97700,Gasoline,300.0HP 3.7L V6 Cylinder Engine Gasoline Fuel,Dual Shift,Blue,Beige,None reported,Yes,"$10,995",300.0,3.7,V6,5.0
59,59,Volvo,XC90 Hybrid T8 R-Design,2018,40000,Plug-In Hybrid,400.0HP 2.0L 4 Cylinder Engine Plug-In Electric/Gas,Dual Shift,Black,Black,None reported,Yes,"$42,000",400.0,2.0,I4,7.0
60,60,Audi,R8 5.2 V10,2018,8940,Gasoline,5.2L V10 40V PDI DOHC,Automatic,Tango Red Metallic,Black,None reported,No,"$144,900",610.0,5.2,V10,2.0
61,61,Mercedes-Benz,GLK-Class GLK 350,2014,186000,Gasoline,302.0HP 3.5L V6 Cylinder Engine Gasoline Fuel,Automatic,Black,Beige,At least 1 accident or damage reported,Yes,"$10,000",302.0,3.5,V6,5.0
62,62,Toyota,C-HR LE,2021,13180,Gasoline,2.0 Liter,Automatic,–,–,None reported,No,"$23,998",144.0,2.0,I4,5.0
63,63,Lexus,IS 350 Base,2014,104000,Gasoline,306.0HP 3.5L V6 Cylinder Engine Gasoline Fuel,Automatic,Black,Black,None reported,Yes,"$21,000",306.0,3.5,V6,5.0
64,64,BMW,X4 M40i,2023,8500,Hybrid,382.0HP 3.0L Straight 6 Cylinder Engine Gasoline/Mild Electric Hybrid,Dual Shift,Gray,Beige,None reported,Yes,"$67,900",382.0,3.0,I6,5.0
65,65,BMW,M4 CS,2019,19069,Gasoline,3.0 Liter DOHC Turbo,Automatic,Alpine White,Anthracite,None reported,No,"$69,998",453.0,3.0,I6,2.0
66,66,Cadillac,CT5 Premium Luxury,2023,6090,Gasoline,237.0HP 2.0L 4 Cylinder Engine Gasoline Fuel,Automatic,White,Beige,None reported,Yes,"$46,900",237.0,2.0,I4,5.0
67,67,Lucid,Air Grand Touring,2022,4900,not defined,536.0HP Electric Motor Electric Fuel System,Automatic,Red,Black,None reported,Yes,"$99,000",536.0,0.0,Electric,5.0
68,68,Audi,A5 2.0T Premium Plus,2019,47523,Gasoline,248.0HP 2.0L 4 Cylinder Engine Gasoline Fuel,Dual Shift,Black,Black,None reported,Yes,"$31,000",248.0,2.0,I4,5.0
69,69,Chrysler,300C SRT8,2006,43000,Gasoline,425.0HP 6.1L 8 Cylinder Engine Gasoline Fuel,Automatic,Silver,Black,At least 1 accident or damage reported,Yes,"$19,995",425.0,6.1,V8,5.0
70,70,Bentley,Continental GT W12,2017,14684,Gasoline,582.0HP 6.0L 12 Cylinder Engine Gasoline Fuel,Automatic,White,White,None reported,Yes,"$130,000",582.0,6.0,V12,4.0
71,71,BMW,M4 Base,2019,57800,Gasoline,425.0HP 3.0L Straight 6 Cylinder Engine Gasoline Fuel,Dual Shift,Black,Red,None reported,Yes,"$55,999",425.0,3.0,I6,2.0
72,72,Toyota,GR Corolla Circuit Edition,2023,952,Gasoline,300.0HP 1.6L 3 Cylinder Engine Gasoline Fuel,Manual,Silver,Gray,None reported,Yes,"$49,950",300.0,1.6,I3,4.0
73,73,Audi,RS 5 2.9T,2019,21240,Gasoline,444.0HP 2.9L V6 Cylinder Engine Gasoline Fuel,Automatic,Black,Black,At least 1 accident or damage reported,Yes,"$59,950",444.0,2.9,V6,4.0
74,74,Porsche,Cayenne Base,2019,59338,Gasoline,335.0HP 3.0L V6 Cylinder Engine Gasoline Fuel,Dual Shift,Black,Black,None reported,Yes,"$42,499",335.0,3.0,V6,5.0
75,75,Lamborghini,Huracan Tecnica Coupe,2023,255,Gasoline,"5.2L V-10 gasoline direct injection, DOHC, variable valve contro",Automatic,BLU ELEOS,Nero Ade,None reported,No,"$359,991",631.0,5.2,V10,2.0
76,76,Maserati,Quattroporte S,2019,23230,Gasoline,424.0HP 3.0L V6 Cylinder Engine Gasoline Fuel,Automatic,Black,Black,None reported,Yes,"$44,999",424.0,3.0,V6,5.0
77,77,Jaguar,XF 35t R-Sport,2017,48000,Gasoline,340.0HP 3.0L V6 Cylinder Engine Gasoline Fuel,Automatic,Red,Black,At least 1 accident or damage reported,Yes,"$30,000",340.0,3.0,V6,5.0
78,78,Lexus,ES 330 Base,2005,41059,Gasoline,225.0HP 3.3L V6 Cylinder Engine Gasoline Fuel,Automatic,White,Beige,None reported,Yes,"$11,100",225.0,3.3,V6,5.0
79,79,Land,Rover Discovery Sport SE R-Dynamic,2020,21240,Gasoline,2.0 Liter,Automatic,White,Black,None reported,No,"$37,998",246.0,2.0,I4,5.0
80,80,Porsche,Cayman GTS,2015,11500,Gasoline,340.0HP 3.4L Flat 6 Cylinder Engine Gasoline Fuel,Automatic,Silver,–,None reported,Yes,"$72,000",340.0,3.4,H6,2.0
81,81,Genesis,G90 3.3T Premium,2021,9950,Gasoline,365.0HP 3.3L V6 Cylinder Engine Gasoline Fuel,Automatic,Silver,Blue,None reported,Yes,"$53,950",365.0,3.3,V6,5.0
82,82,Volkswagen,Golf R 20th Anniversary Edition,2023,633,Gasoline,315.0HP 2.0L 4 Cylinder Engine Gasoline Fuel,Manual,White,Black,None reported,Yes,"$47,999",315.0,2.0,I4,5.0
83,83,Hyundai,Sonata Hybrid Limited,2015,66000,Hybrid,199.0HP 2.4L 4 Cylinder Engine Gas/Electric Hybrid,Automatic,White,Gray,At least 1 accident or damage reported,Yes,"$15,900",199.0,2.4,I4,5.0
84,84,Audi,RS 7 4.0T Prestige,2014,59715,Gasoline,560.0HP 4.0L 8 Cylinder Engine Gasoline Fuel,Automatic,Gray,Black,At least 1 accident or damage reported,Yes,"$45,000",560.0,4.0,V8,5.0
85,85,BMW,740 Li,2012,85252,Gasoline,326.0HP 3.0L Straight 6 Cylinder Engine Gasoline Fuel,Automatic,Black,Black,None reported,Yes,"$18,500",326.0,3.0,I6,5.0
86,86,Mercedes-Benz,GLS 450 Base 4MATIC,2020,17900,Hybrid,362.0HP 3.0L Straight 6 Cylinder Engine Gasoline/Mild Electric Hybrid,Automatic,Black,Black,At least 1 accident or damage reported,Yes,"$80,000",362.0,3.0,I6,7.0
87,87,BMW,M6 Base,2016,25500,Gasoline,560.0HP 4.4L 8 Cylinder Engine Gasoline Fuel,Automatic,White,Black,None reported,Yes,"$55,000",560.0,4.4,V8,4.0
88,88,Subaru,Forester 2.5 X,2004,210703,Gasoline,165.0HP 2.5L 4 Cylinder Engine Gasoline Fuel,Manual,Green,Beige,not defined,No,"$2,300",165.0,2.5,I4,5.0
89,89,Hyundai,Elantra N Base,2023,3800,Gasoline,276.0HP 2.0L 4 Cylinder Engine Gasoline Fuel,Manual,White,Black,None reported,Yes,"$34,000",276.0,2.0,I4,5.0
90,90,Kia,Niro Plug-In Hybrid EX Premium,2022,36602,Hybrid,1.6L I4 16V GDI DOHC Hybrid,Automatic,Horizon Blue,Charcoal,None reported,Yes,"$31,995",139.0,1.6,I4,5.0
91,91,Rivian,R1S Adventure Package,2023,2800,not defined,835.0HP Electric Motor Electric Fuel System,Automatic,White,Green,None reported,Yes,"$92,000",835.0,0.0,Electric,7.0
92,92,Aston,Martin DBS Superleggera,2021,2165,Gasoline,5.2L V12 48V GDI DOHC Twin Turbo,Automatic,Black,Black,None reported,Yes,"$279,950",715.0,5.2,V12,2.0
93,93,Mercedes-Benz,SLC 300 Base,2018,33000,Gasoline,241.0HP 2.0L 4 Cylinder Engine Gasoline Fuel,Automatic,Red,Black,At least 1 accident or damage reported,Yes,"$29,900",241.0,2.0,I4,2.0
94,94,BMW,435 Gran Coupe i,2016,76009,Gasoline,300.0HP 3.0L Straight 6 Cylinder Engine Gasoline Fuel,Automatic,White,Beige,None reported,Yes,"$24,950",300.0,3.0,I6,5.0
95,95,Jeep,Grand Cherokee Summit,2020,31349,Gasoline,5.7L V8 16V MPFI OHV,Automatic,Granite Crystal Clearcoat Metallic,Black,None reported,No,"$39,366",357.0,5.7,V8,5.0
96,96,Lexus,RC 350 Base,2015,48000,Gasoline,306.0HP 3.5L V6 Cylinder Engine Gasoline Fuel,Dual Shift,Orange,Red,None reported,Yes,"$32,900",306.0,3.5,V6,4.0
97,97,BMW,525 i,2005,91420,Gasoline,215.0HP 2.5L Straight 6 Cylinder Engine Gasoline Fuel,Automatic,Black,Black,None reported,Yes,"$8,900",215.0,2.5,I6,5.0
98,98,Toyota,Corolla LE,2003,124756,Gasoline,130.0HP 1.8L 4 Cylinder Engine Gasoline Fuel,Manual,Beige,Beige,At least 1 accident or damage reported,Yes,"$4,995",130.0,1.8,I4,5.0
99,99,Cadillac,CT5-V Blackwing,2023,2415,Gasoline,6.2L V8 16V GDI OHV Supercharged,Automatic,Rift Metallic,Gray,None reported,No,"$104,900",668.0,6.2,V8,5.0
100,100,GMC,Acadia SLT-1,2012,116226,Gasoline,288.0HP 3.6L V6 Cylinder Engine Gasoline Fuel,Automatic,Black,Black,None reported,Yes,"$7,900",288.0,3.6,V6,7.0
101,101,Lexus,LC 500 Base,2020,37869,Gasoline,5.0L V8 32V PDI DOHC,Automatic,Atomic Silver,Rioja Red,None reported,No,"$75,950",471.0,5.0,V8,2.0
102,102,BMW,i8 Base,2019,41500,Plug-In Hybrid,369.0HP 1.5L 3 Cylinder Engine Plug-In Electric/Gas,Dual Shift,White,Black,None reported,Yes,"$86,000",369.0,1.5,I3,4.0
103,103,Lexus,ES 300h Base,2013,87001,Hybrid,200.0HP 2.5L 4 Cylinder Engine Gas/Electric Hybrid,Automatic,Gold,Beige,None reported,Yes,"$17,995",200.0,2.5,I4,5.0
104,104,Cadillac,CT5-V V-Series,2022,4451,Gasoline,3.0L V6 24V GDI DOHC Twin Turbo,Automatic,Summit White,Jet Black,At least 1 accident or damage reported,Yes,"$55,655",360.0,3.0,V6,5.0
105,105,BMW,540 i xDrive,2020,27158,Gasoline,2.0 Liter Turbo,Automatic,Imperial Blue Metallic,Canberra Beige/Black,None reported,No,"$39,998",248.0,2.0,I4,5.0
106,106,Chevrolet,Express 1500 Work Van,2014,139804,Gasoline,195.0HP 4.3L V6 Cylinder Engine Gasoline Fuel,Automatic,White,Gray,At least 1 accident or damage reported,Yes,"$14,500",195.0,4.3,V6,2.0
107,107,Jeep,Gladiator Rubicon,2022,27300,Gasoline,285.0HP 3.6L V6 Cylinder Engine Gasoline Fuel,Automatic,Green,Black,None reported,Yes,"$47,500",285.0,3.6,V6,5.0
108,108,BMW,Z4 sDrive28i,2014,36812,Gasoline,240.0HP 2.0L 4 Cylinder Engine Gasoline Fuel,Dual Shift,White,Beige,None reported,Yes,"$27,000",240.0,2.0,I4,2.0
109,109,Land,Rover LR4 HSE LUX Landmark Edition,2016,144000,Gasoline,340.0HP 3.0L V6 Cylinder Engine Gasoline Fuel,Automatic,Black,Black,At least 1 accident or damage reported,Yes,"$18,000",340.0,3.0,V6,5.0
110,110,Cadillac,XT4 Sport,2019,44500,Gasoline,237.0HP 2.0L 4 Cylinder Engine Gasoline Fuel,Automatic,Blue,White,None reported,Yes,"$28,900",237.0,2.0,I4,5.0
111,111,BMW,750 750i xDrive,2021,10917,Gasoline,4.4 Liter Twin Turbo,Automatic,Black,Black,None reported,No,"$73,998",523.0,4.4,V8,5.0
112,112,Bentley,Arnage R,2005,8332,Gasoline,400.0HP 6.75L 8 Cylinder Engine Gasoline Fuel,Automatic,White,Beige,None reported,Yes,"$47,350",400.0,6.8,V8,4.0
113,113,Lincoln,Aviator Reserve AWD,2020,51247,Gasoline,3.0 Liter GTDI,Automatic,Magnetic Gray Clearcoat,Roast,None reported,No,"$47,698",400.0,3.0,V6,7.0
114,114,Mercedes-Benz,AMG GL AMG GL 63 4MATIC,2016,69000,Gasoline,550.0HP 5.5L 8 Cylinder Engine Gasoline Fuel,Dual Shift,Black,Brown,None reported,Yes,"$36,500",550.0,5.5,V8,7.0
115,115,RAM,ProMaster 3500 High Roof,2021,147834,Gasoline,3.6L V6 24V MPFI DOHC,Automatic,Bright White Clearcoat,Black,None reported,Yes,"$32,662",280.0,3.6,V6,2.0
116,116,Ford,Utility Police Interceptor Base,2013,105000,E85 Flex Fuel,300.0HP 3.7L V6 Cylinder Engine Flex Fuel Capability,Automatic,White,Black,At least 1 accident or damage reported,Yes,"$6,600",300.0,3.7,V6,5.0
117,117,Audi,A5 2.0T Premium,2011,92203,Gasoline,211.0HP 2.0L 4 Cylinder Engine Gasoline Fuel,Dual Shift,Red,Beige,None reported,Yes,"$9,995",211.0,2.0,I4,5.0
118,118,Nissan,GT-R Premium,2010,15600,Gasoline,485.0HP 3.8L V6 Cylinder Engine Gasoline Fuel,Dual Shift,White,Black,None reported,Yes,"$69,500",485.0,3.8,V6,2.0
119,119,Land,Rover Range Rover Sport 3.0L Supercharged HSE,2018,104700,Gasoline,V6,Automatic,Fuji White,Ivory / Ebony,At least 1 accident or damage reported,No,"$30,775",340.0,3.0,V6,5.0
120,120,Toyota,Corolla LE,2010,72348,Gasoline,132.0HP 1.8L 4 Cylinder Engine Gasoline Fuel,Automatic,Red,Gray,At least 1 accident or damage reported,Yes,"$9,995",132.0,1.8,I4,5.0
121,121,Rivian,R1S Adventure Package,2023,2500,not defined,835.0HP Electric Motor Electric Fuel System,Automatic,Green,White,None reported,Yes,"$94,000",835.0,0.0,Electric,7.0
122,122,Mercedes-Benz,C-Class C300 4MATIC,2022,13177,Gasoline,2.0 Liter Turbo,Automatic,White,Silk Beige/Black,None reported,No,"$44,798",255.0,2.0,I4,5.0
123,123,Porsche,Cayenne E-Hybrid S,2016,96000,Plug-In Hybrid,416.0HP 3.0L V6 Cylinder Engine Plug-In Electric/Gas,Dual Shift,White,Red,At least 1 accident or damage reported,Yes,"$23,000",416.0,3.0,V6,5.0
124,124,Chevrolet,Express 1500 Work Van,2011,93009,E85 Flex Fuel,5.3L V8 16V MPFI OHV Flexible Fuel,Automatic,Summit White,Medium Pewter,None reported,Yes,"$22,495",355.0,5.3,V8,2.0
125,125,INFINITI,Q70h Base,2016,52750,Hybrid,360.0HP 3.5L V6 Cylinder Engine Gas/Electric Hybrid,Automatic,White,Black,At least 1 accident or damage reported,Yes,"$28,998",360.0,3.5,V6,5.0
126,126,Audi,A7 Premium Plus,2020,25361,Hybrid,3.0 Liter Turbo,Automatic,Typhoon Gray,Black,None reported,No,"$49,998",335.0,3.0,V6,5.0
127,127,Audi,Q7 3.0T Premium Plus,2015,98527,Gasoline,280.0HP 3.0L V6 Cylinder Engine Gasoline Fuel,Automatic,Black,Black,not defined,No,"$9,995",280.0,3.0,V6,7.0
128,128,Lucid,Air Pure,2023,1300,not defined,620.0HP Electric Motor Electric Fuel System,Automatic,Black,Gray,not defined,No,"$86,900",620.0,0.0,Electric,5.0
129,129,Chrysler,Pacifica Touring,2017,87305,not defined,–,Automatic,Silver,Black,None reported,Yes,"$9,000",287.0,3.6,V6,7.0
130,130,Audi,TTS 2.0T Premium Plus,2012,72922,Gasoline,265.0HP 2.0L 4 Cylinder Engine Gasoline Fuel,Automatic,White,Black,not defined,No,"$25,999",265.0,2.0,I4,4.0
131,131,BMW,650 Gran Coupe i xDrive,2015,41000,Gasoline,445.0HP 4.4L 8 Cylinder Engine Gasoline Fuel,Automatic,Black,Black,None reported,Yes,"$30,000",445.0,4.4,V8,4.0
132,132,Subaru,Forester Premium,2021,42125,Gasoline,2.5L H4 16V GDI DOHC,Automatic,Crystal Black Silica,Black,None reported,Yes,"$27,899",182.0,2.5,H4,5.0
133,133,Mercedes-Benz,AMG C AMG C 63,2016,62000,Gasoline,469.0HP 4.0L 8 Cylinder Engine Gasoline Fuel,Dual Shift,Black,Black,None reported,Yes,"$40,000",469.0,4.0,V8,4.0
134,134,Land,Rover LR3 HSE,2006,153843,Gasoline,300.0HP 4.4L 8 Cylinder Engine Gasoline Fuel,Automatic,Red,Beige,At least 1 accident or damage reported,Yes,"$9,950",300.0,4.4,V8,7.0
135,135,BMW,X7 xDrive40i,2019,35248,Gasoline,3.0 Liter Twin Turbo,Automatic,Arctic Gray Metallic,Black,None reported,No,"$53,998",335.0,3.0,I6,7.0
136,136,Ford,Transit Connect XLT,2015,194454,Gasoline,169.0HP 2.5L 4 Cylinder Engine Gasoline Fuel,Automatic,White,Black,None reported,Yes,"$9,888",169.0,2.5,I4,5.0
137,137,Lexus,LX 570 Three-Row,2021,21000,Gasoline,383.0HP 5.7L 8 Cylinder Engine Gasoline Fuel,Dual Shift,White,Black,None reported,Yes,"$89,999",383.0,5.7,V8,8.0
138,138,Porsche,911 Carrera S,2013,18494,Gasoline,400.0HP 3.8L Flat 6 Cylinder Engine Gasoline Fuel,Manual,Black,Black,not defined,No,"$86,900",400.0,3.8,Flat 6,2.0
139,139,Dodge,Ram 2500 Laramie Quad Cab,2006,218000,Gasoline,330.0HP 5.7L 8 Cylinder Engine Gasoline Fuel,Automatic,Red,Gray,None reported,Yes,"$12,990",330.0,5.7,V8,5.0
140,140,Nissan,Armada SL,2021,67800,Gasoline,400.0HP 5.6L 8 Cylinder Engine Gasoline Fuel,Automatic,Silver,Black,At least 1 accident or damage reported,Yes,"$36,500",400.0,5.6,V8,8.0
141,141,Porsche,Cayman Base,2014,79000,Gasoline,275.0HP 2.7L Flat 6 Cylinder Engine Gasoline Fuel,Dual Shift,Red,Black,At least 1 accident or damage reported,Yes,"$42,999",275.0,2.7,Flat 6,2.0
142,142,Mercedes-Benz,GLE 450 GLE 450,2022,24906,Hybrid,3.0 Liter Turbo,Automatic,Selenite Grey Metallic,Black,None reported,No,"$63,998",362.0,3.0,I6,5.0
143,143,Chevrolet,Monte Carlo SS,2006,66840,Gasoline,303.0HP 5.3L 8 Cylinder Engine Gasoline Fuel,Automatic,White,Gray,At least 1 accident or damage reported,Yes,"$12,000",303.0,5.3,V8,5.0
144,144,BMW,M5 Base,2013,86000,Gasoline,560.0HP 4.4L 8 Cylinder Engine Gasoline Fuel,Dual Shift,Blue,White,None reported,Yes,"$32,000",560.0,4.4,V8,5.0
145,145,Hyundai,Kona N Base,2023,654,Gasoline,2.0L I4 16V GDI DOHC Turbo,Automatic,Ultra Black,Black,None reported,Yes,"$34,599",276.0,2.0,I4,5.0
146,146,Chevrolet,Monte Carlo SS,2005,75000,Gasoline,240.0HP 3.8L V6 Cylinder Engine Gasoline Fuel,Automatic,Black,Black,None reported,Yes,"$12,500",240.0,3.8,V6,5.0
147,147,Land,Rover Range Rover Evoque Pure,2015,84000,Gasoline,240.0HP 2.0L 4 Cylinder Engine Gasoline Fuel,Automatic,Beige,Black,At least 1 accident or damage reported,Yes,"$22,800",240.0,2.0,I4,5.0
148,148,Audi,S7 4.0T Premium Plus,2017,52500,Gasoline,450.0HP 4.0L 8 Cylinder Engine Gasoline Fuel,Dual Shift,Gray,Gray,None reported,Yes,"$39,999",450.0,4.0,V8,4.0
149,149,GMC,Acadia SLT-1,2011,120000,Gasoline,288.0HP 3.6L V6 Cylinder Engine Gasoline Fuel,Automatic,Silver,Gray,None reported,Yes,"$7,500",288.0,3.6,V6,7.0
150,150,Alfa,Romeo Stelvio Ti Sport,2020,18665,Gasoline,2.0L I4 16V GDI SOHC Turbo,Automatic,Lunare White Metallic,Ice,None reported,Yes,"$35,645",280.0,2.0,I4,5.0
151,151,Ferrari,FF Base,2016,19987,Gasoline,651.0HP 6.3L 12 Cylinder Engine Gasoline Fuel,Automatic,Black,Brown,None reported,Yes,"$149,900",651.0,6.3,V12,4.0
152,152,Kia,K900 5.0L,2017,36486,Gasoline,420.0HP 5.0L 8 Cylinder Engine Gasoline Fuel,Automatic,Black,Beige,At least 1 accident or damage reported,Yes,"$23,950",420.0,5.0,V8,5.0
153,153,Ford,E150 XLT,2013,162100,E85 Flex Fuel,255.0HP 5.4L 8 Cylinder Engine Flex Fuel Capability,Automatic,Black,Gray,None reported,Yes,"$12,500",255.0,5.4,V8,5.0
154,154,Tesla,Model 3 Performance,2022,13079,not defined,455.0HP Electric Motor Electric Fuel System,Automatic,Black,White,None reported,Yes,"$47,000",455.0,0.0,Electric,5.0
155,155,Toyota,4Runner SR5,2022,28377,Gasoline,4.0L V6 24V MPFI DOHC,Automatic,Silver,Gray,None reported,No,"$36,999",270.0,4.0,V6,5.0
156,156,Subaru,Forester Base,2020,32744,Gasoline,182.0HP 2.5L 4 Cylinder Engine Gasoline Fuel,Automatic,Black,Gray,None reported,Yes,"$24,000",182.0,2.5,I4,5.0
157,157,Porsche,Panamera 2,2012,54000,Gasoline,300.0HP 3.6L V6 Cylinder Engine Gasoline Fuel,Automatic,White,–,At least 1 accident or damage reported,Yes,"$26,000",300.0,3.6,V6,4.0
158,158,Toyota,Tacoma PreRunner,2008,202055,Gasoline,236.0HP 4.0L V6 Cylinder Engine Gasoline Fuel,Automatic,Silver,Gray,At least 1 accident or damage reported,Yes,"$8,500",236.0,4.0,V6,5.0
159,159,RAM,2500 Laramie,2019,65000,Diesel,370.0HP 6.7L Straight 6 Cylinder Engine Diesel Fuel,Automatic,Black,Black,None reported,Yes,"$65,000",370.0,6.7,Straight 6,5.0
160,160,Kia,Sportage Nightfall,2022,9686,Gasoline,2.4L I4 16V GDI DOHC,Automatic,Hyper Red,Black,None reported,Yes,"$30,990",181.0,2.4,I4,5.0
161,161,Cadillac,DTS Base,2010,49620,Gasoline,275.0HP 4.6L 8 Cylinder Engine Gasoline Fuel,Automatic,White,Gray,None reported,Yes,"$10,499",275.0,4.6,V8,5.0
162,162,Toyota,Land Cruiser Base,1997,213000,Gasoline,212.0HP 4.5L Straight 6 Cylinder Engine Gasoline Fuel,Automatic,White,Beige,None reported,Yes,"$26,500",212.0,4.5,Straight 6,8.0
163,163,Nissan,GT-R Premium,2020,16010,Gasoline,565.0HP 3.8L V6 Cylinder Engine Gasoline Fuel,Automatic,White,Black,None reported,Yes,"$114,000",565.0,3.8,V6,2.0
164,164,Lexus,NX 350 F SPORT Handling,2023,820,Gasoline,2.4 Liter,Automatic,Black,Black,None reported,No,"$51,998",275.0,2.4,I4,5.0
165,165,Audi,Q7 45 Premium Plus,2021,68000,Gasoline,248.0HP 2.0L 4 Cylinder Engine Gasoline Fuel,Automatic,Blue,Black,None reported,Yes,"$36,499",248.0,2.0,I4,7.0
166,166,Lexus,LX 470 Base,1999,82000,Gasoline,230.0HP 4.7L 8 Cylinder Engine Gasoline Fuel,Automatic,White,Beige,None reported,Yes,"$25,000",230.0,4.7,V8,8.0
167,167,GMC,Terrain SLE,2022,27352,Gasoline,1.5L I4 16V GDI DOHC Turbo,Automatic,Summit White,Jet Black,None reported,No,"$27,785",170.0,1.5,I4,5.0
168,168,Ford,Escape Limited,2012,129000,Gasoline,171.0HP 2.5L 4 Cylinder Engine Gasoline Fuel,Automatic,White,Gray,At least 1 accident or damage reported,Yes,"$7,000",171.0,2.5,I4,5.0
169,169,Lexus,LS 460 L,2014,106731,Gasoline,360.0HP 4.6L 8 Cylinder Engine Gasoline Fuel,Automatic,White,Beige,At least 1 accident or damage reported,Yes,"$30,000",360.0,4.6,V8,5.0
170,170,Ford,Expedition Platinum,2019,34672,Gasoline,400.0HP 3.5L V6 Cylinder Engine Gasoline Fuel,Automatic,White,White,None reported,Yes,"$45,500",400.0,3.5,V6,8.0
171,171,Chevrolet,Malibu LTZ,2010,55900,Gasoline,252.0HP 3.6L V6 Cylinder Engine Gasoline Fuel,Dual Shift,Beige,Beige,None reported,Yes,"$8,950",252.0,3.6,V6,5.0
172,172,Audi,RS 7 4.0T quattro,2023,3158,Gasoline,4.0L V8 32V GDI DOHC Twin Turbo,Automatic,Daytona Gray Pearl Effect,Black / Express Red,None reported,No,"$128,900",591.0,4.0,V8,4.0
173,173,Audi,A5 2.0T Premium Plus,2015,82000,Gasoline,220.0HP 2.0L 4 Cylinder Engine Gasoline Fuel,Automatic,White,Brown,None reported,Yes,"$17,000",220.0,2.0,I4,5.0
174,174,Genesis,G70 2.0T,2023,4785,Gasoline,2.0L I4 16V GDI DOHC Turbo,Automatic,Vik Black,Obsidian Black,None reported,Yes,"$42,850",252.0,2.0,I4,5.0
175,175,Chevrolet,Trailblazer LS,2021,20497,Gasoline,1.3L I3 12V GDI DOHC Turbo,Automatic,Pacific Blue Metallic,Black,None reported,No,"$22,999",155.0,1.3,I3,5.0
176,176,Scion,tC Base,2013,177600,Gasoline,180.0HP 2.5L 4 Cylinder Engine Gasoline Fuel,Automatic,Silver,Black,At least 1 accident or damage reported,Yes,"$7,100",180.0,2.5,I4,4.0
177,177,Lincoln,MKZ Hybrid Base,2014,78568,Hybrid,188.0HP 2.0L 4 Cylinder Engine Gas/Electric Hybrid,Automatic,Blue,Beige,None reported,Yes,"$15,500",188.0,2.0,I4,5.0
178,178,Ford,Transit-350 XL,2018,95000,E85 Flex Fuel,275.0HP 3.7L V6 Cylinder Engine Flex Fuel Capability,Automatic,White,Gray,None reported,Yes,"$43,000",275.0,3.7,V6,12.0
179,179,Porsche,911 GT2 RS,2018,4529,Gasoline,3.8L H6 24V GDI DOHC Twin Turbo,Automatic,Black,Black,None reported,Yes,"$417,500",690.0,3.8,H6,2.0
180,180,Ford,Explorer Timberline,2021,25240,Gasoline,2.3L I4 16V GDI DOHC Turbo,Automatic,Gray,Ebony,At least 1 accident or damage reported,No,"$39,951",300.0,2.3,I4,7.0
181,181,Volvo,XC90 3.2,2011,88300,Gasoline,235.0HP 3.2L Straight 6 Cylinder Engine Gasoline Fuel,Automatic,Blue,Beige,At least 1 accident or damage reported,Yes,"$11,500",235.0,3.2,Straight 6,7.0
182,182,Chevrolet,Avalanche LTZ,2013,98000,E85 Flex Fuel,320.0HP 5.3L 8 Cylinder Engine Flex Fuel Capability,Automatic,Silver,Black,At least 1 accident or damage reported,Yes,"$27,499",320.0,5.3,V8,5.0
183,183,Audi,TT RS 2.5T,2018,20675,Gasoline,400.0HP 2.5L 5 Cylinder Engine Gasoline Fuel,Dual Shift,Gray,Gray,None reported,Yes,"$76,000",400.0,2.5,I5,2.0
184,184,Lincoln,Navigator L,2008,95000,Gasoline,300.0HP 5.4L 8 Cylinder Engine Gasoline Fuel,Automatic,Black,Black,None reported,Yes,"$10,900",300.0,5.4,V8,8.0
185,185,Hyundai,Elantra GLS,2010,107000,Gasoline,138.0HP 2.0L 4 Cylinder Engine Gasoline Fuel,Automatic,Blue,Blue,At least 1 accident or damage reported,Yes,"$6,250",138.0,2.0,I4,5.0
186,186,Audi,SQ5 3.0T Premium Plus,2016,60000,Gasoline,354.0HP 3.0L V6 Cylinder Engine Gasoline Fuel,Dual Shift,Black,Black,At least 1 accident or damage reported,Yes,"$24,700",354.0,3.0,V6,5.0
187,187,Mitsubishi,Lancer Evolution GSR,2012,33000,Gasoline,291.0HP 2.0L 4 Cylinder Engine Gasoline Fuel,Manual,Black,Black,None reported,Yes,"$34,999",291.0,2.0,I4,4.0
188,188,Tesla,Model Y Performance,2023,500,not defined,455.0HP Electric Motor Electric Fuel System,Automatic,Black,White,None reported,Yes,"$60,000",455.0,0.0,Electric,5.0
189,189,Mercedes-Benz,Maybach S S 600,2016,108500,Gasoline,523.0HP 6.0L 12 Cylinder Engine Gasoline Fuel,Automatic,White,Beige,None reported,Yes,"$63,500",523.0,6.0,V12,5.0
190,190,Nissan,GT-R Premium,2017,37800,Gasoline,565.0HP 3.8L V6 Cylinder Engine Gasoline Fuel,Dual Shift,Orange,Orange,None reported,Yes,"$149,500",565.0,3.8,V6,2.0
191,191,Mercedes-Benz,GLS 550 Base 4MATIC,2018,74422,Gasoline,4.7 Liter Twin Turbo,Automatic,Obsidian Black Metallic,Gray,None reported,No,"$44,798",450.0,4.7,V8,7.0
192,192,Chevrolet,Blazer Premier,2019,55621,Gasoline,3.6L V6 24V GDI DOHC,Automatic,Silver Ice Metallic,Jet Black,None reported,No,"$34,562",308.0,3.6,V6,5.0
193,193,Mazda,CX-9 Grand Touring,2021,46707,Gasoline,2.5L I4 16V GDI DOHC Turbo,Automatic,Sonic Silver Metallic,Black,At least 1 accident or damage reported,Yes,"$32,541",250.0,2.5,I4,7.0
194,194,Ford,Expedition Max Limited,2022,26500,Gasoline,440.0HP 3.5L V6 Cylinder Engine Gasoline Fuel,Automatic,White,Beige,None reported,Yes,"$65,900",440.0,3.5,V6,8.0
195,195,Nissan,Titan XD SV,2020,10001,Gasoline,5.6L V8 32V GDI DOHC,Automatic,Black,Black,None reported,Yes,"$47,214",400.0,5.6,V8,5.0
196,196,Lexus,LX 570 Three-Row,2019,19050,Gasoline,383.0HP 5.7L 8 Cylinder Engine Gasoline Fuel,Automatic,Black,Beige,None reported,Yes,"$76,900",383.0,5.7,V8,8.0
197,197,Chevrolet,Traverse Premier,2020,52000,Gasoline,310.0HP 3.6L V6 Cylinder Engine Gasoline Fuel,Automatic,White,Black,None reported,Yes,"$35,800",310.0,3.6,V6,7.0
198,198,Mercedes-Benz,Sprinter High Roof,2014,65000,Diesel,188.0HP 3.0L V6 Cylinder Engine Diesel Fuel,Automatic,Black,Black,At least 1 accident or damage reported,Yes,"$54,999",188.0,3.0,V6,5.0
199,199,BMW,X5 3.0i,2004,140000,Gasoline,225.0HP 3.0L Straight 6 Cylinder Engine Gasoline Fuel,Dual Shift,Black,Beige,None reported,Yes,"$6,730",225.0,3.0,I6,5.0
200,200,Ford,Fusion SE,2018,75600,Gasoline,181.0HP 1.5L 4 Cylinder Engine Gasoline Fuel,Automatic,Blue,Black,At least 1 accident or damage reported,Yes,"$14,950",181.0,1.5,I4,5.0
201,201,Lincoln,MKZ Base,2015,117292,Gasoline,240.0HP 2.0L 4 Cylinder Engine Gasoline Fuel,Automatic,Beige,Beige,None reported,Yes,"$12,000",240.0,2.0,I4,5.0
202,202,Ford,GT,2005,1897,Gasoline,5.4 Liter SC DOHC,Manual,White,–,None reported,No,"$429,998",500.0,5.4,V8,2.0
203,203,Genesis,G90 5.0 Ultimate,2017,26000,Gasoline,420.0HP 5.0L 8 Cylinder Engine Gasoline Fuel,Dual Shift,White,Beige,None reported,Yes,"$33,600",420.0,5.0,V8,5.0
204,204,Lexus,LC 500 Base,2022,2071,Gasoline,5.0L V8 32V PDI DOHC,Automatic,Nightfall Mica,Caramel,None reported,No,"$99,950",471.0,5.0,V8,2.0
205,205,Ford,Shelby GT500 Base,2014,15629,Gasoline,5.8L V8 32V MPFI DOHC Supercharged,Manual,Black,Black,None reported,No,"$61,900",662.0,5.8,V8,2.0
206,206,Saturn,Sky Base,2008,15020,Gasoline,173.0HP 2.4L 4 Cylinder Engine Gasoline Fuel,Automatic,Silver,Red,None reported,Yes,"$18,500",173.0,2.4,I4,2.0
207,207,Audi,RS Q8 4.0T quattro,2022,11322,Gasoline,4.0L V8 32V GDI DOHC Twin Turbo,Automatic,Daytona Gray Pearl Effect,Black / Express Red,None reported,No,"$119,900",591.0,4.0,V8,5.0
208,208,Toyota,Land Cruiser,2016,50361,Gasoline,5.7 Liter,Automatic,Silver,Black,None reported,No,"$65,998",383.0,5.7,V8,8.0
209,209,Mercedes-Benz,SL-Class SL 550,2013,115000,Gasoline,429.0HP 4.6L 8 Cylinder Engine Gasoline Fuel,Dual Shift,Black,Black,At least 1 accident or damage reported,Yes,"$36,000",429.0,4.6,V8,2.0
210,210,Porsche,911 Carrera C2S,2005,28500,Gasoline,355.0HP 3.8L Flat 6 Cylinder Engine Gasoline Fuel,Manual,Silver,Black,None reported,Yes,"$63,500",355.0,3.8,Flat 6,2.0
211,211,Mercedes-Benz,AMG GLA 45 Base 4MATIC,2018,51700,Gasoline,375.0HP 2.0L 4 Cylinder Engine Gasoline Fuel,Dual Shift,White,Black,None reported,Yes,"$32,000",375.0,2.0,I4,5.0
212,212,Ford,Taurus X Limited,2008,148949,Gasoline,263.0HP 3.5L V6 Cylinder Engine Gasoline Fuel,Automatic,Blue,Beige,None reported,Yes,"$3,900",263.0,3.5,V6,7.0
213,213,BMW,440 Gran Coupe i,2018,39300,Gasoline,320.0HP 3.0L Straight 6 Cylinder Engine Gasoline Fuel,Automatic,White,Beige,At least 1 accident or damage reported,Yes,"$31,750",320.0,3.0,I6,4.0
214,214,Honda,S2000 CR,2008,82323,Gasoline,237.0HP 2.2L 4 Cylinder Engine Gasoline Fuel,Manual,Black,Black,None reported,Yes,"$28,500",237.0,2.2,I4,2.0
215,215,Ford,Excursion Limited,2001,109357,Gasoline,310.0HP 6.8L 10 Cylinder Engine Gasoline Fuel,Automatic,Green,Beige,None reported,Yes,"$12,749",310.0,6.8,V10,8.0
216,216,Mercedes-Benz,SL-Class SL500 Roadster,2004,46000,Gasoline,302.0HP 5.0L 8 Cylinder Engine Gasoline Fuel,Automatic,White,Gray,None reported,Yes,"$18,853",302.0,5.0,V8,2.0
217,217,Mercedes-Benz,CLS-Class CLS 550,2007,123112,Gasoline,382.0HP 5.5L 8 Cylinder Engine Gasoline Fuel,Automatic,Silver,Black,At least 1 accident or damage reported,Yes,"$104,999",382.0,5.5,V8,5.0
218,218,INFINITI,G35 Sport,2007,37100,Gasoline,306.0HP 3.5L V6 Cylinder Engine Gasoline Fuel,Manual,Gray,Black,None reported,Yes,"$16,900",306.0,3.5,V6,5.0
219,219,Volkswagen,Golf GTI 2.0T S 4-Door,2016,89000,Gasoline,210.0HP 2.0L 4 Cylinder Engine Gasoline Fuel,Manual,Silver,Black,None reported,Yes,"$14,500",210.0,2.0,I4,5.0
220,220,Dodge,Challenger R/T Scat Pack,2022,1240,Gasoline,6.4L V8 16V MPFI OHV,Automatic,Go Mango!,Black,None reported,No,"$53,900",485.0,6.4,V8,4.0
221,221,Lincoln,Navigator L Reserve,2019,67073,Gasoline,450.0HP 3.5L V6 Cylinder Engine Gasoline Fuel,Automatic,Black,Black,At least 1 accident or damage reported,Yes,"$47,999",450.0,3.5,V6,8.0
222,222,Maserati,Ghibli S Q4,2015,28700,Gasoline,404.0HP 3.0L V6 Cylinder Engine Gasoline Fuel,Automatic,White,Red,not defined,No,"$24,900",404.0,3.0,V6,5.0
223,223,Tesla,Model X Base,2023,8200,not defined,670.0HP Electric Motor Electric Fuel System,Automatic,Black,Black,None reported,Yes,"$93,999",670.0,0.0,Electric,7.0
224,224,Mercedes-Benz,AMG G 63 Base,2018,41000,Gasoline,563.0HP 5.5L 8 Cylinder Engine Gasoline Fuel,Dual Shift,Gray,Black,None reported,Yes,"$108,900",563.0,5.5,V8,5.0
225,225,Ford,Expedition Limited,2018,98995,Gasoline,3.5 Liter GTDI,Automatic,Ingot Silver Metallic,Ebony,None reported,No,"$34,998",400.0,3.5,V6,8.0
226,226,Volkswagen,Routan SE,2012,123815,Gasoline,283.0HP 3.6L V6 Cylinder Engine Gasoline Fuel,Automatic,Black,Gray,None reported,Yes,"$5,000",283.0,3.6,V6,7.0
227,227,Bugatti,Veyron 16.4 Grand Sport,2011,6330,Gasoline,8.0L W16 64V GDI DOHC Twin Turbo,Automatic,White,White,None reported,Yes,"$1,950,995",1200.0,8.0,W16,2.0
228,228,Toyota,Highlander XLE,2020,61341,Gasoline,3.5L V6 24V PDI DOHC,Automatic,Midnight Black Metallic,Black,At least 1 accident or damage reported,No,"$34,084",295.0,3.5,V6,7.0
229,229,Honda,Civic LX,2016,96473,Gasoline,2.0L I4 16V MPFI DOHC,Automatic,Black,Black,None reported,No,"$15,599",158.0,2.0,I4,5.0
230,230,Jeep,Wrangler Unlimited Sahara,2017,66107,Gasoline,3.6L V6 24V MPFI DOHC,Automatic,Black Clearcoat,Black,None reported,No,"$31,331",285.0,3.6,V6,5.0
231,231,Land,Rover Range Rover Supercharged,2008,114287,Gasoline,400.0HP 4.2L 8 Cylinder Engine Gasoline Fuel,Automatic,Black,Black,None reported,Yes,"$9,900",400.0,4.2,V8,5.0
232,232,Acura,ILX 2.0L w/Premium Package,2015,75000,Gasoline,150.0HP 2.0L 4 Cylinder Engine Gasoline Fuel,Automatic,Gold,Beige,None reported,Yes,"$14,500",150.0,2.0,I4,5.0
233,233,BMW,M6 Base,2016,45800,Gasoline,560.0HP 4.4L 8 Cylinder Engine Gasoline Fuel,Automatic,Gold,Black,not defined,No,"$36,800",560.0,4.4,V8,4.0
234,234,Polestar,2 Launch Edition,2021,12172,not defined,Electric,Automatic,Thunder Gray,Charcoal,None reported,No,"$35,999",408.0,0.0,Electric,5.0
235,235,BMW,X6 sDrive35i,2016,70582,Gasoline,300.0HP 3.0L Straight 6 Cylinder Engine Gasoline Fuel,Automatic,Black,White,At least 1 accident or damage reported,Yes,"$35,000",300.0,3.0,I6,5.0
236,236,Porsche,Cayman S,2014,33088,Gasoline,325.0HP 3.4L Flat 6 Cylinder Engine Gasoline Fuel,Automatic,Black,Black,None reported,Yes,"$49,750",325.0,3.4,Flat 6,2.0
237,237,Lincoln,Corsair Grand Touring,2021,1850,Plug-In Hybrid,266.0HP 2.5L 4 Cylinder Engine Plug-In Electric/Gas,Automatic,Silver,Beige,None reported,Yes,"$49,000",266.0,2.5,I4,5.0
238,238,Cadillac,DTS Luxury II,2008,94155,Gasoline,275.0HP 4.6L 8 Cylinder Engine Gasoline Fuel,Automatic,White,Beige,None reported,Yes,"$10,500",275.0,4.6,V8,5.0
239,239,Cadillac,ATS 3.6L Luxury,2016,25000,Gasoline,335.0HP 3.6L V6 Cylinder Engine Gasoline Fuel,Automatic,Red,Beige,None reported,Yes,"$17,999",335.0,3.6,V6,5.0
240,240,GMC,Sierra 1500 SLT,2016,99500,Gasoline,355.0HP 5.3L 8 Cylinder Engine Gasoline Fuel,Automatic,Gray,Black,None reported,Yes,"$27,995",355.0,5.3,V8,5.0
241,241,INFINITI,G37 x,2009,158564,Gasoline,328.0HP 3.7L V6 Cylinder Engine Gasoline Fuel,Automatic,Blue,Beige,None reported,Yes,"$8,750",328.0,3.7,V6,5.0
242,242,Ford,Transit-350 XLT,2023,20000,Gasoline,310.0HP 3.5L V6 Cylinder Engine Gasoline Fuel,Automatic,Black,Black,None reported,Yes,"$78,499",310.0,3.5,V6,12.0
243,243,Cadillac,XTS Luxury,2018,46711,Gasoline,304.0HP 3.6L V6 Cylinder Engine Gasoline Fuel,Automatic,Silver,Black,At least 1 accident or damage reported,Yes,"$20,850",304.0,3.6,V6,5.0
244,244,Nissan,NV Passenger NV3500 HD SL V8,2017,46496,Gasoline,375.0HP 5.6L 8 Cylinder Engine Gasoline Fuel,Automatic,Black,Gray,None reported,Yes,"$41,000",375.0,5.6,V8,12.0
245,245,Mercedes-Benz,GLS 450 Base 4MATIC,2019,19800,Gasoline,362.0HP 3.0L V6 Cylinder Engine Gasoline Fuel,Automatic,Silver,Black,None reported,Yes,"$53,800",362.0,3.0,V6,7.0
246,246,Toyota,Land Cruiser Base,2008,175000,Gasoline,381.0HP 5.7L 8 Cylinder Engine Gasoline Fuel,Automatic,Black,Beige,At least 1 accident or damage reported,Yes,"$37,900",381.0,5.7,Straight 6,8.0
247,247,Toyota,Land Cruiser Base,2016,61500,Gasoline,381.0HP 5.7L 8 Cylinder Engine Gasoline Fuel,Automatic,White,Black,None reported,Yes,"$63,500",381.0,5.7,Straight 6,8.0
248,248,RAM,ProMaster 2500 Window Van High Roof,2016,49750,Gasoline,280.0HP 3.6L V6 Cylinder Engine Gasoline Fuel,Automatic,Black,Gray,None reported,Yes,"$65,000",280.0,3.6,V6,12.0
249,249,Lamborghini,Gallardo Base,2007,38800,Gasoline,493.0HP 5.0L 10 Cylinder Engine Gasoline Fuel,Dual Shift,Orange,Orange,None reported,Yes,"$100,000",493.0,5.0,V10,2.0
250,250,Lincoln,MKZ Base,2011,83765,Gasoline,263.0HP 3.5L V6 Cylinder Engine Gasoline Fuel,Automatic,Black,Black,None reported,Yes,"$8,995",263.0,3.5,V6,5.0
251,251,Mercedes-Benz,EQS 450 4MATIC,2023,7388,not defined,355.0HP Electric Motor Electric Fuel System,Automatic,Gray,Beige,None reported,Yes,"$105,500",355.0,0.0,Electric,5.0
252,252,Lamborghini,Huracan Tecnica Coupe,2023,278,Gasoline,"5.2L V-10 gasoline direct injection, DOHC, variable valve contro",Automatic,Bianco Monocerus,Nero Ade,None reported,No,"$359,991",631.0,5.2,V10,2.0
253,253,Alfa,Romeo Giulia Quadrifoglio,2022,1966,Gasoline,2.9L V6 24V GDI DOHC Twin Turbo,Automatic,Verde,Black,None reported,No,"$75,900",505.0,2.9,V6,5.0
254,254,Chevrolet,Trailblazer LT,2021,50648,Gasoline,1.2L I3 12V GDI DOHC Turbo,Automatic,Pacific Blue Metallic,Jet Black,None reported,No,"$23,995",137.0,1.2,I3,5.0
255,255,Toyota,Land Cruiser Base,1993,231500,not defined,–,Automatic,White,Gray,None reported,Yes,"$29,500",212.0,4.5,Straight 6,8.0
256,256,Lamborghini,Urus Base,2021,13692,Gasoline,641.0HP 4.0L 8 Cylinder Engine Gasoline Fuel,Automatic,Black,Red,None reported,Yes,"$257,000",641.0,4.0,V8,5.0
257,257,INFINITI,G37 x,2013,60058,Gasoline,328.0HP 3.7L V6 Cylinder Engine Gasoline Fuel,Automatic,White,Beige,At least 1 accident or damage reported,Yes,"$15,000",328.0,3.7,V6,5.0
258,258,Maserati,Levante S,2017,54423,Gasoline,424.0HP 3.0L V6 Cylinder Engine Gasoline Fuel,Automatic,Black,Black,None reported,Yes,"$33,950",424.0,3.0,V6,5.0
259,259,Toyota,Highlander Limited,2022,24001,Gasoline,3.5L V6 24V PDI DOHC,Automatic,Wind Chill Pearl,Graphite,None reported,No,"$47,498",295.0,3.5,V6,7.0
260,260,Nissan,Armada SL,2022,14735,Gasoline,5.6 Liter,Automatic,White,Black,None reported,No,"$50,998",400.0,5.6,V8,8.0
261,261,Audi,Q5 Premium,2023,2425,Hybrid,2.0 Liter TFSI,Automatic,Mythos Black,–,None reported,No,"$42,998",248.0,2.0,I4,5.0
262,262,Ford,Shelby GT500 Base,2022,2050,Gasoline,760.0HP 5.2L 8 Cylinder Engine Gasoline Fuel,Dual Shift,Gray,Black,None reported,Yes,"$94,999",760.0,5.2,V8,2.0
263,263,Lincoln,Navigator L Reserve,2019,64855,Gasoline,450.0HP 3.5L V6 Cylinder Engine Gasoline Fuel,Automatic,Silver,Beige,None reported,Yes,"$46,995",450.0,3.5,V6,8.0
264,264,Mercedes-Benz,EQS 450+ Base,2022,16238,not defined,329.0HP Electric Motor Electric Fuel System,Automatic,White,Beige,None reported,Yes,"$62,479",329.0,0.0,Electric,5.0
265,265,RAM,1500 Laramie,2022,18051,Gasoline,5.7L V8 16V MPFI OHV,Automatic,Patriot Blue Pearlcoat,Black,None reported,Yes,"$47,995",395.0,5.7,V8,5.0
266,266,Lincoln,Town Car Base,2004,36524,Gasoline,239.0HP 4.6L 8 Cylinder Engine Gasoline Fuel,Automatic,Black,Black,None reported,Yes,"$14,900",239.0,4.6,V8,5.0
267,267,Toyota,Camry Hybrid LE,2022,14048,Hybrid,2.5L I4 16V PDI DOHC Hybrid,Automatic,Black,Black,None reported,No,"$29,999",208.0,2.5,I4,5.0
268,268,Honda,CR-V EX,2003,224000,Gasoline,160.0HP 2.4L 4 Cylinder Engine Gasoline Fuel,Manual,Black,Gray,None reported,Yes,"$3,900",160.0,2.4,I4,5.0
269,269,Mercedes-Benz,E-Class E 550,2014,80581,Gasoline,402.0HP 4.7L 8 Cylinder Engine Gasoline Fuel,Dual Shift,Gray,Beige,None reported,Yes,"$26,000",402.0,4.7,V8,5.0
270,270,Mazda,MX-5 Miata Grand Touring,2007,81400,Gasoline,166.0HP 2.0L 4 Cylinder Engine Gasoline Fuel,Manual,Red,–,At least 1 accident or damage reported,Yes,"$11,000",166.0,2.0,I4,2.0
271,271,Porsche,718 Boxster Base,2019,6700,Gasoline,300.0HP 2.0L 4 Cylinder Engine Gasoline Fuel,Automatic,Gray,Black,None reported,Yes,"$63,000",300.0,2.0,I4,2.0
272,272,Ford,Transit-350 XLT,2015,143000,Gasoline,275.0HP 3.7L V6 Cylinder Engine Gasoline Fuel,Automatic,Silver,Gray,None reported,Yes,"$22,500",275.0,3.7,V6,12.0
273,273,Kia,Sportage SX Turbo,2017,87842,Gasoline,2.0L I4 16V GDI DOHC Turbo,Automatic,Black Cherry,Black,None reported,Yes,"$18,688",240.0,2.0,I4,5.0
274,274,INFINITI,G37 S Sport,2010,116451,Gasoline,328.0HP 3.7L V6 Cylinder Engine Gasoline Fuel,Manual,White,Gray,None reported,Yes,"$16,500",328.0,3.7,V6,5.0
275,275,Nissan,Titan XD S,2019,53677,Gasoline,390.0HP 5.6L 8 Cylinder Engine Gasoline Fuel,Automatic,Red,Gray,None reported,Yes,"$27,900",390.0,5.6,V8,5.0
276,276,Audi,S7 2.9T Prestige,2021,12000,Hybrid,444.0HP 2.9L V6 Cylinder Engine Gasoline/Mild Electric Hybrid,Automatic,Gray,Black,None reported,Yes,"$77,500",444.0,2.9,V6,4.0
277,277,Land,Rover Discovery HSE,2019,20034,Gasoline,3.0 Liter,Automatic,Yulong White,Tan/Ebony,None reported,No,"$43,998",355.0,3.0,V6,7.0
278,278,Ford,Transit-350 XLT,2020,32000,Diesel,210.0HP 2.0L 4 Cylinder Engine Diesel Fuel,Automatic,Black,Black,None reported,Yes,"$68,000",210.0,2.0,I4,12.0
279,279,INFINITI,Q70 3.7,2014,70312,Gasoline,330.0HP 3.7L V6 Cylinder Engine Gasoline Fuel,Automatic,Black,Black,None reported,Yes,"$19,995",330.0,3.7,V6,5.0
280,280,Jeep,Gladiator Rubicon,2022,8794,Gasoline,285.0HP 3.6L V6 Cylinder Engine Gasoline Fuel,Automatic,White,Black,None reported,Yes,"$54,000",285.0,3.6,V6,5.0
281,281,Lincoln,MKX Base,2010,156000,Gasoline,265.0HP 3.5L V6 Cylinder Engine Gasoline Fuel,Automatic,Black,Black,At least 1 accident or damage reported,Yes,"$5,900",265.0,3.5,V6,5.0
282,282,Porsche,911 Carrera 4S,2020,25568,Gasoline,3.0L H6 24V GDI DOHC Twin Turbo,Manual,Red,Black,None reported,Yes,"$134,999",443.0,3.0,H6,4.0
283,283,Mercedes-Benz,AMG C 43 Base 4MATIC,2018,67100,Gasoline,362.0HP 3.0L V6 Cylinder Engine Gasoline Fuel,Dual Shift,Gray,Black,At least 1 accident or damage reported,Yes,"$34,250",362.0,3.0,V6,5.0
284,284,Porsche,Cayman Base,2014,52000,Gasoline,275.0HP 2.7L Flat 6 Cylinder Engine Gasoline Fuel,Dual Shift,Blue,Beige,At least 1 accident or damage reported,Yes,"$37,000",275.0,2.7,Flat 6,2.0
285,285,Acura,MDX 3.7L Advance,2011,137200,Gasoline,300.0HP 3.7L V6 Cylinder Engine Gasoline Fuel,Dual Shift,White,Gray,None reported,Yes,"$12,000",300.0,3.7,V6,7.0
286,286,Volkswagen,Golf R 4-Door w/DCC & Navigation,2018,36000,Gasoline,292.0HP 2.0L 4 Cylinder Engine Gasoline Fuel,Automatic,White,Black,At least 1 accident or damage reported,Yes,"$32,000",292.0,2.0,I4,5.0
287,287,Kia,Forte GT-Line,2023,15500,Gasoline,147.0HP 2.0L 4 Cylinder Engine Gasoline Fuel,Automatic,White,Black,At least 1 accident or damage reported,Yes,"$24,500",147.0,2.0,I4,5.0
288,288,BMW,M8 Competition,2020,10906,Gasoline,4.4 Liter Twin Turbo,Automatic,Donington Grey Metallic,Black,None reported,No,"$96,998",617.0,4.4,V8,4.0
289,289,Lincoln,MKC Select,2019,49814,Gasoline,2.0L I4 16V GDI DOHC Turbo,Automatic,Ruby Red Metallic Tinted Clearcoat,Cappuccino,None reported,No,"$26,545",245.0,2.0,I4,5.0
290,290,BMW,i8 Base,2015,846,Plug-In Hybrid,357.0HP 1.5L 3 Cylinder Engine Plug-In Electric/Gas,Automatic,White,White,None reported,Yes,"$86,999",357.0,1.5,I3,4.0
291,291,Toyota,Highlander XLE,2021,67039,Gasoline,3.5L V6 24V PDI DOHC,Automatic,Blue,Black,None reported,No,"$34,645",295.0,3.5,V6,7.0
292,292,Mazda,CX-30 Premium Package,2023,2636,Gasoline,2.5L I4 16V,Automatic,Platinum Quartz Metallic,Black,None reported,No,"$28,535",186.0,2.5,I4,5.0
293,293,Porsche,Cayenne Platinum Edition,2018,50166,Gasoline,3.6L V6 24V GDI DOHC,Automatic,White,Black,At least 1 accident or damage reported,Yes,"$43,550",300.0,3.6,V6,5.0
294,294,Lincoln,MKZ Reserve,2017,37375,Gasoline,400.0HP 3.0L V6 Cylinder Engine Gasoline Fuel,Automatic,Blue,Brown,None reported,Yes,"$27,500",400.0,3.0,V6,5.0
295,295,Tesla,Model 3 Standard Range Plus,2021,21600,not defined,271.0HP Electric Motor Electric Fuel System,Automatic,White,Black,None reported,Yes,"$31,000",271.0,0.0,Electric,5.0
296,296,Porsche,718 Cayman S,2019,9500,Gasoline,350.0HP 2.5L 4 Cylinder Engine Gasoline Fuel,Automatic,Red,Black,At least 1 accident or damage reported,Yes,"$69,000",350.0,2.5,I4,2.0
297,297,Chevrolet,Corvette Base,2005,143095,Gasoline,400.0HP 6.0L 8 Cylinder Engine Gasoline Fuel,Automatic,Red,Black,None reported,Yes,"$16,000",400.0,6.0,V8,2.0
298,298,Acura,RSX Type S,2002,80000,Gasoline,200.0HP 2.0L 4 Cylinder Engine Gasoline Fuel,Manual,Beige,Beige,At least 1 accident or damage reported,Yes,"$8,500",200.0,2.0,I4,5.0
299,299,Ferrari,Roma Base,2021,3000,Gasoline,611.0HP 3.9L 8 Cylinder Engine Gasoline Fuel,Automatic,Blue,Brown,None reported,Yes,"$275,000",611.0,3.9,V8,2.0
300,300,Porsche,Cayman S,2007,5856,Gasoline,295.0HP 3.4L Flat 6 Cylinder Engine Gasoline Fuel,Manual,Black,Black,None reported,Yes,"$45,000",295.0,3.4,Flat 6,2.0
301,301,Rolls-Royce,Phantom Drophead Coupe Drophead,2013,2958,Gasoline,6.8L V12 48V GDI DOHC,Automatic,Yellow,–,None reported,Yes,"$488,880",453.0,6.8,V12,4.0
302,302,Audi,SQ7 4.0T,2022,28927,Gasoline,4.0L V8 32V GDI DOHC Twin Turbo,Automatic,Matador Red Metallic,Black,None reported,No,"$74,900",500.0,4.0,V8,7.0
303,303,Mercedes-Benz,AMG GLS 63 4MATIC,2022,4102,Hybrid,603.0HP 4.0L 8 Cylinder Engine Gasoline/Mild Electric Hybrid,Automatic,Black,Black,None reported,Yes,"$144,664",603.0,4.0,V8,7.0
304,304,Honda,Ridgeline RTL-E,2021,14442,Gasoline,280.0HP 3.5L V6 Cylinder Engine Gasoline Fuel,Automatic,White,Beige,None reported,Yes,"$38,500",280.0,3.5,V6,5.0
305,305,Mercedes-Benz,CLK-Class 500 Cabriolet,2005,64000,Gasoline,302.0HP 5.0L 8 Cylinder Engine Gasoline Fuel,Automatic,Silver,Black,None reported,Yes,"$12,995",302.0,5.0,V8,4.0
306,306,Lexus,GX 470 Base,2004,154000,Gasoline,235.0HP 4.7L 8 Cylinder Engine Gasoline Fuel,Automatic,White,Beige,At least 1 accident or damage reported,Yes,"$10,000",235.0,4.7,V8,7.0
307,307,Lexus,NX 200t Base,2015,54000,Gasoline,235.0HP 2.0L 4 Cylinder Engine Gasoline Fuel,Automatic,White,Black,None reported,Yes,"$27,000",235.0,2.0,I4,5.0
308,308,Dodge,Dakota SLT Quad Cab,2007,232492,Gasoline,210.0HP 3.7L V6 Cylinder Engine Gasoline Fuel,Automatic,Silver,Gray,At least 1 accident or damage reported,Yes,"$6,000",210.0,3.7,V6,5.0
309,309,Maserati,Ghibli S Q4 GranSport,2020,25721,Gasoline,3.0L V6 24V GDI DOHC Twin Turbo,Automatic,Blu,Nero,None reported,Yes,"$52,645",424.0,3.0,V6,5.0
310,310,Land,Rover Discovery Sport SE R-Dynamic,2020,20927,Gasoline,2.0 Liter,Automatic,Fuji White,–,None reported,No,"$35,998",246.0,2.0,I4,5.0
311,311,Aston,Martin DBX Base,2021,2353,Gasoline,4.0L V8 32V GDI DOHC Twin Turbo,Automatic,Green,Sahara Tan,None reported,Yes,"$159,500",542.0,4.0,V8,5.0
312,312,Audi,Q3 45 S line Premium,2022,9325,Gasoline,2.0L I4 16V GDI DOHC Turbo,Automatic,Mythos Black Metallic,Black,None reported,No,"$33,610",228.0,2.0,I4,5.0
313,313,Ford,Explorer XLT,2020,61001,Gasoline,2.3L I4 16V GDI DOHC Turbo,Automatic,Gray,Ebony,At least 1 accident or damage reported,Yes,"$28,616",300.0,2.3,I4,7.0
314,314,Mercedes-Benz,AMG GLC 63 Base 4MATIC,2018,71962,Gasoline,469.0HP 4.0L 8 Cylinder Engine Gasoline Fuel,Automatic,White,Black,None reported,Yes,"$46,900",469.0,4.0,V8,5.0
315,315,Subaru,BRZ Premium,2023,5800,Gasoline,228.0HP 2.4L 4 Cylinder Engine Gasoline Fuel,Manual,Black,Black,None reported,Yes,"$29,990",228.0,2.4,I4,2.0
316,316,BMW,640 i,2016,40080,Gasoline,315.0HP 3.0L Straight 6 Cylinder Engine Gasoline Fuel,Automatic,Black,Black,None reported,Yes,"$28,499",315.0,3.0,Straight 6,5.0
317,317,Kia,Stinger GT2,2020,57000,Gasoline,365.0HP 3.3L V6 Cylinder Engine Gasoline Fuel,Automatic,Black,Red,At least 1 accident or damage reported,Yes,"$36,500",365.0,3.3,V6,5.0
318,318,Chevrolet,Bolt EUV Premier,2022,7624,not defined,Electric,Automatic,Mosaic Black Metallic,Jet Black,None reported,Yes,"$31,985",200.0,0.0,Electric,5.0
319,319,Subaru,Forester 2.5 XT,2004,122000,Gasoline,210.0HP 2.5L 4 Cylinder Engine Gasoline Fuel,Manual,Gold,Black,At least 1 accident or damage reported,Yes,"$9,999",210.0,2.5,I4,5.0
320,320,Kia,Sportage X-Pro,2023,459,Gasoline,2.5L I4 16V PDI DOHC,Automatic,Jungle Green,Black,None reported,No,"$36,998",187.0,2.5,I4,5.0
321,321,BMW,M4 Base,2016,62500,Gasoline,425.0HP 3.0L Straight 6 Cylinder Engine Gasoline Fuel,Automatic,Black,Orange,At least 1 accident or damage reported,Yes,"$40,500",425.0,3.0,I6,2.0
322,322,Hyundai,Equus Signature,2013,72000,Gasoline,429.0HP 5.0L 8 Cylinder Engine Gasoline Fuel,Automatic,Silver,Black,None reported,Yes,"$17,500",429.0,5.0,V8,5.0
323,323,Mercedes-Benz,AMG E 53 4MATIC,2020,8375,Gasoline,"AMG 3L I-6 gasoline direct injection, DOHC, variable valve contr",Automatic,BLACK,BLACK,None reported,No,"$69,900",429.0,3.0,I6,5.0
324,324,BMW,M550 i xDrive,2020,40000,Gasoline,523.0HP 4.4L 8 Cylinder Engine Gasoline Fuel,Dual Shift,Blue,Black,None reported,Yes,"$53,000",523.0,4.4,V8,5.0
325,325,Subaru,Impreza WRX STI,2014,77000,Gasoline,305.0HP 2.5L 4 Cylinder Engine Gasoline Fuel,Manual,Gray,Black,At least 1 accident or damage reported,Yes,"$30,000",305.0,2.5,I4,5.0
326,326,Mercedes-Benz,AMG G 63 Base,2019,19593,Gasoline,4.0 Liter Twin Turbo,Automatic,Black,Black,None reported,No,"$159,998",563.0,4.0,V8,5.0
327,327,Mazda,Mazda6 Grand Touring,2020,35902,Gasoline,2.5L I4 16V GDI DOHC Turbo,Automatic,Deep Crystal Blue Mica,Black,None reported,No,"$22,966",250.0,2.5,I4,5.0
328,328,Hyundai,Veloster Base,2013,800,Gasoline,132.0HP 1.6L 4 Cylinder Engine Gasoline Fuel,Dual Shift,Black,Gray,None reported,Yes,"$9,800",132.0,1.6,I4,4.0
329,329,Bentley,Bentayga S,2023,2600,Gasoline,4.0L V8 32V GDI DOHC Twin Turbo,Automatic,Beluga Black,Hotspur,None reported,Yes,"$239,995",542.0,4.0,V8,5.0
330,330,Land,Rover Defender X-Dynamic SE,2023,6204,Hybrid,3.0 Liter,Automatic,Eiger Grey,–,None reported,No,"$79,998",395.0,3.0,I6,5.0
331,331,Kia,Telluride SX,2020,69185,Gasoline,3.8L V6 24V GDI DOHC,Automatic,Ebony Black,Gray,None reported,No,"$37,405",291.0,3.8,V6,7.0
332,332,Maserati,GranTurismo Sport,2015,45000,Gasoline,454.0HP 4.7L 8 Cylinder Engine Gasoline Fuel,Automatic,Black,Black,None reported,Yes,"$41,900",454.0,4.7,V8,2.0
333,333,BMW,540 i xDrive,2020,37426,Gasoline,2.0 Liter Turbo,Automatic,White,Black,None reported,No,"$39,998",248.0,2.0,I4,5.0
334,334,INFINITI,M56 Base,2011,137000,Gasoline,420.0HP 5.6L 8 Cylinder Engine Gasoline Fuel,Dual Shift,Gray,Brown,At least 1 accident or damage reported,Yes,"$8,500",420.0,5.6,V8,5.0
335,335,Mazda,Mazda3 s Grand Touring,2016,85000,not defined,–,Automatic,Black,Black,At least 1 accident or damage reported,Yes,"$18,500",184.0,2.5,I4,5.0
336,336,Chevrolet,Corvette Stingray w/1LT,2023,4000,Gasoline,490.0HP 6.2L 8 Cylinder Engine Gasoline Fuel,Automatic,Black,Red,At least 1 accident or damage reported,Yes,"$73,900",490.0,6.2,V8,2.0
337,337,Audi,Q5 S line Premium Plus,2023,4648,Hybrid,2.0 Liter TFSI,Automatic,Mythos Black,Black,None reported,No,"$47,598",248.0,2.0,I4,5.0
338,338,Lexus,GX 460 Base,2018,52100,Gasoline,301.0HP 4.6L 8 Cylinder Engine Gasoline Fuel,Automatic,White,Beige,None reported,Yes,"$38,000",301.0,4.6,V8,5.0
339,339,BMW,X1 sDrive28i,2014,50100,Gasoline,240.0HP 2.0L 4 Cylinder Engine Gasoline Fuel,Automatic,Brown,Beige,None reported,Yes,"$10,795",240.0,2.0,I4,5.0
340,340,Alfa,Romeo Stelvio Ti,2020,41000,Gasoline,280.0HP 2.0L 4 Cylinder Engine Gasoline Fuel,Automatic,White,Black,None reported,Yes,"$32,400",280.0,2.0,I4,5.0
341,341,RAM,1500 Big Horn,2021,70968,Gasoline,395.0HP 5.7L 8 Cylinder Engine Gasoline Fuel,Automatic,Black,Black,None reported,Yes,"$34,000",395.0,5.7,V8,5.0
342,342,BMW,M4 Base,2015,26600,Gasoline,425.0HP 3.0L Straight 6 Cylinder Engine Gasoline Fuel,Automatic,White,–,None reported,Yes,"$53,000",425.0,3.0,I6,2.0
343,343,Tesla,Model X Long Range,2022,15443,not defined,670.0HP Electric Motor Electric Fuel System,Automatic,Red,Black,None reported,Yes,"$84,500",670.0,0.0,Electric,7.0
344,344,Volvo,S90 T5 Momentum,2018,95000,Gasoline,250.0HP 2.0L 4 Cylinder Engine Gasoline Fuel,Automatic,White,Beige,None reported,Yes,"$18,000",250.0,2.0,I4,5.0
345,345,Subaru,Impreza WRX Sti,2005,94000,Gasoline,300.0HP 2.5L 4 Cylinder Engine Gasoline Fuel,Manual,Black,Blue,None reported,Yes,"$19,500",300.0,2.5,I4,5.0
346,346,BMW,X6 xDrive40i,2020,45076,Gasoline,3.0 Liter Turbo,Automatic,Blue,Black,None reported,No,"$57,998",335.0,3.0,I6,5.0
347,347,Cadillac,CTS 2.0L Turbo Luxury,2014,110000,Gasoline,272.0HP 2.0L 4 Cylinder Engine Gasoline Fuel,Automatic,Gold,Beige,None reported,Yes,"$11,000",272.0,2.0,I4,5.0
348,348,Land,Rover Discovery Sport HSE,2016,49083,Gasoline,2.0L I4 16V GDI DOHC Turbo,Automatic,Indus Silver,Ebony,None reported,No,"$21,590",246.0,2.0,I4,5.0
349,349,Genesis,G90 5.0 Ultimate,2017,63500,Gasoline,420.0HP 5.0L 8 Cylinder Engine Gasoline Fuel,Dual Shift,Silver,Black,None reported,Yes,"$27,500",420.0,5.0,V8,5.0
350,350,Mercedes-Benz,CLK-Class CLK 350,2009,21500,Gasoline,268.0HP 3.5L V6 Cylinder Engine Gasoline Fuel,Automatic,Black,Black,At least 1 accident or damage reported,Yes,"$18,000",268.0,3.5,V6,4.0
351,351,Land,Rover Range Rover Autobiography,2023,324,Gasoline,4.4 Liter,Automatic,Black,Blk,None reported,No,"$199,998",523.0,4.4,V8,5.0
352,352,Kia,Optima EX,2019,68166,Gasoline,"1.6L I-4 gasoline direct injection, DOHC, variable valve control",Automatic,Ebony Black,Black,None reported,No,"$20,818",178.0,1.6,I4,5.0
353,353,Toyota,Highlander SE,2018,53607,Gasoline,3.5L V6 24V PDI DOHC,Automatic,Midnight Black Metallic,Black,At least 1 accident or damage reported,No,"$31,853",295.0,3.5,V6,7.0
354,354,Mercedes-Benz,Sprinter 4500 High Roof,2019,16813,Diesel,188.0HP 3.0L V6 Cylinder Engine Diesel Fuel,Dual Shift,Gray,Black,not defined,No,"$45,900",188.0,3.0,V6,12.0
355,355,BMW,X1 xDrive28i,2020,18200,Gasoline,228.0HP 2.0L 4 Cylinder Engine Gasoline Fuel,Automatic,White,Beige,At least 1 accident or damage reported,Yes,"$29,500",228.0,2.0,I4,5.0
356,356,Audi,R8 5.2,2015,51000,Gasoline,550.0HP 5.2L 10 Cylinder Engine Gasoline Fuel,Dual Shift,White,Black,At least 1 accident or damage reported,Yes,"$102,000",550.0,5.2,V10,2.0
357,357,Audi,S3 2.0T Tech Premium Plus,2018,16400,Gasoline,292.0HP 2.0L 4 Cylinder Engine Gasoline Fuel,Automatic,Blue,Red,None reported,Yes,"$42,800",292.0,2.0,I4,5.0
358,358,Toyota,Tundra Hybrid TRD Pro,2022,7000,Hybrid,437.0HP 3.4L V6 Cylinder Engine Gas/Electric Hybrid,Automatic,Orange,–,None reported,Yes,"$75,500",437.0,3.4,V6,5.0
359,359,Audi,SQ5 3.0T Premium Plus,2022,8497,Gasoline,3.0L V6 24V GDI DOHC Turbo,Automatic,Ibis White,Black,None reported,No,"$52,900",349.0,3.0,V6,5.0
360,360,Audi,A6 2.0T Premium Plus,2016,68000,Gasoline,252.0HP 2.0L 4 Cylinder Engine Gasoline Fuel,Dual Shift,White,Black,At least 1 accident or damage reported,Yes,"$20,000",252.0,2.0,I4,5.0
361,361,Lamborghini,Huracan EVO Base,2022,2523,Gasoline,5.2L V10 40V GDI DOHC,Manual,Bianco Icarus Metallic,Nero Ade,None reported,No,"$288,900",630.0,5.2,V10,2.0
362,362,BMW,328 xi,2007,83000,Gasoline,230.0HP 3.0L Straight 6 Cylinder Engine Gasoline Fuel,Automatic,Black,Brown,None reported,Yes,"$8,995",230.0,3.0,Straight 6,5.0
363,363,Audi,SQ5 3.0T Prestige,2018,25000,Gasoline,354.0HP 3.0L V6 Cylinder Engine Gasoline Fuel,Automatic,Gray,Black,None reported,Yes,"$50,000",354.0,3.0,V6,5.0
364,364,Cadillac,Escalade Sport Platinum,2021,15689,Diesel,3.0L I6 24V DDI DOHC Turbo Diesel,Automatic,Infrared Tintcoat,Jet Black,None reported,No,"$97,952",277.0,3.0,I6,7.0
365,365,BMW,M235 i,2014,125450,Gasoline,320.0HP 3.0L Straight 6 Cylinder Engine Gasoline Fuel,Manual,Blue,Black,None reported,Yes,"$17,200",320.0,3.0,Straight 6,4.0
366,366,Kia,Telluride SX,2023,9822,Gasoline,3.8L V6 24V GDI DOHC,Automatic,Midnight Black,Gray,None reported,No,"$50,998",291.0,3.8,V6,7.0
367,367,Chevrolet,Express 3500 Base,2008,144000,Gasoline,323.0HP 6.0L 8 Cylinder Engine Gasoline Fuel,Automatic,White,Gray,None reported,Yes,"$22,000",323.0,6.0,V8,8.0
368,368,GMC,Acadia SLE,2020,30900,Gasoline,2.5L I4 16V GDI DOHC,Automatic,Summit White,Jet Black,None reported,Yes,"$27,654",193.0,2.5,I4,7.0
369,369,BMW,X3 xDrive30i,2021,2492,Gasoline,2.0 Liter Turbo,Automatic,Phytonic Blue Metallic,Canberra Beige/Black,None reported,No,"$41,598",248.0,2.0,I4,5.0
370,370,Audi,TT 2.0T,2015,126760,Gasoline,211.0HP 2.0L 4 Cylinder Engine Gasoline Fuel,Automatic,Black,Black,At least 1 accident or damage reported,Yes,"$14,000",211.0,2.0,I4,2.0
371,371,Subaru,Outback 3.6R Touring,2017,100680,Gasoline,256.0HP 3.6L Flat 6 Cylinder Engine Gasoline Fuel,Automatic,Brown,–,None reported,Yes,"$20,500",256.0,3.6,Flat 6,5.0
372,372,Mitsubishi,Eclipse Spyder GS,2001,90400,Gasoline,140.0HP 2.4L 4 Cylinder Engine Gasoline Fuel,Automatic,Red,–,None reported,Yes,"$4,495",140.0,2.4,I4,2.0
373,373,Hyundai,Santa Fe SEL,2022,26895,Gasoline,2.5L I4 16V PDI DOHC,Automatic,Quartz White,Black,not defined,No,"$29,800",191.0,2.5,I4,5.0
374,374,BMW,M5 Base,2018,20500,Gasoline,600.0HP 4.4L 8 Cylinder Engine Gasoline Fuel,Automatic,Silver,Black,None reported,Yes,"$67,000",600.0,4.4,V8,5.0
375,375,Dodge,Ram 1500 ST,2011,134000,Gasoline,390.0HP 5.7L 8 Cylinder Engine Gasoline Fuel,Automatic,Black,Gray,At least 1 accident or damage reported,Yes,"$10,500",390.0,5.7,V8,5.0
376,376,Ford,Fusion Energi Titanium,2015,84352,Plug-In Hybrid,188.0HP 2.0L 4 Cylinder Engine Plug-In Electric/Gas,Automatic,Blue,Black,At least 1 accident or damage reported,Yes,"$10,000",188.0,2.0,I4,5.0
377,377,Toyota,Tundra Hybrid TRD Pro,2022,19000,Hybrid,437.0HP 3.4L V6 Cylinder Engine Gas/Electric Hybrid,Automatic,Orange,Black,None reported,Yes,"$71,000",437.0,3.4,V6,5.0
378,378,Land,Rover Range Rover Evoque Pure,2015,115550,Gasoline,240.0HP 2.0L 4 Cylinder Engine Gasoline Fuel,Automatic,White,Black,None reported,Yes,"$17,500",240.0,2.0,I4,5.0
379,379,Lincoln,Navigator Base,2009,191775,E85 Flex Fuel,310.0HP 5.4L 8 Cylinder Engine Flex Fuel Capability,Automatic,White,Beige,At least 1 accident or damage reported,Yes,"$9,750",310.0,5.4,V8,8.0
380,380,Ford,Mustang Mach-E Select,2023,923,not defined,Standard Range Battery,Automatic,Rapid Red Metallic Tinted Clearcoat,Black Onyx,None reported,No,"$46,998",266.0,0.0,Electric,5.0
381,381,Mercedes-Benz,Sprinter 3500 High Roof,2017,124630,Diesel,188.0HP 3.0L V6 Cylinder Engine Diesel Fuel,Automatic,Black,Black,None reported,Yes,"$75,000",188.0,3.0,V6,8.0
382,382,Mercedes-Benz,AMG E 63 S 4MATIC,2019,17000,Gasoline,603.0HP 4.0L 8 Cylinder Engine Gasoline Fuel,Automatic,White,Brown,None reported,Yes,"$95,000",603.0,4.0,V8,5.0
383,383,BMW,440 i xDrive,2018,73500,Gasoline,320.0HP 3.0L Straight 6 Cylinder Engine Gasoline Fuel,Automatic,Black,Blue,None reported,Yes,"$32,000",320.0,3.0,I6,5.0
384,384,Acura,Integra LS,1998,120000,Gasoline,140.0HP 1.8L 4 Cylinder Engine Gasoline Fuel,Automatic,Red,–,At least 1 accident or damage reported,Yes,"$5,500",140.0,1.8,I4,5.0
385,385,Audi,Q7 55 Prestige,2019,73837,Gasoline,3.0L V6 24V GDI DOHC Supercharged,Automatic,Cobra Beige Metallic,Nougat Brown,None reported,Yes,"$36,340",333.0,3.0,V6,7.0
386,386,BMW,M6 Base,2014,29500,Gasoline,560.0HP 4.4L 8 Cylinder Engine Gasoline Fuel,Dual Shift,Silver,Black,None reported,Yes,"$40,999",560.0,4.4,V8,4.0
387,387,Volkswagen,Arteon 2.0T SE,2021,13613,Gasoline,2.0 Liter TSI,Automatic,Pure White,Titan Black,None reported,No,"$29,798",268.0,2.0,I4,5.0
388,388,Lexus,LX 600 F SPORT,2023,1185,Gasoline,409.0HP 3.4L V6 Cylinder Engine Gasoline Fuel,Automatic,Black,Black,None reported,Yes,"$120,990",409.0,3.4,V6,7.0
389,389,INFINITI,Q40 Base,2015,143250,Gasoline,328.0HP 3.7L V6 Cylinder Engine Gasoline Fuel,Dual Shift,Silver,Black,None reported,Yes,"$11,500",328.0,3.7,V6,5.0
390,390,BMW,Z4 3.0i Roadster,2006,46508,Gasoline,215.0HP 3.0L Straight 6 Cylinder Engine Gasoline Fuel,Dual Shift,Green,Beige,At least 1 accident or damage reported,Yes,"$11,500",215.0,3.0,I6,2.0
391,391,BMW,M6 Base,2015,18651,Gasoline,560.0HP 4.4L 8 Cylinder Engine Gasoline Fuel,Dual Shift,Red,Black,None reported,Yes,"$59,549",560.0,4.4,V8,4.0
392,392,BMW,X3 M40i,2019,36438,Gasoline,3.0 Liter Turbo,Automatic,Alpine White,Oyster W/Contrast,None reported,No,"$39,998",382.0,3.0,I6,5.0
393,393,Kia,Sorento LX,2014,46628,Gasoline,2.4L I4 16V GDI DOHC,Automatic,Snow White Pearl,Beige,None reported,No,"$15,363",185.0,2.4,I4,7.0
394,394,Rivian,R1S Adventure Package,2023,5700,not defined,835.0HP Electric Motor Electric Fuel System,Automatic,Gray,White,None reported,Yes,"$95,000",835.0,0.0,Electric,7.0
395,395,BMW,Z4 sDrive28i,2015,57550,Gasoline,240.0HP 2.0L 4 Cylinder Engine Gasoline Fuel,Manual,Black,White,None reported,Yes,"$29,995",240.0,2.0,I4,2.0
396,396,Cadillac,CTS-V Base,2017,48600,Gasoline,640.0HP 6.2L 8 Cylinder Engine Gasoline Fuel,Dual Shift,Black,Black,None reported,Yes,"$60,999",640.0,6.2,V8,5.0
397,397,Ford,Transit Connect XL,2020,119000,Gasoline,169.0HP 2.5L 4 Cylinder Engine Gasoline Fuel,Automatic,White,Black,None reported,Yes,"$18,000",169.0,2.5,I4,5.0
398,398,Land,Rover Range Rover Velar SVAutobiography Dynamic Edition,2020,36500,Gasoline,550.0HP 5.0L 8 Cylinder Engine Gasoline Fuel,Dual Shift,White,Red,None reported,Yes,"$72,000",550.0,5.0,V8,5.0
399,399,Lexus,IS 250 Base,2010,121250,Gasoline,204.0HP 2.5L V6 Cylinder Engine Gasoline Fuel,Automatic,Black,White,At least 1 accident or damage reported,Yes,"$13,250",204.0,2.5,V6,5.0
400,400,BMW,X7 xDrive40i,2023,2437,Hybrid,375.0HP 3.0L Straight 6 Cylinder Engine Gasoline/Mild Electric Hybrid,Dual Shift,Gray,Black,None reported,Yes,"$78,350",375.0,3.0,I6,7.0
401,401,Volvo,XC90 T6 Momentum,2018,110380,Gasoline,316.0HP 2.0L 4 Cylinder Engine Gasoline Fuel,Automatic,Gray,Beige,At least 1 accident or damage reported,Yes,"$22,000",316.0,2.0,I4,7.0
402,402,Hyundai,Tucson Limited,2008,149000,Gasoline,173.0HP 2.7L V6 Cylinder Engine Gasoline Fuel,Automatic,Black,Gray,None reported,Yes,"$3,850",173.0,2.7,V6,5.0
403,403,Dodge,Durango GT,2021,14684,Gasoline,3.6L V6 24V MPFI DOHC,Automatic,DB Black Clearcoat,Black,None reported,No,"$37,995",295.0,3.6,V6,7.0
404,404,Mercedes-Benz,AMG C 43 Base 4MATIC,2017,39000,Gasoline,362.0HP 3.0L V6 Cylinder Engine Gasoline Fuel,Automatic,White,Black,At least 1 accident or damage reported,Yes,"$39,000",362.0,3.0,V6,5.0
405,405,GMC,Yukon XL SLT,2019,65212,Gasoline,5.3L V8 16V GDI OHV,Automatic,Summit White,Jet Black,None reported,Yes,"$42,995",355.0,5.3,V8,8.0
406,406,Audi,RS Q8 4.0T,2020,41856,Gasoline,591.0HP 4.0L 8 Cylinder Engine Gasoline Fuel,Dual Shift,Gray,Black,None reported,Yes,"$91,500",591.0,4.0,V8,5.0
407,407,Rivian,R1S Adventure Package,2023,655,not defined,835.0HP Electric Motor Electric Fuel System,Automatic,Red,Silver,None reported,Yes,"$94,500",835.0,0.0,Electric,7.0
408,408,Toyota,RAV4 Hybrid XLE,2019,54000,Hybrid,219.0HP 2.5L 4 Cylinder Engine Gas/Electric Hybrid,Automatic,Gray,Gray,None reported,Yes,"$33,000",219.0,2.5,I4,5.0
409,409,Alfa,Romeo Stelvio Quadrifoglio,2019,26500,Gasoline,505.0HP 2.9L V6 Cylinder Engine Gasoline Fuel,Automatic,Gray,Black,None reported,Yes,"$53,900",505.0,2.9,V6,5.0
410,410,Land,Rover Range Rover Evoque SE,2020,38356,Gasoline,2.0 Liter,Automatic,Firenze Red Metallic,Ebony,None reported,No,"$36,598",246.0,2.0,I4,5.0
411,411,Alfa,Romeo Stelvio Ti Sport,2020,21487,Gasoline,2.0L I4 16V GDI SOHC Turbo,Automatic,Anodized Blue Metallic,Ice,None reported,Yes,"$35,345",280.0,2.0,I4,5.0
412,412,Cadillac,Escalade EXT Base,2007,99000,Gasoline,403.0HP 6.2L 8 Cylinder Engine Gasoline Fuel,Automatic,Black,Black,None reported,Yes,"$22,999",403.0,6.2,V8,5.0
413,413,Ford,F-250 Lariat,2019,35597,E85 Flex Fuel,6.2L V8 16V MPFI SOHC Flexible Fuel,Automatic,Black,Black,None reported,No,"$47,756",385.0,6.2,V8,5.0
414,414,Nissan,350Z Enthusiast,2005,130307,Gasoline,287.0HP 3.5L V6 Cylinder Engine Gasoline Fuel,Automatic,Blue,Black,None reported,Yes,"$9,950",287.0,3.5,V6,2.0
415,415,Subaru,Legacy 2.5 i Premium,2010,178000,Gasoline,170.0HP 2.5L 4 Cylinder Engine Gasoline Fuel,Automatic,Blue,Black,None reported,Yes,"$7,600",170.0,2.5,I4,5.0
416,416,Honda,Civic LX,2003,160265,Gasoline,115.0HP 1.7L 4 Cylinder Engine Gasoline Fuel,Automatic,White,Gray,At least 1 accident or damage reported,Yes,"$3,000",115.0,1.7,I4,5.0
417,417,McLaren,570S Spider,2020,8700,Gasoline,562.0HP 3.8L 8 Cylinder Engine Gasoline Fuel,Dual Shift,Black,Black,None reported,Yes,"$185,000",562.0,3.8,V8,2.0
418,418,Maserati,Ghibli S Q4,2016,1000,Gasoline,404.0HP 3.0L V6 Cylinder Engine Gasoline Fuel,Dual Shift,Gray,Red,None reported,Yes,"$36,000",404.0,3.0,V6,5.0
419,419,Jeep,Wagoneer Series II 4x4,2022,29800,Gasoline,"HEMI 5.7L V-8 variable valve control, regular unleaded, engine w",Automatic,–,–,None reported,No,"$58,900",392.0,5.7,V8,7.0
420,420,Maserati,Ghibli S Q4,2017,49750,Gasoline,404.0HP 3.0L V6 Cylinder Engine Gasoline Fuel,Dual Shift,White,Red,None reported,Yes,"$27,995",404.0,3.0,V6,5.0
421,421,Lexus,RX 300 Base,2002,121000,Gasoline,220.0HP 3.0L V6 Cylinder Engine Gasoline Fuel,Automatic,Silver,Black,None reported,Yes,"$6,348",220.0,3.0,V6,5.0
422,422,Lincoln,Aviator Luxury,2005,140000,Gasoline,302.0HP 4.6L 8 Cylinder Engine Gasoline Fuel,Automatic,Black,Beige,None reported,Yes,"$2,000",302.0,4.6,V8,7.0
423,423,Ford,Transit Connect XL,2018,66770,E85 Flex Fuel,169.0HP 2.5L 4 Cylinder Engine Flex Fuel Capability,Automatic,Red,–,not defined,No,"$21,500",169.0,2.5,I4,5.0
424,424,Cadillac,SRX Luxury Collection,2016,61549,Gasoline,3.6 Liter SIDI DOHC,Automatic,Red,Ebony,At least 1 accident or damage reported,No,"$19,998",308.0,3.6,V6,5.0
425,425,Lincoln,MKS EcoBoost,2016,38100,Gasoline,365.0HP 3.5L V6 Cylinder Engine Gasoline Fuel,Automatic,Silver,Beige,None reported,Yes,"$21,000",365.0,3.5,V6,5.0
426,426,Toyota,Yaris Base,2010,138071,Gasoline,106.0HP 1.5L 4 Cylinder Engine Gasoline Fuel,Manual,Red,Gray,None reported,Yes,"$5,000",106.0,1.5,I4,5.0
427,427,Mercedes-Benz,AMG E 63 S 4MATIC,2019,40000,Gasoline,603.0HP 4.0L 8 Cylinder Engine Gasoline Fuel,Dual Shift,Black,Black,At least 1 accident or damage reported,Yes,"$72,000",603.0,4.0,V8,5.0
428,428,Mercedes-Benz,GLS 450 Base,2022,41545,Hybrid,3.0 Liter DOHC Twin Turbo,Automatic,MANUFAKTUR Diamond White Bright,Macchiato Beige/Black,None reported,No,"$71,998",362.0,3.0,I6,7.0
429,429,Mercedes-Benz,G-Class G 550 4MATIC,2019,47850,Gasoline,416.0HP 4.0L 8 Cylinder Engine Gasoline Fuel,Automatic,White,Black,At least 1 accident or damage reported,Yes,"$127,899",416.0,4.0,V8,5.0
430,430,Hyundai,Veloster Turbo R-Spec,2014,128000,Gasoline,201.0HP 1.6L 4 Cylinder Engine Gasoline Fuel,Manual,Blue,Red,None reported,Yes,"$11,000",201.0,1.6,I4,4.0
431,431,Toyota,4Runner Limited,2019,48156,Gasoline,4.0L V6 24V MPFI DOHC,Automatic,Midnight Black Metallic,Sand Beige,None reported,No,"$40,368",270.0,4.0,V6,5.0
432,432,Mercedes-Benz,S-Class S 580 4MATIC,2021,4700,Hybrid,496.0HP 4.0L 8 Cylinder Engine Gasoline/Mild Electric Hybrid,Automatic,Black,Black,None reported,Yes,"$99,900",496.0,4.0,V8,5.0
433,433,Audi,RS 7 4.0T Performance Prestige,2017,39071,Gasoline,4.0L V8 32V GDI DOHC Twin Turbo,Automatic,White,Black,None reported,No,"$67,900",591.0,4.0,V8,4.0
434,434,Mazda,MX-5 Miata Base,1999,96680,Gasoline,140.0HP 1.8L 4 Cylinder Engine Gasoline Fuel,Manual,Green,Beige,At least 1 accident or damage reported,Yes,"$12,900",140.0,1.8,I4,2.0
435,435,Mercedes-Benz,AMG C 43 Base,2017,53500,Gasoline,362.0HP 3.0L V6 Cylinder Engine Gasoline Fuel,Automatic,White,Brown,At least 1 accident or damage reported,Yes,"$33,999",362.0,3.0,V6,5.0
436,436,Chevrolet,Corvette Z06,2007,11025,Gasoline,505.0HP 7.0L 8 Cylinder Engine Gasoline Fuel,Manual,Orange,Black,None reported,Yes,"$47,500",505.0,7.0,V8,2.0
437,437,Ford,F-250 King Ranch,2021,44000,Diesel,475.0HP 6.7L 8 Cylinder Engine Diesel Fuel,Automatic,White,Brown,At least 1 accident or damage reported,Yes,"$73,000",475.0,6.7,V8,5.0
438,438,Volkswagen,Tiguan 2.0T SE,2022,11000,Gasoline,184.0HP 2.0L 4 Cylinder Engine Gasoline Fuel,Automatic,Blue,White,None reported,Yes,"$27,900",184.0,2.0,I4,5.0
439,439,BMW,750 Li xDrive,2012,103000,Gasoline,407.0HP 4.4L 8 Cylinder Engine Gasoline Fuel,Automatic,Black,Black,None reported,Yes,"$16,000",407.0,4.4,V8,5.0
440,440,BMW,M3 CS,2024,456,Gasoline,543.0HP 3.0L Straight 6 Cylinder Engine Gasoline Fuel,Dual Shift,Black,Black,None reported,Yes,"$128,995",543.0,3.0,I6,4.0
441,441,Lexus,GX 460 Base,2018,64000,Gasoline,301.0HP 4.6L 8 Cylinder Engine Gasoline Fuel,Automatic,Red,Brown,None reported,Yes,"$37,300",301.0,4.6,V8,5.0
442,442,Audi,Q7 3.0T Premium,2017,108000,Gasoline,333.0HP 3.0L V6 Cylinder Engine Gasoline Fuel,Automatic,Gray,Brown,None reported,Yes,"$25,999",333.0,3.0,V6,7.0
443,443,Alfa,Romeo Stelvio Ti Sport,2018,37045,Gasoline,280.0HP 2.0L 4 Cylinder Engine Gasoline Fuel,Dual Shift,White,Red,At least 1 accident or damage reported,Yes,"$26,600",280.0,2.0,I4,5.0
444,444,Land,Rover Defender X,2023,5433,Hybrid,3.0 Liter,Automatic,Santorin Black,Black,None reported,No,"$95,998",395.0,3.0,I6,5.0
445,445,BMW,750 i xDrive,2019,28744,Gasoline,4.4 Liter DOHC Twin Turbo,Automatic,Black,Black,None reported,No,"$50,998",523.0,4.4,V8,5.0
446,446,BMW,M3 Base,2015,65800,Gasoline,425.0HP 3.0L Straight 6 Cylinder Engine Gasoline Fuel,Dual Shift,White,Red,None reported,Yes,"$44,950",425.0,3.0,I6,4.0
447,447,Rolls-Royce,Ghost Base,2021,850,Gasoline,563.0HP 6.7L 12 Cylinder Engine Gasoline Fuel,Automatic,White,White,None reported,Yes,"$314,900",563.0,6.7,V12,5.0
448,448,Audi,e-tron Prestige,2019,33012,not defined,355.0HP Electric Motor Electric Fuel System,Automatic,Blue,Beige,None reported,Yes,"$38,000",355.0,0.0,Electric,5.0
449,449,Lexus,IS 250 Base,2011,107818,Gasoline,204.0HP 2.5L V6 Cylinder Engine Gasoline Fuel,Automatic,Gray,Beige,At least 1 accident or damage reported,Yes,"$11,400",204.0,2.5,V6,5.0
450,450,Land,Rover Range Rover Evoque SE Premium,2016,79500,Gasoline,240.0HP 2.0L 4 Cylinder Engine Gasoline Fuel,Automatic,White,Black,None reported,Yes,"$19,000",240.0,2.0,I4,5.0
451,451,Ferrari,California T,2015,20000,Gasoline,553.0HP 3.9L 8 Cylinder Engine Gasoline Fuel,Automatic,Red,Brown,At least 1 accident or damage reported,Yes,"$124,990",553.0,3.9,V8,2.0
452,452,Lexus,LC 500 Base,2018,37000,Gasoline,471.0HP 5.0L 8 Cylinder Engine Gasoline Fuel,Automatic,Black,Red,None reported,Yes,"$63,997",471.0,5.0,V8,2.0
453,453,Kia,EV6 Wind,2022,11945,not defined,111.2Ah / FR 70kW / RR 160kW (697V),Automatic,Glacier,Black,None reported,No,"$38,998",320.0,0.0,Electric,5.0
454,454,GMC,Sierra 1500 SLE Crew Cab,2005,131800,Gasoline,295.0HP 5.3L 8 Cylinder Engine Gasoline Fuel,Automatic,Silver,Gray,At least 1 accident or damage reported,Yes,"$5,800",295.0,5.3,V8,5.0
455,455,Lexus,ES 350 Base,2008,146000,Gasoline,272.0HP 3.5L V6 Cylinder Engine Gasoline Fuel,Automatic,Red,Beige,None reported,Yes,"$8,995",272.0,3.5,V6,5.0
456,456,Nissan,370Z NISMO,2010,29000,Gasoline,350.0HP 3.7L V6 Cylinder Engine Gasoline Fuel,Manual,Silver,–,None reported,Yes,"$29,000",350.0,3.7,V6,2.0
457,457,Dodge,Ram 1500 Laramie,2004,141209,Gasoline,345.0HP 5.7L 8 Cylinder Engine Gasoline Fuel,Automatic,Black,Black,None reported,Yes,"$5,700",345.0,5.7,V8,5.0
458,458,Ford,Expedition Limited,2016,85253,Gasoline,365.0HP 3.5L V6 Cylinder Engine Gasoline Fuel,Automatic,White,Beige,None reported,Yes,"$19,995",365.0,3.5,V6,8.0
459,459,INFINITI,QX70 Base,2015,87009,Gasoline,325.0HP 3.7L V6 Cylinder Engine Gasoline Fuel,Automatic,Gray,Black,None reported,Yes,"$17,800",325.0,3.7,V6,5.0
460,460,BMW,X5 M Base,2023,4348,Gasoline,4.4L V8 32V GDI DOHC Twin Turbo,Automatic,Alpine White,Black,None reported,No,"$105,900",600.0,4.4,V8,5.0
461,461,Lincoln,Navigator Select,2016,158000,Gasoline,380.0HP 3.5L V6 Cylinder Engine Gasoline Fuel,Dual Shift,Red,Beige,None reported,Yes,"$19,780",380.0,3.5,V6,7.0
462,462,Volvo,V60 Cross Country T5,2020,10500,Gasoline,250.0HP 2.0L 4 Cylinder Engine Gasoline Fuel,Automatic,White,Black,None reported,Yes,"$36,000",250.0,2.0,I4,5.0
463,463,Audi,A7 3.0T Premium Plus,2018,45843,Gasoline,340.0HP 3.0L V6 Cylinder Engine Gasoline Fuel,Automatic,Silver,Black,None reported,Yes,"$37,000",340.0,3.0,V6,5.0
464,464,Ford,Bronco Sport Outer Banks,2021,15198,Gasoline,1.5L I3 12V PDI DOHC Turbo,Automatic,Blue,Navy Pier,None reported,Yes,"$31,621",181.0,1.5,I3,5.0
465,465,Volkswagen,Eurovan MV,2001,220000,Gasoline,140.0HP 2.8L V6 Cylinder Engine Gasoline Fuel,Automatic,Silver,–,None reported,Yes,"$5,500",140.0,2.8,V6,7.0
466,466,Jaguar,F-TYPE R,2017,58000,Gasoline,550.0HP 5.0L 8 Cylinder Engine Gasoline Fuel,Automatic,Black,Black,None reported,Yes,"$51,500",550.0,5.0,V8,2.0
467,467,Land,Rover Range Rover Evoque R-Dynamic HSE,2020,30424,Hybrid,2.0 Liter,Automatic,Silver,Black,None reported,No,"$44,998",246.0,2.0,I4,5.0
468,468,RAM,1500 Laramie,2021,38012,Gasoline,5.7L V8 16V MPFI OHV,Automatic,Delmonico Red Pearlcoat,Black,None reported,Yes,"$45,277",395.0,5.7,V8,5.0
469,469,Rivian,R1S Adventure Package,2023,2500,not defined,835.0HP Electric Motor Electric Fuel System,Automatic,Gray,Gray,None reported,Yes,"$91,000",835.0,0.0,Electric,7.0
470,470,BMW,M760 i xDrive,2021,11078,Gasoline,"6.6L V-12 gasoline direct injection, DOHC, variable valve contro",Automatic,BLACK,WHITE,None reported,No,"$91,900",601.0,6.6,V12,5.0
471,471,Lexus,LX 570 Three-Row,2018,50000,Gasoline,383.0HP 5.7L 8 Cylinder Engine Gasoline Fuel,Automatic,White,Black,None reported,Yes,"$65,000",383.0,5.7,V8,8.0
472,472,Land,Rover Range Rover Velar P250 SE R-Dynamic,2019,58000,Gasoline,247.0HP 2.0L 4 Cylinder Engine Gasoline Fuel,Automatic,White,Black,None reported,Yes,"$38,000",247.0,2.0,I4,5.0
473,473,Lexus,LC 500 Base,2018,61000,Gasoline,471.0HP 5.0L 8 Cylinder Engine Gasoline Fuel,Dual Shift,Black,Black,None reported,Yes,"$65,000",471.0,5.0,V8,2.0
474,474,Audi,SQ5 3.0T Prestige,2019,48500,Gasoline,349.0HP 3.0L V6 Cylinder Engine Gasoline Fuel,Dual Shift,Gray,Black,At least 1 accident or damage reported,Yes,"$43,500",349.0,3.0,V6,5.0
475,475,Land,Rover Range Rover Velar P250 SE R-Dynamic,2018,65680,Gasoline,247.0HP 2.0L 4 Cylinder Engine Gasoline Fuel,Automatic,Silver,Black,At least 1 accident or damage reported,Yes,"$34,900",247.0,2.0,I4,5.0
476,476,RAM,1500 Limited,2020,44362,Gasoline,5.7L V8 16V MPFI OHV,Automatic,Bright White Clearcoat,Black,None reported,Yes,"$50,658",395.0,5.7,V8,5.0
477,477,Audi,S4 3.0T Premium,2019,18603,Gasoline,3.0L V6 24V GDI DOHC Turbo,Automatic,Brilliant Black,Black,None reported,No,"$42,900",349.0,3.0,V6,5.0
478,478,Audi,A8 4.0,2020,35999,Hybrid,4.0 Liter Turbo,Automatic,Mythos Black Metallic,Sarder Brown,None reported,No,"$59,598",453.0,4.0,V8,5.0
479,479,Cadillac,Escalade ESV Sport,2021,8044,Gasoline,420.0HP 6.2L 8 Cylinder Engine Gasoline Fuel,Dual Shift,Black,Beige,None reported,Yes,"$93,000",420.0,6.2,V8,7.0
480,480,Mercedes-Benz,AMG GT AMG GT S,2016,9738,Gasoline,503.0HP 4.0L 8 Cylinder Engine Gasoline Fuel,Automatic,Red,Black,None reported,Yes,"$85,500",503.0,4.0,V8,2.0
481,481,BMW,M3 Base,2009,112000,Gasoline,420.0HP 4.0L 8 Cylinder Engine Gasoline Fuel,Dual Shift,Gray,Black,At least 1 accident or damage reported,Yes,"$28,000",420.0,4.0,I6,4.0
482,482,Honda,Accord EX-L,2009,167300,Gasoline,190.0HP 2.4L 4 Cylinder Engine Gasoline Fuel,Automatic,Silver,Black,None reported,Yes,"$6,250",190.0,2.4,I4,5.0
483,483,Rolls-Royce,Cullinan,2022,115,Gasoline,6.7L V12 48V GDI DOHC Twin Turbo,Automatic,–,Grace White,None reported,Yes,"$449,995",563.0,6.7,V12,5.0
484,484,Cadillac,Escalade Premium,2015,71000,Gasoline,420.0HP 6.2L 8 Cylinder Engine Gasoline Fuel,Automatic,Black,Brown,At least 1 accident or damage reported,Yes,"$35,999",420.0,6.2,V8,7.0
485,485,Acura,RDX Technology Package,2020,31015,Gasoline,2.0L I4 16V GDI DOHC Turbo,Automatic,Silver,Ebony,None reported,Yes,"$36,570",272.0,2.0,I4,5.0
486,486,BMW,X2 xDrive28i,2022,33000,Gasoline,228.0HP 2.0L 4 Cylinder Engine Gasoline Fuel,Dual Shift,Orange,Black,None reported,Yes,"$29,999",228.0,2.0,I4,5.0
487,487,Chrysler,Pacifica Touring,2017,63000,not defined,–,Automatic,White,Beige,None reported,Yes,"$20,000",287.0,3.6,V6,7.0
488,488,Buick,Verano Convenience,2013,68325,E85 Flex Fuel,180.0HP 2.4L 4 Cylinder Engine Flex Fuel Capability,Dual Shift,Silver,Gray,None reported,Yes,"$11,995",180.0,2.4,I4,5.0
489,489,Mercedes-Benz,AMG S 63 Base 4MATIC,2020,20937,Gasoline,4.0L V8 32V GDI DOHC Twin Turbo,Automatic,Magnetite Black Metallic,Black,None reported,No,"$104,900",603.0,4.0,V8,4.0
490,490,RAM,2500 Tradesman,2021,34365,Gasoline,410.0HP 6.4L 8 Cylinder Engine Gasoline Fuel,Automatic,Gray,Gray,At least 1 accident or damage reported,Yes,"$48,000",410.0,6.4,V8,5.0
491,491,Mercedes-Benz,Metris Base,2018,32000,Gasoline,208.0HP 2.0L 4 Cylinder Engine Gasoline Fuel,Dual Shift,Black,Black,None reported,Yes,"$44,900",208.0,2.0,I4,5.0
492,492,Land,Rover Range Rover Evoque S,2020,40237,Gasoline,2.0 Liter,Automatic,Carpathian Grey Premium Metallic,Cloud,None reported,No,"$36,998",246.0,2.0,I4,5.0
493,493,Volvo,XC90 T6 Inscription,2020,22500,Gasoline,316.0HP 2.0L 4 Cylinder Engine Gasoline Fuel,Automatic,Black,White,None reported,Yes,"$50,000",316.0,2.0,I4,7.0
494,494,Ford,Expedition King Ranch,2020,58700,Gasoline,375.0HP 3.5L V6 Cylinder Engine Gasoline Fuel,Automatic,Black,Brown,At least 1 accident or damage reported,Yes,"$48,999",375.0,3.5,V6,8.0
495,495,Toyota,Highlander Hybrid Limited,2006,264893,Hybrid,208.0HP 3.3L V6 Cylinder Engine Gas/Electric Hybrid,Automatic,Gold,Beige,At least 1 accident or damage reported,Yes,"$5,000",208.0,3.3,V6,7.0
496,496,Toyota,Tundra SR5 Access Cab,2005,209500,Gasoline,282.0HP 4.7L 8 Cylinder Engine Gasoline Fuel,Automatic,Blue,Gray,None reported,Yes,"$8,500",282.0,4.7,V8,5.0
497,497,Ford,Transit-350 Base,2023,195,Gasoline,310.0HP 3.5L V6 Cylinder Engine Gasoline Fuel,Automatic,Blue,Gray,None reported,Yes,"$87,500",310.0,3.5,V6,12.0
498,498,Chevrolet,Express 3500 LT,2016,120000,Diesel,260.0HP 6.6L 8 Cylinder Engine Diesel Fuel,Automatic,White,Gray,None reported,Yes,"$19,500",260.0,6.6,V8,12.0
499,499,Chevrolet,Bolt EUV Premier,2022,14676,not defined,200.0HP Electric Motor Electric Fuel System,Automatic,Black,Blue,None reported,Yes,"$33,000",200.0,0.0,Electric,5.0
500,500,Jeep,Wrangler Unlimited 4xe Sahara,2021,33704,Hybrid,2.0L I4 16V GDI DOHC Turbo Hybrid,Automatic,Bright White Clearcoat,Black,None reported,No,"$42,998",375.0,2.0,I4,5.0
501,501,BMW,X7 xDrive40i,2023,2950,Hybrid,375.0HP 3.0L Straight 6 Cylinder Engine Gasoline/Mild Electric Hybrid,Automatic,Black,Brown,None reported,Yes,"$87,000",375.0,3.0,I6,7.0
502,502,Mercedes-Benz,AMG GT 53 Base,2021,17994,Gasoline,3.0L I6 24V GDI DOHC Turbo,Automatic,–,–,None reported,Yes,"$87,500",429.0,3.0,I6,4.0
503,503,Toyota,Tundra Limited,2020,44101,Gasoline,5.7L V8 32V MPFI DOHC,Automatic,Gray,Black,None reported,Yes,"$45,423",381.0,5.7,V8,5.0
504,504,BMW,X1 xDrive28i,2021,25918,Gasoline,228.0HP 2.0L 4 Cylinder Engine Gasoline Fuel,Dual Shift,Gray,Black,None reported,Yes,"$32,000",228.0,2.0,I4,5.0
505,505,BMW,135 i,2008,87000,Gasoline,300.0HP 3.0L Straight 6 Cylinder Engine Gasoline Fuel,Automatic,White,Beige,None reported,Yes,"$15,300",300.0,3.0,Straight 6,4.0
506,506,Mazda,Mazda3 Touring,2018,28333,Gasoline,184.0HP 2.5L 4 Cylinder Engine Gasoline Fuel,Dual Shift,Blue,Black,None reported,Yes,"$20,500",184.0,2.5,I4,5.0
507,507,Audi,A7 3.0T Premium Plus,2018,29294,Gasoline,340.0HP 3.0L V6 Cylinder Engine Gasoline Fuel,Automatic,White,Beige,None reported,Yes,"$39,999",340.0,3.0,V6,5.0
508,508,Saturn,Sky Red Line,2008,37000,Gasoline,260.0HP 2.0L 4 Cylinder Engine Gasoline Fuel,Automatic,Blue,Black,None reported,Yes,"$14,995",260.0,2.0,I4,2.0
509,509,BMW,Z4 2.5i Roadster,2005,138000,Gasoline,184.0HP 2.5L Straight 6 Cylinder Engine Gasoline Fuel,Automatic,White,Beige,None reported,Yes,"$9,950",184.0,2.5,Straight 6,2.0
510,510,Volvo,XC90 Hybrid T8 Inscription,2020,44487,Plug-In Hybrid,400.0HP 2.0L 4 Cylinder Engine Plug-In Electric/Gas,Automatic,Blue,Brown,None reported,Yes,"$65,000",400.0,2.0,I4,7.0
511,511,Acura,TLX A-Spec,2021,16878,Gasoline,2.0L I4 16V GDI DOHC Turbo,Automatic,Red,Ebony,None reported,Yes,"$38,781",272.0,2.0,I4,5.0
512,512,Chevrolet,Tahoe High Country,2021,53000,Gasoline,420.0HP 6.2L 8 Cylinder Engine Gasoline Fuel,Automatic,Black,Black,At least 1 accident or damage reported,Yes,"$67,100",420.0,6.2,V8,7.0
513,513,Tesla,Model Y Long Range,2021,61308,not defined,425.0HP Electric Motor Electric Fuel System,Automatic,White,White,None reported,Yes,"$42,000",425.0,0.0,Electric,5.0
514,514,Mercedes-Benz,GLK-Class GLK 350,2013,99200,Gasoline,302.0HP 3.5L V6 Cylinder Engine Gasoline Fuel,Automatic,Silver,Black,not defined,No,"$11,495",302.0,3.5,V6,5.0
515,515,Chevrolet,Traverse LS,2022,32117,Gasoline,3.6L V6 24V GDI DOHC,Automatic,Northsky Blue Metallic,Jet Black,None reported,No,"$33,299",310.0,3.6,V6,7.0
516,516,BMW,550 Gran Turismo i,2013,79341,Gasoline,445.0HP 4.4L 8 Cylinder Engine Gasoline Fuel,Automatic,Gold,Brown,None reported,Yes,"$16,800",445.0,4.4,V8,5.0
517,517,Land,Rover Range Rover Sport HSE,2007,220000,Gasoline,300.0HP 4.4L 8 Cylinder Engine Gasoline Fuel,Automatic,White,Beige,None reported,Yes,"$5,750",300.0,4.4,V8,5.0
518,518,BMW,430 i xDrive,2021,16900,Gasoline,255.0HP 2.0L 4 Cylinder Engine Gasoline Fuel,Automatic,Blue,White,None reported,Yes,"$43,000",255.0,2.0,I4,5.0
519,519,Porsche,Cayman Base,2007,75137,Gasoline,245.0HP 2.7L Flat 6 Cylinder Engine Gasoline Fuel,Manual,Black,Gray,At least 1 accident or damage reported,Yes,"$24,999",245.0,2.7,Flat 6,2.0
520,520,Ford,Expedition Max King Ranch,2021,37594,Gasoline,3.5L V6 24V PDI DOHC Twin Turbo,Automatic,Black,Mesa,None reported,Yes,"$62,595",400.0,3.5,V6,8.0
521,521,Rivian,R1S Adventure Package,2023,250,not defined,835.0HP Electric Motor Electric Fuel System,Automatic,Red,Black,not defined,No,"$94,000",835.0,0.0,Electric,7.0
522,522,Mercedes-Benz,GLC 300 GLC 300,2021,12771,Gasoline,2.0 Liter Turbo,Automatic,Black,–,None reported,No,"$42,598",255.0,2.0,I4,5.0
523,523,Ford,Mustang Shelby GT500,2012,6400,Gasoline,550.0HP 5.4L 8 Cylinder Engine Gasoline Fuel,Manual,Silver,Black,None reported,Yes,"$48,000",550.0,5.4,V8,2.0
524,524,Tesla,Model Y Long Range,2021,69548,not defined,425.0HP Electric Motor Electric Fuel System,Automatic,Black,Black,At least 1 accident or damage reported,Yes,"$36,300",425.0,0.0,Electric,5.0
525,525,Nissan,370Z Base,2009,79893,Gasoline,332.0HP 3.7L V6 Cylinder Engine Gasoline Fuel,Automatic,Silver,Black,None reported,Yes,"$15,900",332.0,3.7,V6,2.0
526,526,Toyota,Sequoia Platinum,2014,124838,Gasoline,381.0HP 5.7L 8 Cylinder Engine Gasoline Fuel,Automatic,Black,Gray,None reported,Yes,"$33,000",381.0,5.7,V8,8.0
527,527,Nissan,NV Passenger NV3500 HD SL V8,2020,14353,Gasoline,375.0HP 5.6L 8 Cylinder Engine Gasoline Fuel,Automatic,Black,Gray,None reported,Yes,"$63,900",375.0,5.6,V8,12.0
528,528,Ford,Transit Connect XL w/Rear Symmetrical Doors,2022,22985,Gasoline,169.0HP 2.5L 4 Cylinder Engine Gasoline Fuel,Automatic,White,Gray,None reported,Yes,"$33,500",169.0,2.5,I4,5.0
529,529,INFINITI,QX80 Base,2014,161894,Gasoline,400.0HP 5.6L 8 Cylinder Engine Gasoline Fuel,Automatic,White,Beige,None reported,Yes,"$18,900",400.0,5.6,V8,8.0
530,530,Aston,Martin V8 Vantage Base,2008,25025,Gasoline,380.0HP 4.3L 8 Cylinder Engine Gasoline Fuel,Automatic,White,Black,At least 1 accident or damage reported,Yes,"$39,000",380.0,4.3,V8,2.0
531,531,Lotus,Evora 400 Base,2017,19650,Gasoline,400.0HP 3.5L V6 Cylinder Engine Gasoline Fuel,Manual,Silver,Red,None reported,Yes,"$69,250",400.0,3.5,V6,2.0
532,532,Land,Rover Range Rover Velar P250 S R-Dynamic,2020,29500,Gasoline,247.0HP 2.0L 4 Cylinder Engine Gasoline Fuel,Automatic,Red,White,None reported,Yes,"$45,000",247.0,2.0,I4,5.0
533,533,Nissan,Xterra S,2007,132272,Gasoline,261.0HP 4.0L V6 Cylinder Engine Gasoline Fuel,Manual,Gray,Gray,At least 1 accident or damage reported,Yes,"$6,700",261.0,4.0,V6,5.0
534,534,Dodge,Charger R/T,2012,122000,Gasoline,370.0HP 5.7L 8 Cylinder Engine Gasoline Fuel,Automatic,White,Black,At least 1 accident or damage reported,Yes,"$13,500",370.0,5.7,V8,5.0
535,535,Buick,Encore GX Essence,2022,18185,Gasoline,1.3L I3 12V GDI DOHC Turbo,Automatic,Summit White,Whisper Beige,None reported,No,"$31,755",155.0,1.3,I3,5.0
536,536,Nissan,Leaf S,2018,56450,not defined,147.0HP Electric Motor Electric Fuel System,Automatic,Black,Black,At least 1 accident or damage reported,Yes,"$13,999",147.0,0.0,Electric,5.0
537,537,Nissan,Leaf SL,2012,102000,not defined,107.0HP Electric Motor Electric Fuel System,Automatic,Silver,Gray,None reported,Yes,"$4,200",107.0,0.0,Electric,5.0
538,538,Jeep,Grand Wagoneer Series III,2022,18428,Gasoline,6.4 Liter,Automatic,Baltic Gray,Black,None reported,No,"$83,998",471.0,6.4,V8,7.0
539,539,Nissan,Z Proto Spec,2023,535,Gasoline,400.0HP 3.0L V6 Cylinder Engine Gasoline Fuel,Manual,Yellow,Black,None reported,Yes,"$65,990",400.0,3.0,V6,2.0
540,540,Land,Rover Range Rover Sport HSE,2013,81648,Gasoline,"5L V-8 gasoline direct injection, DOHC, variable valve control,",Dual Shift,Fuji White,–,None reported,No,"$15,900",300.0,5.0,V8,5.0
541,541,Porsche,Boxster S,2003,138202,Gasoline,3.2L H6 24V MPFI DOHC,Manual,Silver,Black,At least 1 accident or damage reported,Yes,"$22,550",280.0,3.2,H6,2.0
542,542,Bentley,Continental GT Base,2004,69600,Gasoline,550.0HP 6.0L 12 Cylinder Engine Gasoline Fuel,Automatic,Silver,Black,None reported,Yes,"$37,900",550.0,6.0,V12,2.0
543,543,Jaguar,F-TYPE R,2018,39900,Gasoline,550.0HP 5.0L 8 Cylinder Engine Gasoline Fuel,Automatic,White,Black,None reported,Yes,"$53,600",550.0,5.0,V8,2.0
544,544,Cadillac,Escalade ESV Sport,2021,36500,Gasoline,420.0HP 6.2L 8 Cylinder Engine Gasoline Fuel,Dual Shift,White,Black,None reported,Yes,"$85,000",420.0,6.2,V8,7.0
545,545,Audi,TT 2.0T,2018,42650,Gasoline,220.0HP 2.0L 4 Cylinder Engine Gasoline Fuel,Dual Shift,Gray,Black,None reported,Yes,"$31,990",220.0,2.0,I4,2.0
546,546,Jeep,Wrangler Unlimited Sahara,2020,68816,Gasoline,2.0L I4 16V GDI DOHC Turbo,Automatic,Black Clearcoat,Black,None reported,Yes,"$35,297",285.0,2.0,I4,5.0
547,547,Audi,S6 4.0T,2016,91188,Gasoline,450.0HP 4.0L 8 Cylinder Engine Gasoline Fuel,Automatic,Black,Black,None reported,Yes,"$29,995",450.0,4.0,V8,5.0
548,548,GMC,Sierra 2500 SLE,2015,116210,E85 Flex Fuel,360.0HP 6.0L 8 Cylinder Engine Flex Fuel Capability,Dual Shift,Black,Beige,None reported,Yes,"$31,900",360.0,6.0,V8,5.0
549,549,Tesla,Model 3 Long Range,2022,3077,not defined,Dual Motor - Standard,Automatic,Silver,Black,None reported,No,"$44,998",346.0,0.0,Electric,5.0
550,550,Mazda,CX-90 Premium,2024,3880,Gasoline,2.5L,Automatic,Machine Gray Metallic,Black,None reported,Yes,"$52,991",187.0,2.5,I4,5.0
551,551,Ford,C-Max Energi SE,2017,67482,Plug-In Hybrid,188.0HP 2.0L 4 Cylinder Engine Plug-In Electric/Gas,Automatic,Gray,Black,At least 1 accident or damage reported,Yes,"$11,499",188.0,2.0,I4,5.0
552,552,Cadillac,Escalade ESV Platinum,2018,67726,Gasoline,420.0HP 6.2L 8 Cylinder Engine Gasoline Fuel,Automatic,Black,Black,None reported,Yes,"$52,000",420.0,6.2,V8,7.0
553,553,Audi,TT 3.2 Cabriolet quattro,2008,207000,Gasoline,250.0HP 3.2L V6 Cylinder Engine Gasoline Fuel,Manual,Black,Black,At least 1 accident or damage reported,Yes,"$10,500",250.0,3.2,V6,2.0
554,554,Hyundai,Santa Fe SE,2021,35550,Gasoline,2.5L I4 16V PDI DOHC,Automatic,Twilight Black,Black,At least 1 accident or damage reported,Yes,"$25,987",191.0,2.5,I4,5.0
555,555,Mercedes-Benz,AMG GLE AMG GLE 63 S-Model 4MATIC,2016,44000,Gasoline,577.0HP 5.5L 8 Cylinder Engine Gasoline Fuel,Automatic,Black,Black,None reported,Yes,"$46,599",577.0,5.5,V8,5.0
556,556,Mercedes-Benz,SL-Class SL 550,2015,11249,Gasoline,429.0HP 4.7L 8 Cylinder Engine Gasoline Fuel,Automatic,White,Beige,None reported,Yes,"$54,500",429.0,4.7,V8,2.0
557,557,Acura,MDX 3.5L Technology Package,2014,111650,Gasoline,290.0HP 3.5L V6 Cylinder Engine Gasoline Fuel,Automatic,Green,Beige,At least 1 accident or damage reported,Yes,"$17,500",290.0,3.5,V6,7.0
558,558,RAM,2500 Laramie,2019,18526,Diesel,6.7L I6 24V DDI OHV Turbo Diesel,Automatic,Pearl White,Black,None reported,No,"$67,999",370.0,6.7,I6,5.0
559,559,Audi,A7 Premium,2012,103272,Gasoline,310.0HP 3.0L V6 Cylinder Engine Gasoline Fuel,Automatic,Black,Brown,None reported,Yes,"$15,500",310.0,3.0,V6,5.0
560,560,BMW,M2 Base,2023,1160,Gasoline,453.0HP 3.0L Straight 6 Cylinder Engine Gasoline Fuel,Manual,Gray,Black,None reported,Yes,"$73,600",453.0,3.0,I6,4.0
561,561,RAM,1500 Laramie,2019,107714,Gasoline,5.7L V8 16V MPFI OHV,Automatic,Diamond Black,Black,None reported,Yes,"$34,918",395.0,5.7,V8,5.0
562,562,Audi,Q5 2.0T Premium Plus,2013,111773,Gasoline,211.0HP 2.0L 4 Cylinder Engine Gasoline Fuel,Automatic,Brown,Beige,None reported,Yes,"$17,000",211.0,2.0,I4,5.0
563,563,Cadillac,XTS Luxury,2019,54002,Gasoline,304.0HP 3.6L V6 Cylinder Engine Gasoline Fuel,Automatic,Black,Beige,At least 1 accident or damage reported,Yes,"$22,500",304.0,3.6,V6,5.0
564,564,Volkswagen,Jetta 1.4T SE,2016,87000,Gasoline,150.0HP 1.4L 4 Cylinder Engine Gasoline Fuel,Dual Shift,Gray,Gray,At least 1 accident or damage reported,Yes,"$13,000",150.0,1.4,I4,5.0
565,565,Ford,Focus RS Base,2016,49700,Gasoline,350.0HP 2.3L 4 Cylinder Engine Gasoline Fuel,Manual,Blue,Black,None reported,Yes,"$31,700",350.0,2.3,I4,4.0
566,566,Mercedes-Benz,AMG C 63 S,2017,34500,Gasoline,503.0HP 4.0L 8 Cylinder Engine Gasoline Fuel,Automatic,Gray,Black,None reported,Yes,"$64,600",503.0,4.0,V8,4.0
567,567,Ford,Bronco Sport Big Bend,2021,31729,Gasoline,1.5L I3 12V PDI DOHC Turbo,Automatic,Maroon,Medium Dark Slate,At least 1 accident or damage reported,Yes,"$29,614",181.0,1.5,I3,5.0
568,568,Jeep,Gladiator Overland,2021,7388,Gasoline,3.6L V6 24V MPFI DOHC,Automatic,Firecracker Red Clearcoat,Black,None reported,Yes,"$43,663",285.0,3.6,V6,5.0
569,569,BMW,330e iPerformance,2017,41550,Plug-In Hybrid,247.0HP 2.0L 4 Cylinder Engine Plug-In Electric/Gas,Dual Shift,Silver,Black,None reported,Yes,"$20,995",247.0,2.0,I4,5.0
570,570,Mercedes-Benz,GLC 300 Base 4MATIC,2018,44486,Gasoline,2.0L I4 16V GDI DOHC Turbo,Automatic,Gray,Black,None reported,No,"$25,625",255.0,2.0,I4,5.0
571,571,Acura,MDX 3.7L Advance,2013,20750,Gasoline,300.0HP 3.7L V6 Cylinder Engine Gasoline Fuel,Automatic,Black,Black,None reported,Yes,"$33,000",300.0,3.7,V6,7.0
572,572,Genesis,G70 3.3T,2022,12000,Gasoline,365.0HP 3.3L V6 Cylinder Engine Gasoline Fuel,Automatic,Green,Beige,None reported,Yes,"$41,000",365.0,3.3,V6,5.0
573,573,Lexus,LX 570 Three-Row,2021,14206,Gasoline,383.0HP 5.7L 8 Cylinder Engine Gasoline Fuel,Automatic,Black,Black,None reported,Yes,"$98,000",383.0,5.7,V8,8.0
574,574,Jeep,Grand Cherokee L Limited,2022,31700,Gasoline,293.0HP 3.6L V6 Cylinder Engine Gasoline Fuel,Automatic,Gray,Black,None reported,Yes,"$43,500",293.0,3.6,V6,7.0
575,575,Hyundai,IONIQ Plug-In Hybrid SEL,2022,13044,Plug-In Hybrid,139.0HP 1.6L 4 Cylinder Engine Plug-In Electric/Gas,Automatic,Blue,Gray,At least 1 accident or damage reported,Yes,"$24,999",139.0,1.6,I4,5.0
576,576,Kia,Sportage LX,2009,100730,Gasoline,173.0HP 2.7L V6 Cylinder Engine Gasoline Fuel,Automatic,Gold,Gold,None reported,Yes,"$6,975",173.0,2.7,V6,5.0
577,577,BMW,X5 PHEV xDrive45e,2023,5338,Plug-In Hybrid,389.0HP 3.0L Straight 6 Cylinder Engine Plug-In Electric/Gas,Automatic,Blue,White,None reported,Yes,"$76,500",389.0,3.0,I6,5.0
578,578,Ford,Expedition EL XLT,2014,85149,Gasoline,5.4 Liter,Automatic,Oxford White,Camel Leather,None reported,No,"$23,598",310.0,5.4,V8,8.0
579,579,BMW,X6 M Base,2018,48291,Gasoline,567.0HP 4.4L 8 Cylinder Engine Gasoline Fuel,Dual Shift,Gray,Brown,None reported,Yes,"$67,250",567.0,4.4,V8,4.0
580,580,Volkswagen,Eurovan MV,2001,111887,Gasoline,140.0HP 2.8L V6 Cylinder Engine Gasoline Fuel,Automatic,Blue,Gray,None reported,Yes,"$14,000",140.0,2.8,V6,7.0
581,581,Rolls-Royce,Ghost Base,2010,79000,Gasoline,563.0HP 6.6L 12 Cylinder Engine Gasoline Fuel,Automatic,Silver,Black,None reported,Yes,"$69,000",563.0,6.6,V12,5.0
582,582,Lincoln,Navigator Reserve,2016,125000,Gasoline,380.0HP 3.5L V6 Cylinder Engine Gasoline Fuel,Dual Shift,Gray,Beige,None reported,Yes,"$26,500",380.0,3.5,V6,8.0
583,583,Mercedes-Benz,GLA 250 Base 4MATIC,2022,13777,Gasoline,221.0HP 2.0L 4 Cylinder Engine Gasoline Fuel,Automatic,Black,Black,At least 1 accident or damage reported,Yes,"$39,777",221.0,2.0,I4,5.0
584,584,RAM,1500 Big Horn,2022,14920,Gasoline,3.6L V6 24V MPFI DOHC,Automatic,Diamond Black,Black,None reported,Yes,"$41,741",395.0,3.6,V6,5.0
585,585,Jeep,Grand Cherokee L Summit,2022,14627,Gasoline,3.6L V6 24V MPFI DOHC,Automatic,Diamond Black,Tupelo,None reported,No,"$56,740",290.0,3.6,V6,7.0
586,586,Volvo,S80 3.2,2010,90050,Gasoline,235.0HP 3.2L Straight 6 Cylinder Engine Gasoline Fuel,Automatic,Brown,Beige,None reported,Yes,"$5,800",235.0,3.2,Straight 6,5.0
587,587,Subaru,BRZ Premium,2014,45000,Gasoline,200.0HP 2.0L 4 Cylinder Engine Gasoline Fuel,Manual,Blue,Black,At least 1 accident or damage reported,Yes,"$25,000",200.0,2.0,I4,2.0
588,588,Chevrolet,Corvette Base,1998,7666,Gasoline,340.0HP 5.7L 8 Cylinder Engine Gasoline Fuel,Automatic,Red,Black,None reported,Yes,"$39,500",340.0,5.7,V8,2.0
589,589,Hummer,H2 SUT,2006,89900,Gasoline,325.0HP 6.0L 8 Cylinder Engine Gasoline Fuel,Automatic,Red,Beige,None reported,Yes,"$29,994",325.0,6.0,V8,5.0
590,590,Audi,RS 7 4.0T,2021,14724,Hybrid,4.0 Liter TFSI,Automatic,Glacier White,Black/Red,None reported,No,"$101,998",591.0,4.0,V8,4.0
591,591,Ford,Edge Sport,2011,132000,Gasoline,305.0HP 3.7L V6 Cylinder Engine Gasoline Fuel,Dual Shift,Black,Black,At least 1 accident or damage reported,Yes,"$10,999",305.0,3.7,V6,5.0
592,592,GMC,Terrain SLT,2010,32652,Gasoline,182.0HP 2.4L 4 Cylinder Engine Gasoline Fuel,Automatic,Red,Brown,None reported,Yes,"$6,500",182.0,2.4,I4,5.0
593,593,Land,Rover Range Rover 5.0L Supercharged Autobiography LWB,2018,36632,Gasoline,518.0HP 5.0L 8 Cylinder Engine Gasoline Fuel,Automatic,Blue,Blue,not defined,No,"$72,567",518.0,5.0,V8,5.0
594,594,Jeep,Grand Cherokee WK Laredo X,2022,11164,Gasoline,293.0HP 3.6L V6 Cylinder Engine Gasoline Fuel,Automatic,Black,Black,None reported,Yes,"$37,500",293.0,3.6,V6,5.0
595,595,BMW,M4 Base,2020,22655,Gasoline,425.0HP 3.0L Straight 6 Cylinder Engine Gasoline Fuel,Automatic,Silver,Black,None reported,Yes,"$63,999",425.0,3.0,I6,2.0
596,596,Mercedes-Benz,AMG GT 63 S 4-Door,2019,9500,Gasoline,630.0HP 4.0L 8 Cylinder Engine Gasoline Fuel,Dual Shift,Gray,Gray,None reported,Yes,"$135,000",630.0,4.0,V8,4.0
597,597,Chevrolet,Camaro 1LT,2021,10300,Gasoline,335.0HP 3.6L V6 Cylinder Engine Gasoline Fuel,Manual,Black,Black,None reported,Yes,"$29,900",335.0,3.6,V6,4.0
598,598,BMW,X6 M Base,2018,48000,Gasoline,567.0HP 4.4L 8 Cylinder Engine Gasoline Fuel,Automatic,Blue,Black,None reported,Yes,"$54,000",567.0,4.4,V8,4.0
599,599,Mercedes-Benz,CLK-Class 550,2007,138000,Gasoline,382.0HP 5.5L 8 Cylinder Engine Gasoline Fuel,Automatic,Silver,Black,At least 1 accident or damage reported,Yes,"$10,000",382.0,5.5,V8,4.0
600,600,RAM,1500 TRX,2022,24058,Gasoline,"HEMI 6.2L V-8 intercooled supercharger, premium unleaded, engine",Automatic,Flame Red Clearcoat,BLACK,None reported,No,"$81,900",702.0,6.2,V8,5.0
601,601,Audi,RS 7 4.0T Prestige,2016,31500,Gasoline,560.0HP 4.0L 8 Cylinder Engine Gasoline Fuel,Automatic,Gray,Black,None reported,Yes,"$67,000",560.0,4.0,V8,5.0
602,602,Porsche,Macan S,2020,19701,Gasoline,3.0 Liter,Automatic,–,–,None reported,No,"$55,998",348.0,3.0,V6,5.0
603,603,Genesis,GV70 3.5T Sport,2022,10200,Gasoline,375.0HP 3.5L V6 Cylinder Engine Gasoline Fuel,Automatic,White,Black,None reported,Yes,"$50,500",375.0,3.5,V6,5.0
604,604,Aston,Martin V8 Vantage Base,2008,62378,Gasoline,380.0HP 4.3L 8 Cylinder Engine Gasoline Fuel,Manual,Red,Beige,At least 1 accident or damage reported,Yes,"$33,995",380.0,4.3,V8,2.0
605,605,Nissan,350Z Touring,2006,84200,Gasoline,300.0HP 3.5L V6 Cylinder Engine Gasoline Fuel,Manual,Silver,Gray,None reported,Yes,"$10,200",300.0,3.5,V6,2.0
606,606,Toyota,Sequoia SR5,2013,138700,E85 Flex Fuel,381.0HP 5.7L 8 Cylinder Engine Flex Fuel Capability,Automatic,White,Gray,At least 1 accident or damage reported,Yes,"$18,800",381.0,5.7,V8,8.0
607,607,Chevrolet,Tahoe Premier,2021,41050,Gasoline,355.0HP 5.3L 8 Cylinder Engine Gasoline Fuel,Automatic,Gray,Gray,None reported,Yes,"$62,900",355.0,5.3,V8,8.0
608,608,Jeep,Compass Limited,2020,39192,Gasoline,2.4L I4 16V MPFI SOHC,Automatic,White Clearcoat,Black,None reported,No,"$24,590",180.0,2.4,I4,5.0
609,609,BMW,430 430i,2022,7758,Gasoline,2.0 Liter Turbo,Automatic,Black,Black,None reported,No,"$47,998",248.0,2.0,I4,4.0
610,610,Ford,Bronco Sport Outer Banks,2021,31654,Gasoline,1.5L I3 12V PDI DOHC Turbo,Automatic,Rapid Red Metallic Tinted Clearcoat,Navy Pier,None reported,No,"$33,410",181.0,1.5,I3,5.0
611,611,Mercedes-Benz,AMG C 63 Base,2017,63000,Gasoline,469.0HP 4.0L 8 Cylinder Engine Gasoline Fuel,Automatic,White,Black,At least 1 accident or damage reported,Yes,"$42,000",469.0,4.0,V8,5.0
612,612,Volvo,S40 T5,2005,257700,Gasoline,218.0HP 2.5L 5 Cylinder Engine Gasoline Fuel,Manual,Red,Beige,None reported,Yes,"$3,550",218.0,2.5,I5,5.0
613,613,Mercedes-Benz,GLE 350 Base 4MATIC,2017,57000,Gasoline,302.0HP 3.5L V6 Cylinder Engine Gasoline Fuel,Automatic,White,Black,At least 1 accident or damage reported,Yes,"$29,500",302.0,3.5,V6,5.0
614,614,Chevrolet,Silverado 1500 1LT,2017,89000,Gasoline,355.0HP 5.3L 8 Cylinder Engine Gasoline Fuel,Automatic,Gray,Gray,None reported,Yes,"$29,999",355.0,5.3,V8,5.0
615,615,Chevrolet,Tahoe LTZ,2015,134500,Gasoline,355.0HP 5.3L 8 Cylinder Engine Gasoline Fuel,Automatic,Black,Black,None reported,Yes,"$28,000",355.0,5.3,V8,7.0
616,616,Acura,MDX Technology,2022,15895,Gasoline,3.5L V6 24V GDI SOHC,Automatic,Majestic Black Pearl,Parchment,None reported,No,"$47,950",290.0,3.5,V6,7.0
617,617,Bentley,Bentayga Speed,2020,15109,Gasoline,6.0L W12 48V PDI DOHC Twin Turbo,Automatic,Ice,Beluga Hide,not defined,No,"$162,950",626.0,6.0,W12,5.0
618,618,Rolls-Royce,Cullinan,2022,398,Gasoline,6.7L V12 48V GDI DOHC Twin Turbo,Automatic,Silver,Charles Blue,None reported,Yes,"$695,000",563.0,6.7,V12,5.0
619,619,Genesis,GV70 2.5T,2022,20319,Gasoline,300.0HP 2.5L 4 Cylinder Engine Gasoline Fuel,Dual Shift,White,Black,None reported,Yes,"$44,249",300.0,2.5,I4,5.0
620,620,Pontiac,Firebird Base,1999,158000,Gasoline,200.0HP 3.8L V6 Cylinder Engine Gasoline Fuel,Automatic,White,Black,At least 1 accident or damage reported,Yes,"$2,500",200.0,3.8,V6,4.0
621,621,Lexus,GX 460 Base,2021,40906,Gasoline,4.6 Liter,Automatic,Black,Black,None reported,No,"$51,998",301.0,4.6,V8,5.0
622,622,BMW,ALPINA B7 ALPINA B7 xDrive,2020,33749,Gasoline,4.4 Liter Twin Turbo,Automatic,Blue,Red,None reported,No,"$85,998",600.0,4.4,V8,5.0
623,623,BMW,M4 Competition xDrive,2023,1120,Gasoline,503.0HP 3.0L Straight 6 Cylinder Engine Gasoline Fuel,Automatic,Gray,White,None reported,Yes,"$92,900",503.0,3.0,Straight 6,4.0
624,624,Jeep,Grand Cherokee L Limited,2021,26088,Gasoline,3.6L V6 24V MPFI DOHC,Automatic,Silver Zynith,Global Black,None reported,No,"$38,383",290.0,3.6,V6,7.0
625,625,Kia,Forte GT-Line,2022,14950,Gasoline,147.0HP 2.0L 4 Cylinder Engine Gasoline Fuel,Automatic,Silver,Gray,At least 1 accident or damage reported,Yes,"$24,000",147.0,2.0,I4,5.0
626,626,Kia,Forte LX,2018,47466,Gasoline,"2L I-4 DOHC, D-CVVT variable valve control, engine with 147HP",Automatic,Silky Silver,Black,None reported,No,"$14,699",147.0,2.0,I4,5.0
627,627,BMW,X6 M Base,2022,10376,Gasoline,4.4L V8 32V GDI DOHC Twin Turbo,Automatic,Ametrin Metallic,Black,None reported,No,"$98,900",567.0,4.4,V8,4.0
628,628,RAM,ProMaster 3500 High Roof,2021,18500,Gasoline,280.0HP 3.6L V6 Cylinder Engine Gasoline Fuel,Automatic,White,Black,None reported,Yes,"$41,950",280.0,3.6,V6,2.0
629,629,Volkswagen,Atlas Cross Sport 3.6L V6 SEL Premium,2021,24596,Gasoline,3.6L V6 24V GDI DOHC,Automatic,Deep Black Pearl Effect,Titan Black / Quarzit,None reported,No,"$38,322",276.0,3.6,V6,5.0
630,630,Hyundai,Santa Fe SEL,2021,2905,Gasoline,2.5L I4 16V PDI DOHC,Automatic,Shimmering Silver,Black,None reported,No,"$27,599",191.0,2.5,I4,5.0
631,631,Jaguar,XF 3.0 Portfolio,2015,71290,Gasoline,340.0HP 3.0L V6 Cylinder Engine Gasoline Fuel,Automatic,Brown,Black,At least 1 accident or damage reported,Yes,"$21,000",340.0,3.0,V6,5.0
632,632,Audi,A7 55 Premium Plus,2022,15000,Hybrid,335.0HP 3.0L V6 Cylinder Engine Gasoline/Mild Electric Hybrid,Automatic,Gray,Black,None reported,Yes,"$63,000",335.0,3.0,V6,5.0
633,633,INFINITI,QX30 Premium,2017,37900,Gasoline,208.0HP 2.0L 4 Cylinder Engine Gasoline Fuel,Automatic,Gray,Black,None reported,Yes,"$22,000",208.0,2.0,I4,5.0
634,634,Mercedes-Benz,AMG G 63 4MATIC,2022,2000,Gasoline,577.0HP 4.0L 8 Cylinder Engine Gasoline Fuel,Dual Shift,Black,Black,not defined,No,"$244,896",577.0,4.0,V8,5.0
635,635,Mercedes-Benz,AMG C 43 AMG C 43 4MATIC,2019,32500,Gasoline,385.0HP 3.0L V6 Cylinder Engine Gasoline Fuel,Automatic,Black,Black,None reported,Yes,"$43,500",385.0,3.0,V6,5.0
636,636,Mitsubishi,Lancer Evolution Base,2003,61491,Gasoline,271.0HP 2.0L 4 Cylinder Engine Gasoline Fuel,Manual,Blue,Black,At least 1 accident or damage reported,Yes,"$28,000",271.0,2.0,I4,4.0
637,637,Jeep,Wrangler Unlimited Sport,2013,77634,Gasoline,3.6L V6 24V MPFI DOHC,Automatic,Gecko Pearlcoat,Black,None reported,No,"$24,590",285.0,3.6,V6,5.0
638,638,Audi,A3 2.0 TDI Premium Plus,2015,83000,Diesel,150.0HP 2.0L 4 Cylinder Engine Diesel Fuel,Automatic,Black,Black,At least 1 accident or damage reported,Yes,"$18,999",150.0,2.0,I4,5.0
639,639,Volkswagen,Jetta GLX VR6,2002,121800,Gasoline,174.0HP 2.8L V6 Cylinder Engine Gasoline Fuel,Manual,Black,Black,None reported,Yes,"$4,300",174.0,2.8,V6,5.0
640,640,BMW,ALPINA B7 ALPINA B7 xDrive,2020,65852,Gasoline,4.4 Liter Twin Turbo,Automatic,Black,Mocha,None reported,No,"$68,998",600.0,4.4,V8,5.0
641,641,Bentley,Bentayga Azure First Edition,2023,1335,Gasoline,4.0L V8 32V GDI DOHC Twin Turbo,Automatic,Onyx,Portland,None reported,Yes,"$272,950",542.0,4.0,V8,5.0
642,642,Mercedes-Benz,CLA-Class CLA 250,2014,83315,Gasoline,208.0HP 2.0L 4 Cylinder Engine Gasoline Fuel,Automatic,White,White,None reported,Yes,"$15,000",208.0,2.0,I4,5.0
643,643,BMW,i8 Base,2019,18421,Plug-In Hybrid,369.0HP 1.5L 3 Cylinder Engine Plug-In Electric/Gas,Automatic,Black,Black,not defined,No,"$85,000",369.0,1.5,I3,4.0
644,644,Lexus,CT 200h Premium,2015,101000,Hybrid,134.0HP 1.8L 4 Cylinder Engine Gas/Electric Hybrid,Automatic,Black,Black,At least 1 accident or damage reported,Yes,"$16,500",134.0,1.8,I4,5.0
645,645,Toyota,Tundra SR5,2022,29322,Gasoline,3.4L V6 24V PDI DOHC Twin Turbo,Automatic,Gray,Black,None reported,No,"$44,999",389.0,3.4,V6,5.0
646,646,Mercedes-Benz,SLC 300 Base,2019,23900,Gasoline,241.0HP 2.0L 4 Cylinder Engine Gasoline Fuel,Automatic,White,Black,None reported,Yes,"$35,999",241.0,2.0,I4,2.0
647,647,Mercedes-Benz,AMG C AMG C 63 S,2016,40515,Gasoline,4.0L V8 32V GDI DOHC Twin Turbo,Automatic,Black,Black,At least 1 accident or damage reported,No,"$47,999",503.0,4.0,V8,5.0
648,648,Ford,F-150 XLT,2020,67516,Gasoline,3.5L V6 24V PDI DOHC Twin Turbo,Automatic,Gray,Medium Light Camel,None reported,Yes,"$36,994",400.0,3.5,V6,5.0
649,649,Mazda,CX-9 Grand Touring,2010,155000,Gasoline,273.0HP 3.7L V6 Cylinder Engine Gasoline Fuel,Automatic,Silver,Black,None reported,Yes,"$8,300",273.0,3.7,V6,7.0
650,650,Honda,Ridgeline RTL-E,2019,26998,Gasoline,3.5L V6 24V GDI SOHC,Automatic,Black,Black,None reported,No,"$35,557",280.0,3.5,V6,5.0
651,651,Bentley,Bentayga Onyx Edition,2018,18500,Gasoline,600.0HP 6.0L 12 Cylinder Engine Gasoline Fuel,Automatic,Black,Brown,None reported,Yes,"$115,000",600.0,6.0,V12,5.0
652,652,MINI,Cooper S Clubman Base,2009,137600,Gasoline,172.0HP 1.6L 4 Cylinder Engine Gasoline Fuel,Manual,Gold,Black,None reported,Yes,"$6,880",172.0,1.6,I4,5.0
653,653,Nissan,Murano SL,2005,125500,Gasoline,245.0HP 3.5L V6 Cylinder Engine Gasoline Fuel,Automatic,Black,Beige,None reported,Yes,"$3,950",245.0,3.5,V6,5.0
654,654,Bentley,Bentayga V8,2019,22039,Gasoline,542.0HP 4.0L 8 Cylinder Engine Gasoline Fuel,Automatic,White,Black,None reported,Yes,"$113,990",542.0,4.0,V8,5.0
655,655,Nissan,Juke SV,2011,137483,Gasoline,188.0HP 1.6L 4 Cylinder Engine Gasoline Fuel,Automatic,White,Gray,None reported,Yes,"$3,200",188.0,1.6,I4,5.0
656,656,Ford,Expedition Max Limited,2019,67500,Gasoline,375.0HP 3.5L V6 Cylinder Engine Gasoline Fuel,Automatic,Gray,Black,None reported,Yes,"$40,500",375.0,3.5,V6,8.0
657,657,Ford,Expedition Max King Ranch,2020,52000,Gasoline,375.0HP 3.5L V6 Cylinder Engine Gasoline Fuel,Automatic,Gray,Brown,At least 1 accident or damage reported,Yes,"$53,722",375.0,3.5,V6,8.0
658,658,Lamborghini,Murcielago Base,2006,10000,Gasoline,571.0HP 6.2L 12 Cylinder Engine Gasoline Fuel,Automatic,Red,Black,None reported,Yes,"$259,000",571.0,6.2,V12,2.0
659,659,Chevrolet,Suburban LT,2017,195361,Gasoline,355.0HP 5.3L 8 Cylinder Engine Gasoline Fuel,Dual Shift,Black,Black,At least 1 accident or damage reported,Yes,"$26,000",355.0,5.3,V8,8.0
660,660,Bentley,Bentayga Onyx Edition,2018,32500,Gasoline,600.0HP 6.0L 12 Cylinder Engine Gasoline Fuel,Automatic,Black,Beige,At least 1 accident or damage reported,Yes,"$103,000",600.0,6.0,V12,5.0
661,661,BMW,M760 i xDrive,2019,14806,Gasoline,601.0HP 6.6L 12 Cylinder Engine Gasoline Fuel,Dual Shift,Black,Black,At least 1 accident or damage reported,Yes,"$81,330",601.0,6.6,V12,5.0
662,662,Genesis,GV70 2.5T,2022,11000,Gasoline,300.0HP 2.5L 4 Cylinder Engine Gasoline Fuel,Automatic,White,–,At least 1 accident or damage reported,Yes,"$48,950",300.0,2.5,I4,5.0
663,663,Chevrolet,Tahoe LT,2011,92530,E85 Flex Fuel,320.0HP 5.3L 8 Cylinder Engine Flex Fuel Capability,Automatic,Red,Black,At least 1 accident or damage reported,Yes,"$18,500",320.0,5.3,V8,8.0
664,664,Dodge,Durango GT,2017,34845,Gasoline,295.0HP 3.6L V6 Cylinder Engine Gasoline Fuel,Automatic,White,Black,At least 1 accident or damage reported,Yes,"$30,000",295.0,3.6,V6,7.0
665,665,Porsche,718 Cayman GTS,2018,16280,Gasoline,365.0HP 2.5L 4 Cylinder Engine Gasoline Fuel,Dual Shift,Red,Black,None reported,Yes,"$85,500",365.0,2.5,I4,2.0
666,666,Porsche,Cayman Base,2011,77000,Gasoline,265.0HP 2.9L Flat 6 Cylinder Engine Gasoline Fuel,Automatic,Red,Beige,None reported,Yes,"$32,000",265.0,2.9,Flat 6,2.0
667,667,Porsche,Panamera Turbo,2010,63000,Gasoline,500.0HP 4.8L 8 Cylinder Engine Gasoline Fuel,Automatic,Black,Beige,At least 1 accident or damage reported,Yes,"$38,500",500.0,4.8,V8,4.0
668,668,Lexus,ES 350 Base,2016,39700,Gasoline,268.0HP 3.5L V6 Cylinder Engine Gasoline Fuel,Automatic,White,Beige,None reported,Yes,"$25,500",268.0,3.5,V6,5.0
669,669,Kia,Optima Hybrid LX,2013,103111,Hybrid,199.0HP 2.4L 4 Cylinder Engine Gas/Electric Hybrid,Automatic,Silver,Beige,At least 1 accident or damage reported,Yes,"$9,200",199.0,2.4,I4,5.0
670,670,Land,Rover Range Rover Velar R-Dynamic SE,2019,75897,Gasoline,2.0 Liter,Automatic,Black,Black,None reported,No,"$35,998",247.0,2.0,I4,5.0
671,671,Jaguar,XF S,2017,55000,Gasoline,380.0HP 3.0L V6 Cylinder Engine Gasoline Fuel,Dual Shift,Gray,Red,None reported,Yes,"$34,000",380.0,3.0,V6,5.0
672,672,Lexus,GX 470 Base,2005,114000,Gasoline,270.0HP 4.7L 8 Cylinder Engine Gasoline Fuel,Automatic,Silver,Gray,At least 1 accident or damage reported,Yes,"$13,450",270.0,4.7,V8,7.0
673,673,Mercedes-Benz,GL-Class GL 550,2011,80124,Gasoline,382.0HP 5.5L 8 Cylinder Engine Gasoline Fuel,Automatic,Black,Black,None reported,Yes,"$17,500",382.0,5.5,V8,7.0
674,674,BMW,X6 M Base,2023,7000,Gasoline,600.0HP 4.4L 8 Cylinder Engine Gasoline Fuel,Dual Shift,Gray,Gray,None reported,Yes,"$144,900",600.0,4.4,V8,4.0
675,675,RAM,1500 Longhorn,2023,4285,Gasoline,5.7L V8 16V MPFI OHV,Automatic,Delmonico Red Pearlcoat,Black / Saddle,None reported,Yes,"$65,688",395.0,5.7,V8,5.0
676,676,Lamborghini,Huracan LP580-2S,2019,17175,Gasoline,5.2L V10 40V GDI DOHC,Automatic,Rosso Mars Metallic,Nero Ade,None reported,No,"$234,900",580.0,5.2,V10,2.0
677,677,Toyota,Highlander Hybrid Limited Platinum,2017,34049,Hybrid,3.5L V6 24V PDI DOHC Hybrid,Automatic,Shoreline Blue Pearl,Ash,None reported,No,"$37,999",243.0,3.5,V6,7.0
678,678,Audi,e-tron Prestige,2019,16000,not defined,355.0HP Electric Motor Electric Fuel System,Automatic,White,Beige,At least 1 accident or damage reported,Yes,"$39,990",355.0,0.0,Electric,5.0
679,679,GMC,Suburban 2500,1996,95000,Gasoline,290.0HP 7.4L 8 Cylinder Engine Gasoline Fuel,Automatic,White,Gray,None reported,Yes,"$25,000",290.0,7.4,V8,8.0
680,680,Land,Rover Range Rover Velar SVAutobiography Dynamic Edition,2020,59355,Gasoline,V8,Automatic,Santorini Black,Ebony / Pimento,None reported,Yes,"$72,995",550.0,5.0,V8,5.0
681,681,Chevrolet,Bolt EUV Premier,2022,31000,not defined,200.0HP Electric Motor Electric Fuel System,Automatic,Red,White,None reported,Yes,"$36,000",200.0,0.0,Electric,5.0
682,682,BMW,M240 i,2019,19300,Gasoline,335.0HP 3.0L Straight 6 Cylinder Engine Gasoline Fuel,Automatic,White,Red,None reported,Yes,"$36,000",335.0,3.0,I6,4.0
683,683,Cadillac,Escalade EXT Base,2009,155000,E85 Flex Fuel,403.0HP 6.2L 8 Cylinder Engine Flex Fuel Capability,Automatic,Red,Beige,At least 1 accident or damage reported,Yes,"$16,900",403.0,6.2,V8,5.0
684,684,Scion,tC Release Series 6.0,2010,120010,Gasoline,161.0HP 2.4L 4 Cylinder Engine Gasoline Fuel,Automatic,Gray,Black,At least 1 accident or damage reported,Yes,"$6,500",161.0,2.4,I4,4.0
685,685,Kia,Optima EX,2012,152520,Gasoline,200.0HP 2.4L 4 Cylinder Engine Gasoline Fuel,Automatic,White,Beige,None reported,Yes,"$10,900",200.0,2.4,I4,5.0
686,686,Honda,Civic EX,1993,58981,not defined,–,Automatic,White,Beige,None reported,Yes,"$9,599",158.0,2.0,I4,5.0
687,687,Maserati,Quattroporte Base,2005,32000,Gasoline,394.0HP 4.2L 8 Cylinder Engine Gasoline Fuel,Dual Shift,Red,Beige,At least 1 accident or damage reported,Yes,"$2,954,083",394.0,4.2,V8,5.0
688,688,Porsche,Panamera Turbo,2015,47000,Gasoline,520.0HP 4.8L 8 Cylinder Engine Gasoline Fuel,Dual Shift,Black,Brown,None reported,Yes,"$50,000",520.0,4.8,V8,4.0
689,689,Genesis,G70 2.0T,2023,2046,Gasoline,252.0HP 2.0L 4 Cylinder Engine Gasoline Fuel,Automatic,Green,Gray,None reported,Yes,"$43,499",252.0,2.0,I4,5.0
690,690,Chevrolet,Trailblazer LS,2021,24965,Gasoline,1.2L I3 12V GDI DOHC Turbo,Automatic,Mosaic Black Metallic,Jet Black,At least 1 accident or damage reported,Yes,"$22,995",155.0,1.2,I3,5.0
691,691,Toyota,Camry LE,2005,108000,Gasoline,160.0HP 2.4L 4 Cylinder Engine Gasoline Fuel,Automatic,Beige,Gray,None reported,Yes,"$7,850",160.0,2.4,I4,5.0
692,692,Toyota,Sienna LE,2015,76000,Gasoline,266.0HP 3.5L V6 Cylinder Engine Gasoline Fuel,Automatic,Red,Gray,None reported,Yes,"$18,300",266.0,3.5,V6,7.0
693,693,Porsche,911 Carrera S,2014,30000,Gasoline,400.0HP 3.8L Flat 6 Cylinder Engine Gasoline Fuel,Automatic,Black,Brown,None reported,Yes,"$78,500",400.0,3.8,Flat 6,2.0
694,694,Volvo,V60 T6 R-Design Platinum,2015,59271,Gasoline,325.0HP 3.0L Straight 6 Cylinder Engine Gasoline Fuel,Automatic,Blue,Black,None reported,Yes,"$29,900",325.0,3.0,I6,5.0
695,695,Lexus,LX 600 Premium,2023,1500,Gasoline,409.0HP 3.4L V6 Cylinder Engine Gasoline Fuel,Automatic,Gray,Black,not defined,No,"$119,500",409.0,3.4,V6,5.0
696,696,BMW,330e iPerformance,2017,52500,Plug-In Hybrid,247.0HP 2.0L 4 Cylinder Engine Plug-In Electric/Gas,Dual Shift,Blue,Black,At least 1 accident or damage reported,Yes,"$24,950",247.0,2.0,I4,5.0
697,697,Tesla,Model Y Long Range,2020,23100,not defined,425.0HP Electric Motor Electric Fuel System,Automatic,Blue,White,None reported,Yes,"$36,495",425.0,0.0,Electric,5.0
698,698,FIAT,124 Spider Abarth,2017,45000,Gasoline,164.0HP 1.4L 4 Cylinder Engine Gasoline Fuel,Manual,Gray,Black,At least 1 accident or damage reported,Yes,"$22,500",164.0,1.4,I4,2.0
699,699,Dodge,Ram 1500 Quad Cab,2002,179000,Gasoline,245.0HP 5.9L 8 Cylinder Engine Gasoline Fuel,Automatic,Black,Black,At least 1 accident or damage reported,Yes,"$6,500",245.0,5.9,V8,5.0
700,700,Toyota,Supra A91-MT Edition,2023,1500,Gasoline,382.0HP 3.0L Straight 6 Cylinder Engine Gasoline Fuel,Manual,Gray,Orange,None reported,Yes,"$84,900",382.0,3.0,I6,2.0
701,701,BMW,X7 xDrive40i,2022,38671,Hybrid,3.0 Liter Turbo,Automatic,Gray,Blk,None reported,No,"$66,998",335.0,3.0,I6,7.0
702,702,Jeep,Wrangler Unlimited X,2007,135465,Gasoline,205.0HP 3.8L V6 Cylinder Engine Gasoline Fuel,Automatic,Black,Gray,None reported,Yes,"$15,750",205.0,3.8,V6,5.0
703,703,MINI,Countryman Cooper S ALL4,2014,79000,Gasoline,181.0HP 1.6L 4 Cylinder Engine Gasoline Fuel,Dual Shift,White,Black,None reported,Yes,"$17,000",181.0,1.6,I4,5.0
704,704,Nissan,Maxima SV,2012,42259,Gasoline,290.0HP 3.5L V6 Cylinder Engine Gasoline Fuel,Automatic,Black,Black,At least 1 accident or damage reported,Yes,"$17,000",290.0,3.5,V6,5.0
705,705,Toyota,Camry Solara SLE V6,2006,159890,Gasoline,225.0HP 3.3L V6 Cylinder Engine Gasoline Fuel,Automatic,Blue,Gray,At least 1 accident or damage reported,Yes,"$6,500",225.0,3.3,V6,5.0
706,706,Maserati,Grecale Modena,2023,2200,Hybrid,325.0HP 2.0L 4 Cylinder Engine Gasoline/Mild Electric Hybrid,Dual Shift,Black,Red,None reported,Yes,"$75,000",325.0,2.0,I4,5.0
707,707,Lexus,RX 450h Base,2022,15833,Hybrid,308.0HP 3.5L V6 Cylinder Engine Gas/Electric Hybrid,Automatic,White,Beige,None reported,Yes,"$52,000",308.0,3.5,V6,5.0
708,708,BMW,328 i xDrive,2013,96000,Gasoline,240.0HP 2.0L 4 Cylinder Engine Gasoline Fuel,Dual Shift,Black,Black,At least 1 accident or damage reported,Yes,"$13,500",240.0,2.0,I4,5.0
709,709,BMW,135 i,2009,72900,Gasoline,300.0HP 3.0L Straight 6 Cylinder Engine Gasoline Fuel,Automatic,Gray,Gray,None reported,Yes,"$15,500",300.0,3.0,Straight 6,4.0
710,710,BMW,X7 M50i,2021,7121,Gasoline,4.4 Liter Twin Turbo,Automatic,Gray,Black,None reported,No,"$94,998",523.0,4.4,V8,7.0
711,711,Hyundai,Tucson Hybrid SEL Convenience,2023,3402,Hybrid,226.0HP 1.6L 4 Cylinder Engine Gas/Electric Hybrid,Automatic,White,Black,None reported,Yes,"$44,000",226.0,1.6,I4,5.0
712,712,Volvo,C30 T5 Premier Plus,2013,73000,Gasoline,227.0HP 2.5L 5 Cylinder Engine Gasoline Fuel,Automatic,Silver,Black,None reported,Yes,"$13,900",227.0,2.5,I5,5.0
713,713,Karma,Revero Base,2018,21000,not defined,403.0HP 2.0L Electric Motor Electric Fuel System,Automatic,White,Black,None reported,Yes,"$51,000",403.0,2.0,Electric,4.0
714,714,BMW,X7 xDrive40i,2021,30309,Hybrid,3.0 Liter Turbo,Automatic,Blue,Tan,None reported,No,"$63,598",335.0,3.0,I6,7.0
715,715,Ford,Mustang Mach-E California Route 1,2021,24000,not defined,290.0HP Electric Motor Electric Fuel System,Automatic,White,Black,None reported,Yes,"$38,000",290.0,0.0,Electric,5.0
716,716,BMW,740 i,2016,73000,Gasoline,320.0HP 3.0L Straight 6 Cylinder Engine Gasoline Fuel,Dual Shift,Black,Black,None reported,Yes,"$23,999",320.0,3.0,I6,5.0
717,717,Ford,Edge SEL,2019,26465,Gasoline,2.0L I4 16V GDI DOHC Turbo,Automatic,White Platinum Tri-Coat Metallic,Ebony,None reported,No,"$24,998",250.0,2.0,I4,5.0
718,718,Volkswagen,Arteon 2.0T SEL Premium R-Line,2020,26870,Gasoline,2.0L I4 16V GDI DOHC Turbo,Automatic,Deep Black Pearl Effect,Mistral Gray / Raven,At least 1 accident or damage reported,Yes,"$34,645",268.0,2.0,I4,5.0
719,719,Honda,Pilot EX,2004,184000,Gasoline,240.0HP 3.5L V6 Cylinder Engine Gasoline Fuel,Automatic,Blue,Gray,At least 1 accident or damage reported,Yes,"$10,500",240.0,3.5,V6,8.0
720,720,BMW,X7 ALPINA XB7,2022,4514,Gasoline,4.4 Liter Twin Turbo,Automatic,Gray,Black,None reported,No,"$132,998",612.0,4.4,V8,7.0
721,721,RAM,2500 Tradesman,2022,1300,Gasoline,410.0HP 6.4L 8 Cylinder Engine Gasoline Fuel,Automatic,Red,Black,None reported,Yes,"$48,000",410.0,6.4,V8,5.0
722,722,Jeep,Grand Cherokee Limited,2018,49924,Gasoline,293.0HP 3.6L V6 Cylinder Engine Gasoline Fuel,Automatic,White,Black,None reported,Yes,"$26,500",293.0,3.6,V6,5.0
723,723,GMC,Yukon Denali,2019,36526,Gasoline,420.0HP 6.2L 8 Cylinder Engine Gasoline Fuel,Automatic,Red,Black,None reported,Yes,"$57,850",420.0,6.2,V8,7.0
724,724,BMW,M6 Base,2015,37000,Gasoline,560.0HP 4.4L 8 Cylinder Engine Gasoline Fuel,Dual Shift,Silver,Silver,None reported,Yes,"$45,950",560.0,4.4,V8,4.0
725,725,Acura,MDX 3.5L w/Advance & Entertainment Pkgs,2017,79884,Gasoline,3.5L V6 24V GDI SOHC,Automatic,Gray,Graystone,At least 1 accident or damage reported,No,"$24,840",290.0,3.5,V6,7.0
726,726,Volkswagen,Beetle 1.8T,2016,30000,Gasoline,170.0HP 1.8L 4 Cylinder Engine Gasoline Fuel,Dual Shift,Blue,Beige,At least 1 accident or damage reported,Yes,"$19,000",170.0,1.8,I4,4.0
727,727,BMW,X6 M Base,2021,11102,Gasoline,600.0HP 4.4L 8 Cylinder Engine Gasoline Fuel,Automatic,Black,Black,None reported,Yes,"$101,000",600.0,4.4,V8,4.0
728,728,Ford,Mustang GT Premium,2012,105500,Gasoline,412.0HP 5.0L 8 Cylinder Engine Gasoline Fuel,Manual,Silver,Black,None reported,Yes,"$19,000",412.0,5.0,V8,4.0
729,729,BMW,X7 xDrive50i,2019,31157,Gasoline,4.4 Liter GDI DOHC Twin Turbo,Automatic,Black,Blk,None reported,No,"$65,998",456.0,4.4,V8,7.0
730,730,Kia,Sorento LX V6,2019,86204,Gasoline,3.3L V6 24V GDI DOHC,Automatic,Sparkling Silver,Satin Black,At least 1 accident or damage reported,No,"$20,708",290.0,3.3,V6,7.0
731,731,BMW,435 i,2014,80211,Gasoline,300.0HP 3.0L Straight 6 Cylinder Engine Gasoline Fuel,Automatic,Gray,Red,At least 1 accident or damage reported,Yes,"$17,995",300.0,3.0,I6,4.0
732,732,Aston,Martin V8 Vantage Base,2010,25991,Gasoline,420.0HP 4.7L 8 Cylinder Engine Gasoline Fuel,Automatic,Silver,Black,None reported,Yes,"$69,995",420.0,4.7,V8,2.0
733,733,Mercedes-Benz,CLK-Class CLK 350,2008,73000,Gasoline,268.0HP 3.5L V6 Cylinder Engine Gasoline Fuel,Automatic,Black,Black,None reported,Yes,"$8,400",268.0,3.5,V6,4.0
734,734,BMW,740 i,2018,40989,Gasoline,320.0HP 3.0L Straight 6 Cylinder Engine Gasoline Fuel,Automatic,Black,Gold,None reported,Yes,"$35,000",320.0,3.0,I6,5.0
735,735,Dodge,Caliber Express,2010,102681,Gasoline,158.0HP 2.0L 4 Cylinder Engine Gasoline Fuel,Manual,Red,Black,None reported,Yes,"$6,000",158.0,2.0,I4,5.0
736,736,Acura,ZDX Base,2010,123000,Gasoline,300.0HP 3.7L V6 Cylinder Engine Gasoline Fuel,Dual Shift,Black,Black,At least 1 accident or damage reported,Yes,"$13,888",300.0,3.7,V6,5.0
737,737,Jeep,Wrangler X,2005,160900,Gasoline,190.0HP 4.0L Straight 6 Cylinder Engine Gasoline Fuel,Automatic,Black,–,At least 1 accident or damage reported,Yes,"$7,200",190.0,4.0,I6,4.0
738,738,BMW,M3 Base,2011,105000,Gasoline,414.0HP 4.0L 8 Cylinder Engine Gasoline Fuel,Manual,Silver,Black,At least 1 accident or damage reported,Yes,"$21,900",414.0,4.0,I6,4.0
739,739,Kia,Sportage Plug-In Hybrid X-Line,2023,1340,Plug-In Hybrid,177.0HP 1.6L 4 Cylinder Engine Plug-In Electric/Gas,Automatic,Black,Black,None reported,Yes,"$41,000",177.0,1.6,I4,5.0
740,740,Ford,Mustang Mach-E Premium,2021,17850,not defined,266.0HP Electric Motor Electric Fuel System,Automatic,Red,Black,None reported,Yes,"$41,999",266.0,0.0,Electric,5.0
741,741,BMW,M3 Base,2011,72277,Gasoline,414.0HP 4.0L 8 Cylinder Engine Gasoline Fuel,Dual Shift,Gray,Red,None reported,Yes,"$34,950",414.0,4.0,I6,4.0
742,742,Jeep,Wrangler Rubicon,2023,7000,Hybrid,285.0HP 3.6L V6 Cylinder Engine Gasoline/Mild Electric Hybrid,Automatic,Gray,Black,None reported,Yes,"$46,000",285.0,3.6,V6,4.0
743,743,Porsche,Panamera 4 Platinum Edition,2022,10627,Gasoline,"2.9L V-6 gasoline direct injection, DOHC, variable valve control",Automatic,Chalk,BLACK,None reported,No,"$99,000",330.0,2.9,V6,4.0
744,744,Ford,Explorer XLT,2020,67015,Gasoline,2.3L I4 16V GDI DOHC Turbo,Automatic,Oxford White,Sandstone,None reported,No,"$28,590",300.0,2.3,I4,7.0
745,745,BMW,M4 Base,2018,19600,Gasoline,425.0HP 3.0L Straight 6 Cylinder Engine Gasoline Fuel,Automatic,Black,Black,At least 1 accident or damage reported,Yes,"$62,000",425.0,3.0,I6,2.0
746,746,Ford,Mustang Mach-E Premium,2022,5800,not defined,346.0HP Electric Motor Electric Fuel System,Automatic,White,White,None reported,Yes,"$42,500",346.0,0.0,Electric,5.0
747,747,FIAT,500e Battery Electric,2017,33812,not defined,111.0HP Electric Motor Electric Fuel System,Automatic,Silver,Black,None reported,Yes,"$14,999",111.0,0.0,Electric,4.0
748,748,Cadillac,Escalade Luxury,2015,99897,Gasoline,420.0HP 6.2L 8 Cylinder Engine Gasoline Fuel,Automatic,Black,Black,None reported,Yes,"$26,950",420.0,6.2,V8,7.0
749,749,Mercedes-Benz,SL-Class SL 550,2014,127500,Gasoline,429.0HP 4.7L 8 Cylinder Engine Gasoline Fuel,Dual Shift,White,White,None reported,Yes,"$29,000",429.0,4.7,V8,2.0
750,750,Ford,Expedition Limited,2021,23842,Gasoline,3.5L V6 24V PDI DOHC Twin Turbo,Automatic,Gray,Medium Stone,None reported,Yes,"$59,203",400.0,3.5,V6,8.0
751,751,Rivian,R1S Adventure Package,2023,2108,not defined,835.0HP Electric Motor Electric Fuel System,Automatic,Silver,White,None reported,Yes,"$91,000",835.0,0.0,Electric,7.0
752,752,BMW,M6 Base,2014,65550,Gasoline,560.0HP 4.4L 8 Cylinder Engine Gasoline Fuel,Dual Shift,Black,Black,None reported,Yes,"$39,985",560.0,4.4,V8,4.0
753,753,Lamborghini,Huracan LP580-2,2017,22000,Gasoline,573.0HP 5.2L 10 Cylinder Engine Gasoline Fuel,Dual Shift,White,Black,None reported,Yes,"$210,000",573.0,5.2,V10,2.0
754,754,Ford,Bronco Wildtrak Advanced,2022,15600,Gasoline,315.0HP 2.7L V6 Cylinder Engine Gasoline Fuel,Dual Shift,Gray,–,At least 1 accident or damage reported,Yes,"$68,995",315.0,2.7,V6,5.0
755,755,Lexus,LC 500 Base,2021,22400,Gasoline,471.0HP 5.0L 8 Cylinder Engine Gasoline Fuel,Automatic,White,Red,None reported,Yes,"$81,900",471.0,5.0,V8,2.0
756,756,Lexus,LS 460 Crafted Line,2015,89150,Gasoline,360.0HP 4.6L 8 Cylinder Engine Gasoline Fuel,Automatic,White,Black,None reported,Yes,"$31,900",360.0,4.6,V8,5.0
757,757,BMW,M4 Base,2023,15000,Gasoline,"3L I-6 gasoline direct injection, DOHC, Double VANOS variable va",Automatic,BLUE,ORANGE,None reported,No,"$81,000",425.0,3.0,I6,2.0
758,758,Audi,A3 2.0T Tech Premium,2018,49500,Gasoline,220.0HP 2.0L 4 Cylinder Engine Gasoline Fuel,Automatic,Blue,Gray,None reported,Yes,"$25,000",220.0,2.0,I4,5.0
759,759,Audi,S8 4.2 quattro,2003,126000,Gasoline,360.0HP 4.2L 8 Cylinder Engine Gasoline Fuel,Dual Shift,Gray,Black,not defined,No,"$13,850",360.0,4.2,V8,5.0
760,760,Volkswagen,Golf GTI 2.0T Autobahn 4-Door,2015,85385,Gasoline,210.0HP 2.0L 4 Cylinder Engine Gasoline Fuel,Manual,Gray,Black,None reported,Yes,"$15,550",210.0,2.0,I4,5.0
761,761,Cadillac,Escalade Sport,2023,3000,Diesel,277.0HP 3.0L Straight 6 Cylinder Engine Diesel Fuel,Automatic,White,Brown,None reported,Yes,"$123,999",277.0,3.0,Straight 6,7.0
762,762,Hyundai,Tucson SE,2018,66126,Gasoline,2.0L I4 16V GDI DOHC,Automatic,Dazzling White,Gray,None reported,No,"$19,190",147.0,2.0,I4,5.0
763,763,Toyota,GR86 Premium,2023,1075,Gasoline,228.0HP 2.4L 4 Cylinder Engine Gasoline Fuel,Manual,White,Black,None reported,Yes,"$35,000",228.0,2.4,I4,4.0
764,764,Ford,Bronco Raptor,2023,2489,Gasoline,3.0L V6 24V GDI DOHC Twin Turbo,Automatic,Oxford White,Black Onyx,None reported,No,"$98,900",400.0,3.0,V6,5.0
765,765,Hyundai,Santa Fe SEL,2021,25000,Gasoline,191.0HP 2.5L 4 Cylinder Engine Gasoline Fuel,Automatic,Black,Gray,None reported,Yes,"$28,500",191.0,2.5,I4,5.0
766,766,Nissan,Armada Platinum,2017,92000,Gasoline,390.0HP 5.6L 8 Cylinder Engine Gasoline Fuel,Automatic,Black,Black,None reported,Yes,"$20,900",390.0,5.6,V8,8.0
767,767,Lexus,GX 470 Base,2008,123500,Gasoline,263.0HP 4.7L 8 Cylinder Engine Gasoline Fuel,Automatic,White,Gray,At least 1 accident or damage reported,Yes,"$14,500",263.0,4.7,V8,7.0
768,768,Cadillac,CTS Premium,2013,105000,Gasoline,318.0HP 3.6L V6 Cylinder Engine Gasoline Fuel,Automatic,Black,Black,At least 1 accident or damage reported,Yes,"$12,000",318.0,3.6,V6,5.0
769,769,Audi,R8 Base,2008,49000,Gasoline,420.0HP 4.2L 8 Cylinder Engine Gasoline Fuel,Manual,Black,Black,None reported,Yes,"$63,000",420.0,4.2,V8,2.0
770,770,Jaguar,F-PACE S,2020,28357,Gasoline,3.0 Liter,Automatic,Santorini Black Metallic,Pimento Red w/Ebony,None reported,No,"$47,598",380.0,3.0,I6,5.0
771,771,Chevrolet,Silverado 1500 1LT,2018,81000,E85 Flex Fuel,285.0HP 4.3L V6 Cylinder Engine Flex Fuel Capability,Automatic,Red,Gray,None reported,Yes,"$32,000",285.0,4.3,V6,5.0
772,772,Ford,Expedition Limited,2021,45000,Gasoline,375.0HP 3.5L V6 Cylinder Engine Gasoline Fuel,Dual Shift,Gray,Black,None reported,Yes,"$52,000",375.0,3.5,V6,8.0
773,773,Toyota,Sequoia Platinum,2011,173456,E85 Flex Fuel,381.0HP 5.7L 8 Cylinder Engine Flex Fuel Capability,Automatic,Black,Gray,At least 1 accident or damage reported,Yes,"$16,000",381.0,5.7,V8,8.0
774,774,BMW,M440 i,2021,13700,Hybrid,382.0HP 3.0L Straight 6 Cylinder Engine Gasoline/Mild Electric Hybrid,Automatic,Black,Beige,not defined,No,"$60,000",382.0,3.0,I6,5.0
775,775,Audi,A8 L 55,2019,93400,Hybrid,335.0HP 3.0L V6 Cylinder Engine Gasoline/Mild Electric Hybrid,Automatic,Silver,Brown,None reported,Yes,"$42,500",335.0,3.0,V6,5.0
776,776,Toyota,Avalon XLE,2015,90000,Gasoline,268.0HP 3.5L V6 Cylinder Engine Gasoline Fuel,Automatic,White,Beige,None reported,Yes,"$18,200",268.0,3.5,V6,5.0
777,777,Porsche,Macan Base,2017,40600,Gasoline,252.0HP 2.0L 4 Cylinder Engine Gasoline Fuel,Automatic,Gray,Black,None reported,Yes,"$32,000",252.0,2.0,I4,5.0
778,778,Lexus,IS 350 F Sport,2023,20121,Gasoline,311.0HP 3.5L V6 Cylinder Engine Gasoline Fuel,Automatic,Gray,Red,None reported,Yes,"$47,124",311.0,3.5,V6,5.0
779,779,Mercedes-Benz,Metris Base,2020,3921,Gasoline,2.0L I4 16V GDI DOHC Turbo,Automatic,Black,White,None reported,Yes,"$175,000",208.0,2.0,I4,5.0
780,780,Lexus,RX 350 Base,2011,187450,Gasoline,275.0HP 3.5L V6 Cylinder Engine Gasoline Fuel,Automatic,Silver,Beige,At least 1 accident or damage reported,Yes,"$10,400",275.0,3.5,V6,5.0
781,781,Toyota,Supra A91 Edition,2021,6400,Gasoline,382.0HP 3.0L Straight 6 Cylinder Engine Gasoline Fuel,Dual Shift,Gray,Black,None reported,Yes,"$68,000",382.0,3.0,I6,2.0
782,782,Mercedes-Benz,AMG C 43 Base 4MATIC,2017,54500,Gasoline,362.0HP 3.0L V6 Cylinder Engine Gasoline Fuel,Automatic,White,Black,None reported,Yes,"$37,995",362.0,3.0,V6,5.0
783,783,BMW,X6 xDrive50i,2017,78500,Gasoline,445.0HP 4.4L 8 Cylinder Engine Gasoline Fuel,Automatic,Red,Brown,At least 1 accident or damage reported,Yes,"$42,000",445.0,4.4,V8,5.0
784,784,Chevrolet,Tahoe LT,2018,75000,Gasoline,355.0HP 5.3L 8 Cylinder Engine Gasoline Fuel,Automatic,Silver,Black,None reported,Yes,"$36,000",355.0,5.3,V8,8.0
785,785,Ford,F-150 SVT Raptor,2014,89988,Gasoline,411.0HP 6.2L 8 Cylinder Engine Gasoline Fuel,Automatic,Red,Red,At least 1 accident or damage reported,Yes,"$42,500",411.0,6.2,V8,5.0
786,786,Subaru,Outback 3.0 R VDC Limited,2005,107000,Gasoline,250.0HP 3.0L Flat 6 Cylinder Engine Gasoline Fuel,Automatic,Gold,Beige,None reported,Yes,"$7,100",250.0,3.0,Flat 6,5.0
787,787,Alfa,Romeo Giulia Ti,2019,21400,Gasoline,280.0HP 2.0L 4 Cylinder Engine Gasoline Fuel,Automatic,White,Black,None reported,Yes,"$28,500",280.0,2.0,I4,5.0
788,788,Mazda,CX-7 Grand Touring,2007,83150,Gasoline,244.0HP 2.3L 4 Cylinder Engine Gasoline Fuel,Automatic,White,Beige,None reported,Yes,"$6,950",244.0,2.3,I4,5.0
789,789,Ford,F-150 Platinum,2018,92000,Diesel,250.0HP 3.0L V6 Cylinder Engine Diesel Fuel,Automatic,Black,Black,At least 1 accident or damage reported,Yes,"$36,500",250.0,3.0,V6,5.0
790,790,Mercedes-Benz,GLE 350 Base 4MATIC,2021,15042,Gasoline,2.0L I4 16V GDI DOHC Turbo,Automatic,Selenite Gray Metallic,Macchiato,None reported,No,"$54,599",255.0,2.0,I4,5.0
791,791,Audi,A7 3.0T Premium Plus,2017,39000,Gasoline,333.0HP 3.0L V6 Cylinder Engine Gasoline Fuel,Dual Shift,Black,Black,At least 1 accident or damage reported,Yes,"$35,000",333.0,3.0,V6,5.0
792,792,RAM,2500 Laramie,2017,67483,Gasoline,410.0HP 6.4L 8 Cylinder Engine Gasoline Fuel,Automatic,Brown,Beige,At least 1 accident or damage reported,Yes,"$46,500",410.0,6.4,Straight 6,5.0
793,793,Tesla,Model S 70D,2015,62089,not defined,329.0HP Electric Motor Electric Fuel System,Automatic,Black,Beige,None reported,Yes,"$29,975",329.0,0.0,Electric,5.0
794,794,Audi,S8 4.0T Plus,2017,54300,Gasoline,605.0HP 4.0L 8 Cylinder Engine Gasoline Fuel,Automatic,Black,Black,None reported,Yes,"$53,500",605.0,4.0,V8,5.0
795,795,Hyundai,Sonata Hybrid Limited,2022,30565,Hybrid,192.0HP 2.0L 4 Cylinder Engine Gas/Electric Hybrid,Automatic,Gray,Black,None reported,Yes,"$29,000",192.0,2.0,I4,5.0
796,796,Audi,A8 L 4.0T,2016,142666,Gasoline,450.0HP 4.0L 8 Cylinder Engine Gasoline Fuel,Automatic,Black,Black,At least 1 accident or damage reported,Yes,"$22,000",450.0,4.0,V8,5.0
797,797,Ford,Ranger Sport SuperCab,2009,166200,Gasoline,207.0HP 4.0L V6 Cylinder Engine Gasoline Fuel,Automatic,Blue,Gray,At least 1 accident or damage reported,Yes,"$6,999",207.0,4.0,V6,5.0
798,798,INFINITI,Q50 Hybrid Premium,2015,88977,Hybrid,354.0HP 3.5L V6 Cylinder Engine Gas/Electric Hybrid,Automatic,Gray,Black,At least 1 accident or damage reported,Yes,"$19,977",354.0,3.5,V6,5.0
799,799,BMW,M3 Base,2011,114890,Gasoline,414.0HP 4.0L 8 Cylinder Engine Gasoline Fuel,Dual Shift,White,Beige,None reported,Yes,"$20,990",414.0,4.0,I6,4.0
800,800,Mercedes-Benz,E-Class E 350 4MATIC,2009,171000,Gasoline,268.0HP 3.5L V6 Cylinder Engine Gasoline Fuel,Automatic,Black,Black,At least 1 accident or damage reported,Yes,"$4,750",268.0,3.5,V6,5.0
801,801,Ford,Explorer sport,2019,90067,Gasoline,3.5L V6 24V GDI DOHC Twin Turbo,Automatic,Black,Ebony Black,None reported,No,"$28,590",365.0,3.5,V6,5.0
802,802,Chevrolet,Camaro 1LT,2014,97579,Gasoline,323.0HP 3.6L V6 Cylinder Engine Gasoline Fuel,Dual Shift,Black,Black,At least 1 accident or damage reported,Yes,"$15,000",323.0,3.6,V6,4.0
803,803,Mazda,MX-5 Miata RF Grand Touring,2017,52000,Gasoline,155.0HP 2.0L 4 Cylinder Engine Gasoline Fuel,Manual,Black,Black,At least 1 accident or damage reported,Yes,"$20,500",155.0,2.0,I4,2.0
804,804,Jeep,Grand Cherokee L Limited,2021,25968,Gasoline,3.6L V6 24V MPFI DOHC,Automatic,Metallic,Global Black,None reported,No,"$38,405",290.0,3.6,V6,7.0
805,805,MINI,Hardtop Cooper S,2016,41680,Gasoline,189.0HP 2.0L 4 Cylinder Engine Gasoline Fuel,Automatic,Silver,Black,None reported,Yes,"$17,495",189.0,2.0,I4,4.0
806,806,Saab,9-3 SE,2002,77200,Gasoline,205.0HP 2.0L 4 Cylinder Engine Gasoline Fuel,Manual,Black,Beige,None reported,Yes,"$7,500",205.0,2.0,I4,5.0
807,807,BMW,X5 xDrive40i,2019,50000,Gasoline,335.0HP 3.0L Straight 6 Cylinder Engine Gasoline Fuel,Automatic,Blue,Gold,None reported,Yes,"$43,000",335.0,3.0,I6,5.0
808,808,Porsche,Macan,2021,21613,Gasoline,2.0 Liter,Automatic,White,–,None reported,No,"$58,998",248.0,2.0,I4,5.0
809,809,Audi,Q3 S line Premium Plus,2022,17377,Gasoline,2.0 Liter TFSI,Automatic,Glacier White,Pearl Beige,None reported,No,"$39,998",228.0,2.0,I4,5.0
810,810,GMC,Acadia SLE,2020,30426,Gasoline,2.5L I4 16V GDI DOHC,Automatic,Ebony Twilight Metallic,Jet Black,not defined,No,"$29,645",193.0,2.5,I4,7.0
811,811,Audi,allroad 2.7T,2005,153000,Gasoline,250.0HP 2.7L V6 Cylinder Engine Gasoline Fuel,Manual,Blue,Blue,At least 1 accident or damage reported,Yes,"$6,500",250.0,2.7,V6,5.0
812,812,Mercury,Marauder Base,2004,56600,Gasoline,302.0HP 4.6L 8 Cylinder Engine Gasoline Fuel,Dual Shift,Silver,Black,None reported,Yes,"$23,000",302.0,4.6,V8,5.0
813,813,Hyundai,Genesis 3.8,2015,116612,Gasoline,311.0HP 3.8L V6 Cylinder Engine Gasoline Fuel,Automatic,White,White,At least 1 accident or damage reported,Yes,"$12,700",311.0,3.8,V6,5.0
814,814,Audi,SQ5 3.0T Premium Plus,2018,72000,Gasoline,354.0HP 3.0L V6 Cylinder Engine Gasoline Fuel,Automatic,Blue,Black,At least 1 accident or damage reported,Yes,"$30,000",354.0,3.0,V6,5.0
815,815,Audi,A8 L 55,2019,39000,Hybrid,335.0HP 3.0L V6 Cylinder Engine Gasoline/Mild Electric Hybrid,Automatic,Black,Brown,None reported,Yes,"$50,000",335.0,3.0,V6,5.0
816,816,Lincoln,Navigator Base,2008,149000,Gasoline,300.0HP 5.4L 8 Cylinder Engine Gasoline Fuel,Automatic,Gold,Beige,None reported,Yes,"$10,099",300.0,5.4,V8,8.0
817,817,BMW,M4 Base,2018,19300,Gasoline,425.0HP 3.0L Straight 6 Cylinder Engine Gasoline Fuel,Manual,White,Silver,None reported,Yes,"$64,000",425.0,3.0,I6,2.0
818,818,Mazda,CX-9 Carbon Edition,2021,27836,Gasoline,2.5L I4 16V GDI DOHC Turbo,Automatic,Polymetal Gray Metallic,Red,None reported,Yes,"$36,969",250.0,2.5,I4,7.0
819,819,Chevrolet,Corvette Stingray w/1LT,2023,3273,Gasoline,490.0HP 6.2L 8 Cylinder Engine Gasoline Fuel,Dual Shift,Black,Red,None reported,Yes,"$78,999",490.0,6.2,V8,2.0
820,820,Ford,F-150 Lariat,2017,74349,Gasoline,375.0HP 3.5L V6 Cylinder Engine Gasoline Fuel,Automatic,White,–,None reported,Yes,"$36,000",375.0,3.5,V6,5.0
821,821,Ford,F-250 Lariat,2019,85000,Diesel,450.0HP 6.7L 8 Cylinder Engine Diesel Fuel,Automatic,White,Black,At least 1 accident or damage reported,Yes,"$55,000",450.0,6.7,V8,5.0
822,822,Ferrari,Roma Base,2022,2250,Gasoline,611.0HP 3.9L 8 Cylinder Engine Gasoline Fuel,Automatic,Gray,Blue,None reported,Yes,"$259,500",611.0,3.9,V8,2.0
823,823,Mercedes-Benz,GLS 450 Base 4MATIC,2017,46100,Gasoline,362.0HP 3.0L V6 Cylinder Engine Gasoline Fuel,Automatic,Black,Beige,At least 1 accident or damage reported,Yes,"$33,000",362.0,3.0,V6,7.0
824,824,Hyundai,Santa Fe SEL Plus 2.4,2019,49500,Gasoline,185.0HP 2.4L 4 Cylinder Engine Gasoline Fuel,Automatic,Silver,Gray,None reported,Yes,"$28,000",185.0,2.4,I4,5.0
825,825,Mercedes-Benz,E-Class E 350,2012,31130,Gasoline,302.0HP 3.5L V6 Cylinder Engine Gasoline Fuel,Automatic,Black,Black,None reported,Yes,"$23,500",302.0,3.5,V6,5.0
826,826,Ford,F-250 XLT SuperCab Super Duty,2008,149460,Diesel,350.0HP 6.4L 8 Cylinder Engine Diesel Fuel,Automatic,Blue,Gray,At least 1 accident or damage reported,Yes,"$12,240",350.0,6.4,V8,5.0
827,827,Mercury,Marauder Base,2003,90000,Gasoline,302.0HP 4.6L 8 Cylinder Engine Gasoline Fuel,Automatic,Blue,Beige,At least 1 accident or damage reported,Yes,"$15,500",302.0,4.6,V8,5.0
828,828,Ford,Transit-350 XLT,2021,48000,E85 Flex Fuel,275.0HP 3.5L V6 Cylinder Engine Flex Fuel Capability,Automatic,White,Gray,None reported,Yes,"$57,000",275.0,3.5,V6,12.0
829,829,Mercedes-Benz,C-Class C 300 4MATIC Sport,2013,98000,Gasoline,248.0HP 3.5L V6 Cylinder Engine Gasoline Fuel,Automatic,White,Beige,At least 1 accident or damage reported,Yes,"$15,500",248.0,3.5,V6,5.0
830,830,Volkswagen,Arteon SEL R-Line,2022,18655,Gasoline,2.0 Liter TSI,Automatic,Oryx White Prl,Titan Black,None reported,No,"$38,698",268.0,2.0,I4,5.0
831,831,Chevrolet,Suburban 2500 LS,2006,60000,Gasoline,325.0HP 8.1L 8 Cylinder Engine Gasoline Fuel,Automatic,Brown,Brown,At least 1 accident or damage reported,Yes,"$24,950",325.0,8.1,V8,8.0
832,832,Chevrolet,Suburban 1500 LT,2014,169500,E85 Flex Fuel,320.0HP 5.3L 8 Cylinder Engine Flex Fuel Capability,Automatic,Purple,Brown,None reported,Yes,"$15,000",320.0,5.3,V8,8.0
833,833,Mitsubishi,Eclipse GS,2008,189500,Gasoline,162.0HP 2.4L 4 Cylinder Engine Gasoline Fuel,Manual,Red,Black,None reported,Yes,"$6,000",162.0,2.4,I4,4.0
834,834,Toyota,Land Cruiser Base,2016,91000,Gasoline,381.0HP 5.7L 8 Cylinder Engine Gasoline Fuel,Automatic,Black,Brown,None reported,Yes,"$68,500",381.0,5.7,Straight 6,8.0
835,835,Genesis,G80 2.5T,2022,7396,Gasoline,2.5L I4 16V PDI DOHC Turbo,Automatic,Black Forest Green,Black,None reported,No,"$41,299",300.0,2.5,I4,5.0
836,836,Toyota,Tundra SR5 Access Cab,2004,229450,Gasoline,240.0HP 4.7L 8 Cylinder Engine Gasoline Fuel,Automatic,Gray,Gray,None reported,Yes,"$8,250",240.0,4.7,V8,5.0
837,837,Maserati,Quattroporte Modena Q4,2023,8603,Gasoline,3.0L V6 24V GDI DOHC Twin Turbo,Automatic,Blu,Tan,None reported,No,"$125,900",424.0,3.0,V6,5.0
838,838,Audi,RS 5 4.2,2014,49098,Gasoline,450.0HP 4.2L 8 Cylinder Engine Gasoline Fuel,Dual Shift,White,Black,At least 1 accident or damage reported,Yes,"$44,900",450.0,4.2,V8,4.0
839,839,Nissan,Rogue S,2022,21212,Gasoline,1.5L I3 12V GDI DOHC Turbo,Automatic,Gun Metallic,Charcoal,None reported,No,"$28,906",201.0,1.5,I3,5.0
840,840,Porsche,Panamera 4S,2010,62743,Gasoline,400.0HP 4.8L 8 Cylinder Engine Gasoline Fuel,Dual Shift,Silver,Gray,None reported,Yes,"$28,600",400.0,4.8,V8,4.0
841,841,BMW,M440 i xDrive,2021,24300,Hybrid,382.0HP 3.0L Straight 6 Cylinder Engine Gasoline/Mild Electric Hybrid,Automatic,Gray,Beige,None reported,Yes,"$49,999",382.0,3.0,I6,5.0
842,842,Cadillac,Escalade Premium,2010,104000,E85 Flex Fuel,403.0HP 6.2L 8 Cylinder Engine Flex Fuel Capability,Automatic,Gray,–,None reported,Yes,"$19,500",403.0,6.2,V8,7.0
843,843,Volvo,S60 T6 Momentum,2020,46250,Gasoline,2.0L I4 16V GDI DOHC,Automatic,White,Charcoal,At least 1 accident or damage reported,Yes,"$27,800",250.0,2.0,I4,5.0
844,844,Mazda,CX-9 Touring Plus,2023,1930,Gasoline,2.5L I4 16V GDI DOHC Turbo,Automatic,Jet Black Mica,Black,At least 1 accident or damage reported,Yes,"$40,655",250.0,2.5,I4,7.0
845,845,Chrysler,Pacifica Hybrid Touring L,2022,61494,Hybrid,3.6L V6 24V MPFI DOHC Hybrid,Automatic,Bright White Clearcoat,Black,None reported,No,"$35,850",260.0,3.6,V6,7.0
846,846,Jeep,Wrangler Unlimited Sport,2020,24040,Gasoline,2.0L I4 16V GDI DOHC Turbo,Automatic,Black Clearcoat,Black,None reported,Yes,"$35,273",285.0,2.0,I4,5.0
847,847,Toyota,Highlander Base,2001,231581,Gasoline,220.0HP 3.0L V6 Cylinder Engine Gasoline Fuel,Automatic,Beige,Beige,None reported,Yes,"$4,300",220.0,3.0,V6,7.0
848,848,Ford,F-150 Lariat,2019,81000,Gasoline,375.0HP 3.5L V6 Cylinder Engine Gasoline Fuel,Automatic,Gray,Black,None reported,Yes,"$38,500",375.0,3.5,V6,5.0
849,849,Land,Rover Discovery Sport S R-Dynamic,2022,23568,Gasoline,2.0 Liter,Automatic,Firenze Red,Ebony,None reported,No,"$44,998",246.0,2.0,I4,5.0
850,850,Mazda,Mazda6 Touring,2020,78700,Gasoline,187.0HP 2.5L 4 Cylinder Engine Gasoline Fuel,Automatic,White,Black,None reported,Yes,"$18,000",187.0,2.5,I4,5.0
851,851,Kia,Optima EX,2015,109580,Gasoline,192.0HP 2.4L 4 Cylinder Engine Gasoline Fuel,Automatic,Red,Black,At least 1 accident or damage reported,Yes,"$11,900",192.0,2.4,I4,5.0
852,852,Lexus,RX 350 Base,2009,178000,Gasoline,270.0HP 3.5L V6 Cylinder Engine Gasoline Fuel,Automatic,Gray,Gray,At least 1 accident or damage reported,Yes,"$4,500",270.0,3.5,V6,5.0
853,853,Mitsubishi,Outlander Sport 2.4 SE,2016,131193,Gasoline,2.4L I4 16V MPFI DOHC,Automatic,Black,Black,None reported,Yes,"$11,970",168.0,2.4,I4,5.0
854,854,Mercedes-Benz,GLS 450 Base 4MATIC,2017,106000,Gasoline,362.0HP 3.0L V6 Cylinder Engine Gasoline Fuel,Automatic,White,Black,None reported,Yes,"$25,900",362.0,3.0,V6,7.0
855,855,Audi,A3 2.0T Premium,2019,28211,Gasoline,184.0HP 2.0L 4 Cylinder Engine Gasoline Fuel,Dual Shift,Gray,Black,At least 1 accident or damage reported,Yes,"$27,500",184.0,2.0,I4,5.0
856,856,Audi,A4 2.0T Premium,2015,91403,E85 Flex Fuel,2.0L I4 16V GDI DOHC Turbo Flexible Fuel,Automatic,Silver,Gray,None reported,No,"$14,998",188.0,2.0,I4,5.0
857,857,Mercedes-Benz,CLA-Class CLA 250,2016,88600,Gasoline,208.0HP 2.0L 4 Cylinder Engine Gasoline Fuel,Automatic,Black,Black,At least 1 accident or damage reported,Yes,"$16,800",208.0,2.0,I4,5.0
858,858,INFINITI,FX50 Base,2011,84900,Gasoline,390.0HP 5.0L 8 Cylinder Engine Gasoline Fuel,Automatic,Silver,Black,not defined,No,"$22,450",390.0,5.0,V8,5.0
859,859,Kia,K5 EX,2021,11154,Gasoline,1.6L I4 16V GDI DOHC Turbo,Automatic,Glacial White Pearl,Black,None reported,No,"$28,998",180.0,1.6,I4,5.0
860,860,BMW,X5 eDrive xDrive40e,2018,45090,Plug-In Hybrid,313.0HP 2.0L 4 Cylinder Engine Plug-In Electric/Gas,Automatic,Gray,Black,At least 1 accident or damage reported,Yes,"$30,750",313.0,2.0,I4,5.0
861,861,Mercedes-Benz,SLK-Class SLK230 Kompressor,2003,33272,Gasoline,192.0HP 2.3L 4 Cylinder Engine Gasoline Fuel,Automatic,Red,Gray,At least 1 accident or damage reported,Yes,"$11,900",192.0,2.3,I4,2.0
862,862,Jeep,Wrangler SE,2003,71000,Gasoline,150.0HP 2.4L 4 Cylinder Engine Gasoline Fuel,Manual,Red,Gray,None reported,Yes,"$12,499",150.0,2.4,I4,4.0
863,863,Kia,Telluride SX,2020,55400,Gasoline,291.0HP 3.8L V6 Cylinder Engine Gasoline Fuel,Automatic,Green,White,not defined,No,"$36,500",291.0,3.8,V6,7.0
864,864,Land,Rover LR4 Lux,2012,141525,Gasoline,375.0HP 5.0L 8 Cylinder Engine Gasoline Fuel,Automatic,Black,Black,None reported,Yes,"$14,490",375.0,5.0,V8,7.0
865,865,Jaguar,XKR Base,2007,50000,Gasoline,420.0HP 4.2L 8 Cylinder Engine Gasoline Fuel,Dual Shift,Black,Beige,At least 1 accident or damage reported,Yes,"$21,900",420.0,4.2,V8,2.0
866,866,BMW,M4 Base,2020,29140,Gasoline,425.0HP 3.0L Straight 6 Cylinder Engine Gasoline Fuel,Manual,Orange,Orange,None reported,Yes,"$71,995",425.0,3.0,I6,2.0
867,867,BMW,M340 i xDrive,2022,9000,Hybrid,382.0HP 3.0L Straight 6 Cylinder Engine Gasoline/Mild Electric Hybrid,Automatic,White,Red,None reported,Yes,"$56,900",382.0,3.0,I6,5.0
868,868,Mercedes-Benz,AMG GLE 53 AMG GLE 53,2021,5595,Hybrid,3.0 Liter Turbo,Automatic,designo Diamond White Metallic,Black,None reported,No,"$83,598",429.0,3.0,I6,5.0
869,869,RAM,1500 Laramie,2022,34121,Gasoline,5.7L V8 16V MPFI OHV,Automatic,Granite Crystal Clearcoat Metallic,Black,None reported,No,"$48,190",395.0,5.7,V8,5.0
870,870,BMW,ALPINA B7 Base,2013,36750,Gasoline,445.0HP 4.4L 8 Cylinder Engine Gasoline Fuel,Automatic,Black,Black,None reported,Yes,"$35,999",445.0,4.4,V8,5.0
871,871,Mercedes-Benz,C-Class C280 4MATIC,2007,49626,Gasoline,228.0HP 3.0L V6 Cylinder Engine Gasoline Fuel,Automatic,White,–,None reported,Yes,"$12,000",228.0,3.0,V6,5.0
872,872,Jeep,Compass High Altitude,2017,45000,Gasoline,172.0HP 2.4L 4 Cylinder Engine Gasoline Fuel,Automatic,White,Beige,At least 1 accident or damage reported,Yes,"$16,500",172.0,2.4,I4,5.0
873,873,Toyota,Highlander Hybrid XLE,2019,69350,Hybrid,306.0HP 3.5L V6 Cylinder Engine Gas/Electric Hybrid,Automatic,Black,Gray,None reported,Yes,"$36,000",306.0,3.5,V6,7.0
874,874,BMW,X5 M Base,2022,8307,Gasoline,4.4L V8 32V GDI DOHC Twin Turbo,Automatic,Blue Metallic,Sakhir Orange,None reported,No,"$98,900",600.0,4.4,V8,5.0
875,875,BMW,M3 Base,2023,4106,Gasoline,3.0L I6 24V GDI DOHC Twin Turbo,Manual,Isle of Man Green Metallic,Kyalami Orange,None reported,Yes,"$84,645",425.0,3.0,I6,4.0
876,876,BMW,M3 Base,1999,184700,Gasoline,240.0HP 3.2L Straight 6 Cylinder Engine Gasoline Fuel,Manual,Blue,Gray,None reported,Yes,"$36,950",240.0,3.2,I6,4.0
877,877,Maserati,Quattroporte S Q4 GranLusso,2018,57500,Gasoline,424.0HP 3.0L V6 Cylinder Engine Gasoline Fuel,Automatic,White,Brown,None reported,Yes,"$41,900",424.0,3.0,V6,5.0
878,878,Acura,RDX Advance Package,2021,29000,Gasoline,272.0HP 2.0L 4 Cylinder Engine Gasoline Fuel,Automatic,Black,Black,None reported,Yes,"$39,650",272.0,2.0,I4,5.0
879,879,Mercedes-Benz,GLA-Class GLA 250 4MATIC,2015,61675,Gasoline,208.0HP 2.0L 4 Cylinder Engine Gasoline Fuel,Dual Shift,Gray,Black,At least 1 accident or damage reported,Yes,"$19,000",208.0,2.0,I4,5.0
880,880,Mercedes-Benz,Sprinter 3500XD High Roof,2021,33300,Diesel,188.0HP 3.0L V6 Cylinder Engine Diesel Fuel,Automatic,White,Black,None reported,Yes,"$45,000",188.0,3.0,V6,12.0
881,881,Cadillac,XTS Luxury,2014,62950,Gasoline,304.0HP 3.6L V6 Cylinder Engine Gasoline Fuel,Automatic,Silver,Gray,At least 1 accident or damage reported,Yes,"$17,498",304.0,3.6,V6,5.0
882,882,Chevrolet,Camaro 2LT,2015,56675,Gasoline,323.0HP 3.6L V6 Cylinder Engine Gasoline Fuel,Dual Shift,Silver,Black,None reported,Yes,"$19,750",323.0,3.6,V6,4.0
883,883,Porsche,Cayenne S,2013,92000,Gasoline,400.0HP 4.8L 8 Cylinder Engine Gasoline Fuel,Automatic,Green,Gray,None reported,Yes,"$23,000",400.0,4.8,V8,5.0
884,884,Dodge,Magnum R/T,2005,96000,Gasoline,340.0HP 5.7L 8 Cylinder Engine Gasoline Fuel,Automatic,Gray,Gold,At least 1 accident or damage reported,Yes,"$12,000",340.0,5.7,V8,5.0
885,885,INFINITI,Q70 3.7X,2014,33500,Gasoline,330.0HP 3.7L V6 Cylinder Engine Gasoline Fuel,Automatic,Black,Black,None reported,Yes,"$23,000",330.0,3.7,V6,5.0
886,886,Land,Rover Range Rover SV Autobiography Dynamic SWB,2020,16754,Gasoline,557.0HP 5.0L 8 Cylinder Engine Gasoline Fuel,Automatic,White,White,None reported,Yes,"$112,000",557.0,5.0,V8,5.0
887,887,Toyota,Camry Hybrid Base,2007,53249,Hybrid,147.0HP 2.4L 4 Cylinder Engine Gas/Electric Hybrid,Automatic,Silver,Gray,At least 1 accident or damage reported,Yes,"$9,250",147.0,2.4,I4,5.0
888,888,GMC,Acadia SLT-1,2016,119000,Gasoline,281.0HP 3.6L V6 Cylinder Engine Gasoline Fuel,Automatic,Gold,Brown,None reported,Yes,"$12,500",281.0,3.6,V6,7.0
889,889,Lincoln,Corsair Reserve,2021,29336,Gasoline,2.0L I4 16V GDI DOHC Turbo,Automatic,Black,Sandstone,None reported,No,"$36,999",250.0,2.0,I4,5.0
890,890,RAM,2500 SLT,2017,86000,Diesel,350.0HP 6.7L Straight 6 Cylinder Engine Diesel Fuel,Automatic,Gray,Gray,At least 1 accident or damage reported,Yes,"$41,000",350.0,6.7,I6,5.0
891,891,RAM,3500 Laramie,2014,177000,Diesel,385.0HP 6.7L Straight 6 Cylinder Engine Diesel Fuel,Automatic,Black,–,At least 1 accident or damage reported,Yes,"$40,500",385.0,6.7,I6,5.0
892,892,Mercedes-Benz,GL-Class GL 450 4MATIC,2013,93500,Gasoline,362.0HP 4.6L 8 Cylinder Engine Gasoline Fuel,Automatic,Black,Black,At least 1 accident or damage reported,Yes,"$15,900",362.0,4.6,V8,7.0
893,893,BMW,M5 Base,2018,47700,Gasoline,600.0HP 4.4L 8 Cylinder Engine Gasoline Fuel,Automatic,Red,White,At least 1 accident or damage reported,Yes,"$54,999",600.0,4.4,V8,5.0
894,894,Ford,Mustang SVT Cobra,2003,97496,Gasoline,390.0HP 4.6L 8 Cylinder Engine Gasoline Fuel,Manual,Gray,Gray,not defined,No,"$24,500",390.0,4.6,V8,4.0
895,895,Acura,ILX Premium Package,2022,16120,Gasoline,2.4L I4 16V GDI DOHC,Automatic,Gray,Ebony,None reported,No,"$26,599",201.0,2.4,I4,5.0
896,896,Buick,Rainier CXL,2005,147589,Gasoline,275.0HP 4.2L Straight 6 Cylinder Engine Gasoline Fuel,Automatic,White,Beige,At least 1 accident or damage reported,Yes,"$2,800",275.0,4.2,I6,5.0
897,897,Cadillac,Escalade Luxury,2013,95570,E85 Flex Fuel,403.0HP 6.2L 8 Cylinder Engine Flex Fuel Capability,Automatic,Black,Black,At least 1 accident or damage reported,Yes,"$22,000",403.0,6.2,V8,7.0
898,898,Mercedes-Benz,S-Class S 560,2018,45791,Gasoline,463.0HP 4.0L 8 Cylinder Engine Gasoline Fuel,Automatic,Gray,Gray,None reported,Yes,"$52,000",463.0,4.0,V8,5.0
899,899,INFINITI,QX80 Base,2016,60000,Gasoline,400.0HP 5.6L 8 Cylinder Engine Gasoline Fuel,Automatic,Silver,Beige,At least 1 accident or damage reported,Yes,"$25,950",400.0,5.6,V8,8.0
900,900,Buick,Encore Preferred,2019,50000,Gasoline,138.0HP 1.4L 4 Cylinder Engine Gasoline Fuel,Automatic,White,Black,None reported,Yes,"$18,795",138.0,1.4,I4,5.0
901,901,Mercedes-Benz,GLS 450 Base 4MATIC,2019,33481,Gasoline,3.0L V6 24V GDI DOHC Twin Turbo,Automatic,Black,Almond Beige,None reported,No,"$43,999",362.0,3.0,V6,7.0
902,902,Jeep,Liberty Limited,2010,107000,Gasoline,210.0HP 3.7L V6 Cylinder Engine Gasoline Fuel,Automatic,Gray,Gray,None reported,Yes,"$5,900",210.0,3.7,V6,5.0
903,903,Mercedes-Benz,S-Class S 63 AMG,2011,60000,Gasoline,536.0HP 5.5L 8 Cylinder Engine Gasoline Fuel,Dual Shift,White,Black,At least 1 accident or damage reported,Yes,"$37,000",536.0,5.5,V8,5.0
904,904,Audi,A8 L 3.0T,2016,55000,Gasoline,333.0HP 3.0L V6 Cylinder Engine Gasoline Fuel,Automatic,White,Brown,None reported,Yes,"$28,000",333.0,3.0,V6,5.0
905,905,Mazda,CX-30 2.5 S Select Package,2022,4004,Gasoline,186.0HP 2.5L 4 Cylinder Engine Gasoline Fuel,Automatic,Black,Black,None reported,Yes,"$25,500",186.0,2.5,I4,5.0
906,906,Bentley,Continental GT Speed,2009,57800,Gasoline,600.0HP 6.0L 12 Cylinder Engine Gasoline Fuel,Automatic,Blue,Beige,not defined,No,"$59,400",600.0,6.0,V12,4.0
907,907,Bentley,Continental GT V8,2022,10972,Gasoline,4.0L V8 32V GDI DOHC Twin Turbo,Automatic,Red,Black,None reported,Yes,"$217,950",542.0,4.0,V8,4.0
908,908,Bentley,Flying Spur V8,2022,27858,Gasoline,4.0L V8 32V GDI DOHC Twin Turbo,Automatic,–,–,None reported,Yes,"$197,750",542.0,4.0,V8,4.0
909,909,Volkswagen,Golf R 4-Door,2016,47144,Gasoline,292.0HP 2.0L 4 Cylinder Engine Gasoline Fuel,Manual,Blue,Black,None reported,Yes,"$29,950",292.0,2.0,I4,5.0
910,910,Hyundai,Genesis Coupe 3.8 Grand Touring,2011,165454,Gasoline,306.0HP 3.8L V6 Cylinder Engine Gasoline Fuel,Automatic,Gray,Black,At least 1 accident or damage reported,Yes,"$4,000",306.0,3.8,V6,4.0
911,911,Ford,F-150 XLT,2018,98000,Gasoline,375.0HP 3.5L V6 Cylinder Engine Gasoline Fuel,Automatic,White,–,At least 1 accident or damage reported,Yes,"$25,500",375.0,3.5,V6,5.0
912,912,Hyundai,Tucson Limited,2020,39913,Gasoline,2.4L I4 16V GDI DOHC,Automatic,Black Noir Pearl,Beige,None reported,No,"$22,749",181.0,2.4,I4,5.0
913,913,Ford,Mustang V6,2013,147191,Gasoline,305.0HP 3.7L V6 Cylinder Engine Gasoline Fuel,Automatic,Blue,Black,At least 1 accident or damage reported,Yes,"$12,990",305.0,3.7,V6,4.0
914,914,BMW,435 i,2014,53600,Gasoline,300.0HP 3.0L Straight 6 Cylinder Engine Gasoline Fuel,Automatic,Silver,Black,None reported,Yes,"$25,980",300.0,3.0,I6,4.0
915,915,Dodge,Challenger R/T,2010,100100,not defined,–,Dual Shift,Purple,Black,None reported,Yes,"$17,000",372.0,5.7,V8,4.0
916,916,Mercedes-Benz,AMG G 63 Base,2020,1750,Gasoline,577.0HP 4.0L 8 Cylinder Engine Gasoline Fuel,Automatic,Blue,Black,None reported,Yes,"$199,995",577.0,4.0,V8,5.0
917,917,Dodge,Challenger SRT Hellcat,2020,2750,Gasoline,797.0HP 6.2L 8 Cylinder Engine Gasoline Fuel,Automatic,Orange,Black,None reported,Yes,"$104,500",797.0,6.2,V8,4.0
918,918,Porsche,Boxster Base,2013,40800,Gasoline,265.0HP 2.7L Flat 6 Cylinder Engine Gasoline Fuel,Automatic,Brown,Beige,None reported,Yes,"$35,500",265.0,2.7,Flat 6,2.0
919,919,Porsche,Macan Base,2018,36798,Gasoline,2.0L I4 16V GDI DOHC Turbo,Automatic,Volcano Grey Metallic,Black,At least 1 accident or damage reported,Yes,"$49,500",252.0,2.0,I4,5.0
920,920,Ford,F-250 XL,2021,77699,Diesel,6.7L V8 32V DDI OHV Turbo Diesel,Automatic,White,Medium Earth Gray,not defined,No,"$49,883",475.0,6.7,V8,5.0
921,921,Ford,Mustang GT,2010,87500,Gasoline,315.0HP 4.6L 8 Cylinder Engine Gasoline Fuel,Automatic,Red,Black,At least 1 accident or damage reported,Yes,"$14,900",315.0,4.6,V8,4.0
922,922,Chevrolet,Suburban LT,2020,93000,Gasoline,355.0HP 5.3L 8 Cylinder Engine Gasoline Fuel,Automatic,Black,Black,None reported,Yes,"$38,500",355.0,5.3,V8,8.0
923,923,Mercedes-Benz,C-Class C 300 4MATIC,2018,41515,Gasoline,2.0L I4 16V GDI DOHC Turbo,Automatic,Black,Black,None reported,Yes,"$28,251",255.0,2.0,I4,5.0
924,924,RAM,1500 Classic Warlock,2019,19000,E85 Flex Fuel,3.6L V6 24V MPFI DOHC Flexible Fuel,Automatic,Diamond Black,Diesel Gray / Black,At least 1 accident or damage reported,No,"$33,242",305.0,3.6,V6,5.0
925,925,Toyota,Sequoia SR5,2023,1539,Hybrid,3.4L V6 24V PDI DOHC Twin Turbo Hybrid,Automatic,Green,Boulder,At least 1 accident or damage reported,Yes,"$76,373",381.0,3.4,V6,8.0
926,926,BMW,M5 Base,2018,31090,Gasoline,600.0HP 4.4L 8 Cylinder Engine Gasoline Fuel,Automatic,Green,Black,At least 1 accident or damage reported,Yes,"$68,000",600.0,4.4,V8,5.0
927,927,Mazda,Mazda3 FWD w/Premium Package,2022,21701,Gasoline,2.5L I4 16V,Automatic,Soul Red Crystal Metallic,Black,None reported,No,"$25,099",186.0,2.5,I4,5.0
928,928,Audi,A7 3.0T Prestige,2015,73000,Diesel,240.0HP 3.0L V6 Cylinder Engine Diesel Fuel,Automatic,White,Gray,None reported,Yes,"$34,000",240.0,3.0,V6,5.0
929,929,Genesis,G80 3.8,2020,23600,Gasoline,311.0HP 3.8L V6 Cylinder Engine Gasoline Fuel,Automatic,Blue,Gray,None reported,Yes,"$31,900",311.0,3.8,V6,5.0
930,930,Rolls-Royce,Ghost Base,2016,8755,Gasoline,563.0HP 6.6L 12 Cylinder Engine Gasoline Fuel,Automatic,Black,Black,None reported,Yes,"$166,900",563.0,6.6,V12,5.0
931,931,BMW,M6 Gran Coupe Base,2019,20500,Gasoline,560.0HP 4.4L 8 Cylinder Engine Gasoline Fuel,Dual Shift,Blue,Black,None reported,Yes,"$67,900",560.0,4.4,V8,4.0
932,932,Ford,Mustang V6,2013,57912,Gasoline,305.0HP 3.7L V6 Cylinder Engine Gasoline Fuel,Manual,Black,Black,At least 1 accident or damage reported,Yes,"$18,750",305.0,3.7,V6,4.0
933,933,BMW,650 i,2009,35000,Gasoline,360.0HP 4.8L 8 Cylinder Engine Gasoline Fuel,Automatic,Black,Black,None reported,Yes,"$18,500",360.0,4.8,V8,4.0
934,934,Nissan,Leaf SV PLUS,2023,7089,not defined,214.0HP Electric Motor Electric Fuel System,Automatic,Black,Black,At least 1 accident or damage reported,Yes,"$29,895",214.0,0.0,Electric,5.0
935,935,Lincoln,MKC Reserve,2019,35469,Gasoline,2.3L I4 16V GDI DOHC Turbo,Automatic,Black,–,not defined,No,"$30,890",280.0,2.3,I4,5.0
936,936,Kia,Telluride EX,2022,14676,Gasoline,3.8L V6 24V GDI DOHC,Automatic,Dark Moss,Gray,None reported,No,"$46,787",291.0,3.8,V6,8.0
937,937,Lincoln,Navigator Reserve,2022,13750,Gasoline,440.0HP 3.5L V6 Cylinder Engine Gasoline Fuel,Automatic,White,Beige,None reported,Yes,"$79,999",440.0,3.5,V6,8.0
938,938,Mercedes-Benz,S-Class S 550 4MATIC,2015,13300,Gasoline,449.0HP 4.7L 8 Cylinder Engine Gasoline Fuel,Automatic,Black,Black,None reported,Yes,"$62,500",449.0,4.7,V8,5.0
939,939,Chevrolet,Suburban LT,2017,117000,Gasoline,6.0L 8 Cylinder Engine Gasoline Fuel,Automatic,Blue,Beige,None reported,Yes,"$27,000",355.0,6.0,V8,8.0
940,940,Audi,A7 55 Premium,2020,27100,Hybrid,335.0HP 3.0L V6 Cylinder Engine Gasoline/Mild Electric Hybrid,Automatic,White,Black,None reported,Yes,"$50,000",335.0,3.0,V6,5.0
941,941,Ford,Mustang EcoBoost Premium,2017,89352,Gasoline,310.0HP 2.3L 4 Cylinder Engine Gasoline Fuel,Automatic,White,Black,At least 1 accident or damage reported,Yes,"$20,989",310.0,2.3,I4,4.0
942,942,Chevrolet,Cruze LS,2018,100000,Gasoline,153.0HP 1.4L 4 Cylinder Engine Gasoline Fuel,Automatic,White,Black,At least 1 accident or damage reported,Yes,"$8,500",153.0,1.4,I4,5.0
943,943,Land,Rover Range Rover HSE SWB,2020,16000,Hybrid,395.0HP 3.0L Straight 6 Cylinder Engine Gasoline/Mild Electric Hybrid,Automatic,Silver,Black,None reported,Yes,"$75,500",395.0,3.0,Straight 6,5.0
944,944,Land,Rover Defender S,2023,15200,Gasoline,296.0HP 2.0L 4 Cylinder Engine Gasoline Fuel,Automatic,White,Black,None reported,Yes,"$62,999",296.0,2.0,I4,5.0
945,945,BMW,650 i,2012,39960,Gasoline,400.0HP 4.4L 8 Cylinder Engine Gasoline Fuel,Manual,White,Brown,None reported,Yes,"$38,995",400.0,4.4,V8,4.0
946,946,Ford,Mustang Base,2008,119000,Gasoline,210.0HP 4.0L V6 Cylinder Engine Gasoline Fuel,Automatic,White,Black,At least 1 accident or damage reported,Yes,"$13,500",210.0,4.0,V6,4.0
947,947,Kia,K5 GT-Line,2022,10971,Gasoline,1.6L I4 16V GDI DOHC Turbo,Automatic,Passion Red,Black,None reported,No,"$29,998",180.0,1.6,I4,5.0
948,948,Mazda,Mazda3 i Touring,2014,118500,Gasoline,155.0HP 2.0L 4 Cylinder Engine Gasoline Fuel,Manual,Silver,Black,At least 1 accident or damage reported,Yes,"$11,500",155.0,2.0,I4,5.0
949,949,Kia,Stinger GT1,2021,8288,Gasoline,365.0HP 3.3L V6 Cylinder Engine Gasoline Fuel,Automatic,Black,Black,None reported,Yes,"$45,899",365.0,3.3,V6,5.0
950,950,Chevrolet,Camaro ZL1,2023,2950,Gasoline,650.0HP 6.2L 8 Cylinder Engine Gasoline Fuel,Automatic,Red,Gray,None reported,Yes,"$74,500",650.0,6.2,V8,4.0
951,951,Mercedes-Benz,AMG G 63 Base,2017,73000,Gasoline,563.0HP 5.5L 8 Cylinder Engine Gasoline Fuel,Automatic,White,Black,At least 1 accident or damage reported,Yes,"$78,000",563.0,5.5,V8,5.0
952,952,Ford,Thunderbird Premium,2005,82000,Gasoline,280.0HP 3.9L 8 Cylinder Engine Gasoline Fuel,Dual Shift,Gold,White,None reported,Yes,"$14,900",280.0,3.9,V8,4.0
953,953,Audi,e-tron Prestige,2019,7874,not defined,Electric,Automatic,Typhoon Gray Metallic,Pearl Beige,None reported,No,"$38,999",355.0,0.0,Electric,5.0
954,954,GMC,Sierra 1500 SLT,2017,49105,Gasoline,420.0HP 6.2L 8 Cylinder Engine Gasoline Fuel,Automatic,White,Black,None reported,Yes,"$39,750",420.0,6.2,V8,5.0
955,955,Kia,Telluride LX,2023,5500,Gasoline,291.0HP 3.8L V6 Cylinder Engine Gasoline Fuel,Automatic,Silver,Black,None reported,Yes,"$40,000",291.0,3.8,V6,8.0
956,956,Chevrolet,Corvette Base,2005,36700,Gasoline,400.0HP 6.0L 8 Cylinder Engine Gasoline Fuel,Manual,Blue,Black,None reported,Yes,"$26,000",400.0,6.0,V8,2.0
957,957,BMW,650 i,2014,40000,Gasoline,445.0HP 4.4L 8 Cylinder Engine Gasoline Fuel,Dual Shift,White,Beige,None reported,Yes,"$34,000",445.0,4.4,V8,4.0
958,958,Nissan,Rogue SL,2017,78110,Gasoline,170.0HP 2.5L 4 Cylinder Engine Gasoline Fuel,Automatic,Silver,Black,not defined,No,"$17,500",170.0,2.5,I4,5.0
959,959,GMC,Acadia Denali,2015,74864,Gasoline,288.0HP 3.6L V6 Cylinder Engine Gasoline Fuel,Automatic,Gray,Beige,None reported,Yes,"$19,780",288.0,3.6,V6,7.0
960,960,Cadillac,Escalade Premium Luxury Platinum,2021,15350,Gasoline,420.0HP 6.2L 8 Cylinder Engine Gasoline Fuel,Automatic,Black,Black,None reported,Yes,"$93,500",420.0,6.2,V8,8.0
961,961,Nissan,GT-R Premium,2010,46100,Gasoline,485.0HP 3.8L V6 Cylinder Engine Gasoline Fuel,Automatic,Blue,Black,None reported,Yes,"$72,999",485.0,3.8,V6,2.0
962,962,Toyota,Highlander XLE,2018,61454,Gasoline,295.0HP 3.5L V6 Cylinder Engine Gasoline Fuel,Automatic,Silver,Gray,None reported,Yes,"$31,000",295.0,3.5,V6,7.0
963,963,BMW,X7 xDrive40i,2020,45241,Gasoline,335.0HP 3.0L Straight 6 Cylinder Engine Gasoline Fuel,Automatic,Blue,Brown,None reported,Yes,"$54,500",335.0,3.0,I6,7.0
964,964,INFINITI,QX60 Base,2018,48000,Gasoline,295.0HP 3.5L V6 Cylinder Engine Gasoline Fuel,Automatic,Black,Black,None reported,Yes,"$27,000",295.0,3.5,V6,7.0
965,965,Lexus,IS 250C Base,2010,68500,Gasoline,204.0HP 2.5L V6 Cylinder Engine Gasoline Fuel,Manual,Black,Beige,None reported,Yes,"$18,500",204.0,2.5,V6,4.0
966,966,GMC,Sierra 1500 Denali,2019,43433,Gasoline,5.3L V8 16V GDI OHV,Automatic,Onyx Black,Walnut,None reported,No,"$51,899",355.0,5.3,V8,5.0
967,967,Chevrolet,SSR Base,2005,122961,Gasoline,6.0L V8 16V MPFI OHV,Automatic,Redline Red,Ebony,None reported,Yes,"$20,995",390.0,6.0,V8,2.0
968,968,Dodge,Challenger R/T,2014,92861,Gasoline,375.0HP 5.7L 8 Cylinder Engine Gasoline Fuel,Automatic,Gray,Red,None reported,Yes,"$19,750",375.0,5.7,V8,4.0
969,969,Hyundai,Equus Signature,2016,72000,Gasoline,429.0HP 5.0L 8 Cylinder Engine Gasoline Fuel,Automatic,White,Beige,None reported,Yes,"$21,400",429.0,5.0,V8,5.0
970,970,Lamborghini,Aventador SVJ Base,2019,6929,Gasoline,759.0HP 6.5L 12 Cylinder Engine Gasoline Fuel,Automatic,Blue,Black,None reported,Yes,"$649,999",759.0,6.5,V12,2.0
971,971,Ford,Mustang GT,2003,83000,Gasoline,260.0HP 4.6L 8 Cylinder Engine Gasoline Fuel,Automatic,Gray,Black,None reported,Yes,"$10,500",260.0,4.6,V8,4.0
972,972,Audi,e-tron Premium,2021,18031,not defined,Electric,Automatic,Navarra Blue Metallic,Black,None reported,No,"$39,599",402.0,0.0,Electric,5.0
973,973,Toyota,Sequoia Limited,2023,8200,Hybrid,437.0HP 3.4L V6 Cylinder Engine Gas/Electric Hybrid,Automatic,Brown,Black,None reported,Yes,"$78,900",437.0,3.4,V6,8.0
974,974,Land,Rover Range Rover Sport HST MHEV,2020,19000,Hybrid,395.0HP 3.0L Straight 6 Cylinder Engine Gasoline/Mild Electric Hybrid,Dual Shift,Silver,Black,not defined,No,"$74,900",395.0,3.0,I6,5.0
975,975,Jeep,Grand Cherokee L Limited,2022,12875,Gasoline,3.6L V6 24V MPFI DOHC,Automatic,Diamond Black,Global Black,None reported,No,"$42,599",290.0,3.6,V6,7.0
976,976,Maserati,GranTurismo Sport,2015,32000,Gasoline,454.0HP 4.7L 8 Cylinder Engine Gasoline Fuel,Automatic,Beige,Brown,None reported,Yes,"$36,000",454.0,4.7,V8,2.0
977,977,BMW,M5 Base,2013,61145,Gasoline,560.0HP 4.4L 8 Cylinder Engine Gasoline Fuel,Automatic,White,Beige,At least 1 accident or damage reported,Yes,"$37,500",560.0,4.4,V8,5.0
978,978,Mercedes-Benz,C-Class 4MATIC Sedan,2022,9612,Gasoline,"2L I-4 gasoline direct injection, DOHC, variable valve control,",Automatic,–,–,None reported,No,"$43,900",255.0,2.0,I4,5.0
979,979,Land,Rover Range Rover Sport First Edition,2023,3534,Hybrid,4.4 Liter,Automatic,Red,Black,None reported,No,"$143,998",523.0,4.4,V8,5.0
980,980,Ford,F-150 Lariat,2011,152000,Gasoline,365.0HP 3.5L V6 Cylinder Engine Gasoline Fuel,Automatic,Brown,Beige,None reported,Yes,"$14,000",365.0,3.5,V6,5.0
981,981,Audi,A4 2.0T Premium,2012,129567,Gasoline,211.0HP 2.0L 4 Cylinder Engine Gasoline Fuel,Automatic,White,Black,None reported,Yes,"$7,000",211.0,2.0,I4,5.0
982,982,BMW,540 i xDrive,2019,36000,Gasoline,335.0HP 3.0L Straight 6 Cylinder Engine Gasoline Fuel,Automatic,Gray,Black,At least 1 accident or damage reported,Yes,"$41,995",335.0,3.0,I4,5.0
983,983,BMW,X6 xDrive35i,2009,92008,Gasoline,300.0HP 3.0L Straight 6 Cylinder Engine Gasoline Fuel,Automatic,White,Black,None reported,Yes,"$12,500",300.0,3.0,I6,5.0
984,984,Ford,Mustang Base,1998,63900,Gasoline,150.0HP 3.8L V6 Cylinder Engine Gasoline Fuel,Automatic,White,Gray,None reported,Yes,"$10,300",150.0,3.8,V6,4.0
985,985,Toyota,Sequoia Limited,2012,150900,Gasoline,381.0HP 5.7L 8 Cylinder Engine Gasoline Fuel,Automatic,Black,Gray,None reported,Yes,"$17,500",381.0,5.7,V8,8.0
986,986,Dodge,Challenger R/T Scat Pack,2019,43000,not defined,–,Manual,Green,Black,None reported,Yes,"$50,000",485.0,6.4,V8,4.0
987,987,Land,Rover Range Rover 3.0L Supercharged,2018,38020,Gasoline,5.0 Liter,Automatic,White,Espresso,None reported,No,"$63,998",518.0,5.0,V8,5.0
988,988,Audi,Q8 55 Premium Plus,2021,14750,Hybrid,335.0HP 3.0L V6 Cylinder Engine Gasoline/Mild Electric Hybrid,Dual Shift,Silver,Black,None reported,Yes,"$61,059",335.0,3.0,V6,5.0
989,989,Subaru,WRX Base,2015,52500,Gasoline,268.0HP 2.0L 4 Cylinder Engine Gasoline Fuel,Manual,Gray,Black,None reported,Yes,"$23,000",268.0,2.0,I4,5.0
990,990,Chevrolet,Suburban LT,2017,207571,Gasoline,355.0HP 5.3L 8 Cylinder Engine Gasoline Fuel,Automatic,Black,Black,At least 1 accident or damage reported,Yes,"$21,000",355.0,5.3,V8,8.0
991,991,INFINITI,QX60 Pure,2020,39000,Gasoline,295.0HP 3.5L V6 Cylinder Engine Gasoline Fuel,Automatic,Gray,Gray,None reported,Yes,"$29,900",295.0,3.5,V6,7.0
992,992,Porsche,Cayman Base,2011,66000,Gasoline,265.0HP 2.9L Flat 6 Cylinder Engine Gasoline Fuel,Automatic,Black,Brown,not defined,No,"$28,000",265.0,2.9,Flat 6,2.0
993,993,INFINITI,QX60 Base,2017,93500,Gasoline,295.0HP 3.5L V6 Cylinder Engine Gasoline Fuel,Automatic,Black,Black,None reported,Yes,"$16,000",295.0,3.5,V6,7.0
994,994,BMW,M4 Base,2018,7200,Gasoline,425.0HP 3.0L Straight 6 Cylinder Engine Gasoline Fuel,Automatic,Black,Black,None reported,Yes,"$64,000",425.0,3.0,I6,2.0
995,995,Maserati,MC20 MC20,2022,1220,Gasoline,"Nettuno 3L V-6 port/direct injection, DOHC, variable valve contr",Automatic,–,–,None reported,No,"$238,900",621.0,3.0,V6,2.0
996,996,Land,Rover Defender SE,2023,8421,Hybrid,395.0HP 3.0L Straight 6 Cylinder Engine Gasoline/Mild Electric Hybrid,Automatic,Black,White,None reported,Yes,"$90,000",395.0,3.0,I6,5.0
997,997,BMW,M8 Base,2020,25520,Gasoline,4.4L V8 32V GDI DOHC Twin Turbo,Automatic,Brands Hatch Gray Metallic,Black,None reported,No,"$84,900",600.0,4.4,V8,4.0
998,998,Tesla,Model Y Performance,2020,30554,not defined,Electric,Automatic,Blue,Black,None reported,No,"$41,999",455.0,0.0,Electric,5.0
999,999,Volvo,C40 Recharge Pure Electric Twin Ultimate,2023,17000,not defined,402.0HP Electric Motor Electric Fuel System,Automatic,Gray,Blue,None reported,Yes,"$54,900",402.0,0.0,Electric,5.0
1000,1000,Mercedes-Benz,SL-Class SL 550,2011,41314,Gasoline,382.0HP 5.5L 8 Cylinder Engine Gasoline Fuel,Dual Shift,Red,White,At least 1 accident or damage reported,Yes,"$30,999",382.0,5.5,V8,2.0
1001,1001,Land,Rover Range Rover P525 HSE SWB,2020,49899,Gasoline,518.0HP 5.0L 8 Cylinder Engine Gasoline Fuel,Dual Shift,White,Black,At least 1 accident or damage reported,Yes,"$64,500",518.0,5.0,V8,5.0
1002,1002,Ford,Escape XLT,2012,186268,E85 Flex Fuel,240.0HP 3.0L V6 Cylinder Engine Flex Fuel Capability,Automatic,Blue,Black,None reported,Yes,"$4,500",240.0,3.0,V6,5.0
1003,1003,Lexus,ES 350 Base,2016,51335,Gasoline,268.0HP 3.5L V6 Cylinder Engine Gasoline Fuel,Automatic,Silver,Black,At least 1 accident or damage reported,Yes,"$25,995",268.0,3.5,V6,5.0
1004,1004,Porsche,718 Boxster GTS,2019,10400,Gasoline,365.0HP 2.5L 4 Cylinder Engine Gasoline Fuel,Automatic,Gray,Black,None reported,Yes,"$99,750",365.0,2.5,I4,2.0
1005,1005,Mercedes-Benz,G-Class G 550,2020,20622,Gasoline,4.0 Liter Twin Turbo,Automatic,designo Diamond White Metallic,Black,None reported,No,"$142,998",416.0,4.0,V8,5.0
1006,1006,RAM,1500 Big Horn,2022,19376,Gasoline,5.7L V8 16V MPFI OHV,Automatic,Bright White Clearcoat,Black,None reported,Yes,"$45,861",395.0,5.7,V8,5.0
1007,1007,Audi,R8 5.2 V10 performance,2020,12245,Gasoline,5.2L V10 40V PDI DOHC,Automatic,Daytona Gray Pearl Effect w/ Black Roof,Black / Express Red,None reported,No,"$187,900",602.0,5.2,V10,2.0
1008,1008,Mitsubishi,Lancer Evolution IX,2006,77000,Gasoline,286.0HP 2.0L 4 Cylinder Engine Gasoline Fuel,Manual,Silver,Black,None reported,Yes,"$57,000",286.0,2.0,I4,4.0
1009,1009,Acura,TL Technology,2013,40000,Gasoline,280.0HP 3.5L V6 Cylinder Engine Gasoline Fuel,Automatic,Blue,Gray,None reported,Yes,"$24,000",280.0,3.5,V6,5.0
1010,1010,Cadillac,CTS Luxury,2012,113000,Gasoline,270.0HP 3.0L V6 Cylinder Engine Gasoline Fuel,Automatic,White,Beige,None reported,Yes,"$10,000",270.0,3.0,V6,5.0
1011,1011,Chevrolet,Camaro 1SS,2022,7600,Gasoline,455.0HP 6.2L 8 Cylinder Engine Gasoline Fuel,Manual,Gray,Black,At least 1 accident or damage reported,Yes,"$46,000",455.0,6.2,V8,4.0
1012,1012,Toyota,Camry Hybrid LE,2022,20400,Hybrid,208.0HP 2.5L 4 Cylinder Engine Gas/Electric Hybrid,Automatic,White,Gray,None reported,Yes,"$29,900",208.0,2.5,I4,5.0
1013,1013,Ford,Transit-350 XLT,2019,115000,Gasoline,310.0HP 3.5L V6 Cylinder Engine Gasoline Fuel,Automatic,White,Gray,None reported,Yes,"$39,000",310.0,3.5,V6,12.0
1014,1014,Lexus,RX 450h Base,2012,239000,Hybrid,295.0HP 3.5L V6 Cylinder Engine Gas/Electric Hybrid,Automatic,Black,Black,None reported,Yes,"$7,000",295.0,3.5,V6,5.0
1015,1015,Jaguar,F-TYPE V6 S,2014,62194,Gasoline,3.0 Liter SC ULEV,Automatic,Black,Black,None reported,No,"$32,998",380.0,3.0,V6,2.0
1016,1016,Jeep,Wrangler Sahara,2020,22138,Gasoline,3.6 Liter,Automatic,Black,Black,None reported,No,"$38,598",285.0,3.6,V6,5.0
1017,1017,Porsche,718 Boxster S,2017,48900,Gasoline,350.0HP 2.5L 4 Cylinder Engine Gasoline Fuel,Dual Shift,Blue,Black,None reported,Yes,"$62,500",350.0,2.5,I4,2.0
1018,1018,Audi,R8 5.2,2014,21800,Gasoline,525.0HP 5.2L 10 Cylinder Engine Gasoline Fuel,Dual Shift,White,Black,None reported,Yes,"$117,000",525.0,5.2,V10,2.0
1019,1019,Lincoln,MKZ Base,2016,68200,Gasoline,300.0HP 3.7L V6 Cylinder Engine Gasoline Fuel,Automatic,Silver,Black,At least 1 accident or damage reported,Yes,"$16,750",300.0,3.7,V6,5.0
1020,1020,Chevrolet,S-10 LS Crew Cab,2001,139000,Gasoline,190.0HP 4.3L V6 Cylinder Engine Gasoline Fuel,Automatic,Red,Gray,None reported,Yes,"$7,000",190.0,4.3,V6,5.0
1021,1021,Mercedes-Benz,G-Class G 550 4MATIC,2021,76100,Gasoline,416.0HP 4.0L 8 Cylinder Engine Gasoline Fuel,Automatic,Black,Black,None reported,Yes,"$130,000",416.0,4.0,V8,5.0
1022,1022,Lexus,RX 350 RX 350 F SPORT Handling,2022,14330,Gasoline,3.5 Liter DOHC,Automatic,Black,Red,None reported,No,"$54,998",295.0,3.5,V6,5.0
1023,1023,BMW,750 i xDrive,2019,41906,Gasoline,445.0HP 4.4L 8 Cylinder Engine Gasoline Fuel,Automatic,Blue,White,At least 1 accident or damage reported,Yes,"$45,999",445.0,4.4,V8,5.0
1024,1024,Chevrolet,Camaro 2SS,2016,164000,Gasoline,455.0HP 6.2L 8 Cylinder Engine Gasoline Fuel,Automatic,Black,Red,None reported,Yes,"$21,500",455.0,6.2,V8,4.0
1025,1025,Ford,Fusion Hybrid SE,2013,161933,Hybrid,2.0L I4 16V MPFI DOHC Hybrid,Automatic,Blue,Charcoal Black,None reported,Yes,"$7,945",195.0,2.0,I4,5.0
1026,1026,Hyundai,Santa Cruz 2.5T Limited,2022,22829,Gasoline,2.5L I4 16V PDI DOHC Turbo,Automatic,Hampton Gray,Black,None reported,No,"$34,580",281.0,2.5,I4,5.0
1027,1027,Lexus,RX 350 F Sport,2023,5483,Gasoline,2.4L I4 16V PDI DOHC Turbo,Automatic,Ultra White,Black,None reported,No,"$59,950",275.0,2.4,I4,5.0
1028,1028,Land,Rover Range Rover Evoque S,2020,46891,Gasoline,246.0HP 2.0L 4 Cylinder Engine Gasoline Fuel,Automatic,Gray,Black,At least 1 accident or damage reported,Yes,"$31,000",246.0,2.0,I4,5.0
1029,1029,Chevrolet,Suburban LT,2019,72000,Gasoline,355.0HP 5.3L 8 Cylinder Engine Gasoline Fuel,Automatic,Blue,Beige,At least 1 accident or damage reported,Yes,"$39,000",355.0,5.3,V8,8.0
1030,1030,Porsche,718 Spyder Base,2020,3400,Gasoline,414.0HP 4.0L Flat 6 Cylinder Engine Gasoline Fuel,Manual,White,Black,None reported,Yes,"$129,900",414.0,4.0,Flat 6,2.0
1031,1031,Chevrolet,Camaro 1LT,2021,18000,Gasoline,335.0HP 3.6L V6 Cylinder Engine Gasoline Fuel,Automatic,White,Black,At least 1 accident or damage reported,Yes,"$30,000",335.0,3.6,V6,4.0
1032,1032,Jeep,Gladiator Freedom,2021,30630,Gasoline,3.6 Liter,Automatic,Hydro Blue Pearlcoat,Black,None reported,No,"$39,998",285.0,3.6,V6,5.0
1033,1033,Toyota,Tacoma Double Cab,2007,24985,Gasoline,236.0HP 4.0L V6 Cylinder Engine Gasoline Fuel,Automatic,Silver,Silver,not defined,No,"$33,580",236.0,4.0,V6,5.0
1034,1034,GMC,Yukon Denali Ultimate,2023,9978,Gasoline,420.0HP 6.2L 8 Cylinder Engine Gasoline Fuel,Automatic,White,Gold,None reported,Yes,"$93,999",420.0,6.2,8 Cylinder,7.0
1035,1035,Ford,Shelby GT350R Base,2018,18500,Gasoline,526.0HP 5.2L 8 Cylinder Engine Gasoline Fuel,Manual,Blue,Black,At least 1 accident or damage reported,Yes,"$77,999",526.0,5.2,8 Cylinder,2.0
1036,1036,Cadillac,Escalade Premium Luxury Platinum,2021,72843,Gasoline,6.2L V8 16V GDI OHV,Automatic,Sandstone Metallic,Dark Auburn,None reported,Yes,"$79,990",420.0,6.2,V8,8.0
1037,1037,Buick,LaCrosse Base,2017,67500,Gasoline,310.0HP 3.6L V6 Cylinder Engine Gasoline Fuel,Automatic,Black,Beige,None reported,Yes,"$20,000",310.0,3.6,V6,5.0
1038,1038,Tesla,Model X Long Range Plus,2020,43534,not defined,534.0HP Electric Motor Electric Fuel System,Automatic,Black,Black,None reported,Yes,"$65,990",534.0,0.0,Electric,7.0
1039,1039,Mercedes-Benz,E-Class E 300 4MATIC,2017,36900,Gasoline,241.0HP 2.0L 4 Cylinder Engine Gasoline Fuel,Automatic,Gray,Beige,None reported,Yes,"$28,500",241.0,2.0,4 Cylinder,5.0
1040,1040,Chevrolet,Tahoe LT,2017,61720,E85 Flex Fuel,5.3 Liter,Automatic,Silver,Jet Black,At least 1 accident or damage reported,No,"$39,998",320.0,5.3,V8,8.0
1041,1041,Kia,Telluride EX,2022,35938,Gasoline,3.8L V6 24V GDI DOHC,Automatic,Glacial White Pearl,Black,None reported,No,"$43,329",291.0,3.8,V6,8.0
1042,1042,Toyota,Tundra Hybrid Limited,2023,10748,Hybrid,3.4L V6 24V PDI DOHC Twin Turbo Hybrid,Automatic,Midnight Black Metallic,Black,None reported,No,"$63,100",437.0,3.4,V6,5.0
1043,1043,Audi,S8 4.0T quattro,2023,4457,Gasoline,4.0L V8 32V GDI DOHC Twin Turbo,Automatic,Mythos Black Metallic,Black,None reported,No,"$107,900",563.0,4.0,V8,5.0
1044,1044,Nissan,Armada Platinum,2018,108206,Gasoline,5.6 Liter,Automatic,White,Charcoal,At least 1 accident or damage reported,No,"$26,498",390.0,5.6,V8,8.0
1045,1045,Land,Rover Discovery HSE,2020,32705,Diesel,3.0 Liter,Automatic,Portofino Blue Metallic,Tan/Ebony/Ebony,None reported,No,"$46,598",355.0,3.0,V6,7.0
1046,1046,Kia,Telluride S,2020,74026,Gasoline,3.8L V6 24V GDI DOHC,Automatic,Sangria Red,Black,None reported,No,"$32,913",291.0,3.8,V6,8.0
1047,1047,Lexus,GS 350 F Sport,2020,24651,Gasoline,3.5L V6 24V PDI DOHC,Automatic,Ultra White,Black,None reported,No,"$45,950",311.0,3.5,V6,5.0
1048,1048,BMW,X6 xDrive40i,2022,13000,Hybrid,335.0HP 3.0L Straight 6 Cylinder Engine Gasoline/Mild Electric Hybrid,Dual Shift,Gray,Orange,None reported,Yes,"$69,000",335.0,3.0,I6,5.0
1049,1049,Land,Rover Range Rover P400 SE SWB,2023,11700,Hybrid,395.0HP 3.0L Straight 6 Cylinder Engine Gasoline/Mild Electric Hybrid,Dual Shift,Gray,White,None reported,Yes,"$133,500",395.0,3.0,Straight 6,5.0
1050,1050,Chevrolet,Silverado 3500 High Country,2015,77500,Diesel,397.0HP 6.6L 8 Cylinder Engine Diesel Fuel,Automatic,Black,Brown,None reported,Yes,"$54,000",397.0,6.6,8 Cylinder,5.0
1051,1051,Maserati,Quattroporte Sport GT,2007,82000,Gasoline,394.0HP 4.2L 8 Cylinder Engine Gasoline Fuel,Dual Shift,Black,Black,At least 1 accident or damage reported,Yes,"$7,999",394.0,4.2,8 Cylinder,5.0
1052,1052,Dodge,Viper GTC,2017,1389,Gasoline,645.0HP 8.4L 10 Cylinder Engine Gasoline Fuel,Manual,Black,Black,None reported,Yes,"$489,995",645.0,8.4,10 Cylinder,2.0
1053,1053,Ford,Expedition Limited,2021,29830,Gasoline,3.5L V6 24V PDI DOHC Twin Turbo,Automatic,Magnetic Metallic,Ebony,None reported,No,"$55,329",400.0,3.5,V6,8.0
1054,1054,Mazda,Mazda6 i Grand Touring,2016,83100,not defined,–,Automatic,White,White,None reported,Yes,"$17,800",184.0,2.5,I4,5.0
1055,1055,Kia,Optima LX,2019,62660,Gasoline,185.0HP 2.4L 4 Cylinder Engine Gasoline Fuel,Automatic,White,Black,None reported,Yes,"$16,500",185.0,2.4,I4,5.0
1056,1056,Land,Rover Range Rover Sport SVR,2018,56006,Gasoline,575.0HP 5.0L 8 Cylinder Engine Gasoline Fuel,Dual Shift,Silver,White,None reported,Yes,"$59,000",575.0,5.0,V8,5.0
1057,1057,Lincoln,Town Car Base,2004,27600,Gasoline,239.0HP 4.6L 8 Cylinder Engine Gasoline Fuel,Automatic,Black,White,None reported,Yes,"$14,900",239.0,4.6,V8,5.0
1058,1058,Honda,Civic Si,2012,47245,Gasoline,201.0HP 2.4L 4 Cylinder Engine Gasoline Fuel,Manual,White,Black,None reported,Yes,"$19,600",201.0,2.4,I4,5.0
1059,1059,Lexus,RX 450h Base,2017,73948,Hybrid,308.0HP 3.5L V6 Cylinder Engine Gas/Electric Hybrid,Automatic,White,Beige,None reported,Yes,"$31,990",308.0,3.5,V6,5.0
1060,1060,RAM,1500 Classic Warlock,2019,36757,E85 Flex Fuel,3.6L V6 24V MPFI DOHC Flexible Fuel,Automatic,Diamond Black,Diesel Gray / Black,None reported,Yes,"$31,953",305.0,3.6,V6,5.0
1061,1061,Tesla,Model Y Long Range,2023,4786,not defined,425.0HP Electric Motor Electric Fuel System,Automatic,White,White,None reported,Yes,"$48,000",425.0,0.0,Electric,5.0
1062,1062,Audi,RS 3 2.5T,2023,1900,Gasoline,401.0HP 2.5L 5 Cylinder Engine Gasoline Fuel,Dual Shift,Gray,Black,None reported,Yes,"$78,900",401.0,2.5,I5,5.0
1063,1063,Hyundai,Genesis Coupe 3.8 R-Spec,2014,52060,Gasoline,348.0HP 3.8L V6 Cylinder Engine Gasoline Fuel,Manual,Black,Black,At least 1 accident or damage reported,Yes,"$15,000",348.0,3.8,V6,4.0
1064,1064,Porsche,Boxster RS 60 Spyder,2008,58000,Gasoline,303.0HP 3.4L Flat 6 Cylinder Engine Gasoline Fuel,Manual,Silver,Black,None reported,Yes,"$41,500",303.0,3.4,Flat 6,2.0
1065,1065,Ford,F-250 XLT,2010,52246,Diesel,6.4L V8 32V DDI OHV Twin Turbo Diesel,Manual,Tan,Medium Stone,None reported,Yes,"$26,095",350.0,6.4,V8,5.0
1066,1066,Kia,Sorento EX,2016,64290,Gasoline,2.0L I4 16V GDI DOHC Turbo,Automatic,Snow White Pearl,Satin Black,None reported,No,"$16,999",240.0,2.0,I4,5.0
1067,1067,Nissan,370Z Touring,2009,37500,Gasoline,332.0HP 3.7L V6 Cylinder Engine Gasoline Fuel,Manual,Silver,Orange,None reported,Yes,"$21,500",332.0,3.7,V6,2.0
1068,1068,Genesis,G70 2.0T,2023,2121,Gasoline,252.0HP 2.0L 4 Cylinder Engine Gasoline Fuel,Automatic,White,Red,None reported,Yes,"$40,750",252.0,2.0,I4,5.0
1069,1069,Land,Rover Range Rover Sport Supercharged,2013,57000,Gasoline,510.0HP 5.0L 8 Cylinder Engine Gasoline Fuel,Dual Shift,White,Beige,None reported,Yes,"$26,000",510.0,5.0,V8,5.0
1070,1070,Mercedes-Benz,S-Class S 560 4MATIC,2020,22000,Gasoline,463.0HP 4.0L 8 Cylinder Engine Gasoline Fuel,Automatic,White,Beige,None reported,Yes,"$69,500",463.0,4.0,V8,5.0
1071,1071,Ford,Bronco Wildtrak Advanced,2023,2000,Gasoline,315.0HP 2.7L V6 Cylinder Engine Gasoline Fuel,Automatic,Black,Black,None reported,Yes,"$66,500",315.0,2.7,V6,5.0
1072,1072,RAM,1500 SLT,2018,61802,E85 Flex Fuel,305.0HP 3.6L V6 Cylinder Engine Flex Fuel Capability,Automatic,Black,Gray,None reported,Yes,"$32,000",305.0,3.6,V6,5.0
1073,1073,Dodge,Challenger R/T,2010,73000,not defined,–,Automatic,Black,Black,None reported,Yes,"$17,500",372.0,5.7,V8,4.0
1074,1074,Chevrolet,Sonic LT,2013,110000,not defined,–,Automatic,Gray,Black,None reported,Yes,"$7,500",138.0,1.4,I4,5.0
1075,1075,Jeep,Grand Cherokee Laredo,2013,106700,E85 Flex Fuel,290.0HP 3.6L V6 Cylinder Engine Flex Fuel Capability,Automatic,Black,Black,None reported,Yes,"$13,500",290.0,3.6,V6,5.0
1076,1076,Audi,RS 5 4.2,2013,75965,Gasoline,450.0HP 4.2L 8 Cylinder Engine Gasoline Fuel,Automatic,White,Black,At least 1 accident or damage reported,Yes,"$35,999",450.0,4.2,V8,4.0
1077,1077,Jeep,Grand Cherokee L Overland,2022,31804,Gasoline,3.6L V6 24V MPFI DOHC,Automatic,Silver Zynith,Global Black,At least 1 accident or damage reported,Yes,"$48,995",290.0,3.6,V6,5.0
1078,1078,Mazda,MX-5 Miata Base,1992,125800,not defined,–,Manual,Red,Black,None reported,Yes,"$11,500",140.0,1.8,I4,2.0
1079,1079,Chrysler,Crossfire Limited,2005,116320,Gasoline,215.0HP 3.2L V6 Cylinder Engine Gasoline Fuel,Automatic,Gray,Red,At least 1 accident or damage reported,Yes,"$6,000",215.0,3.2,V6,2.0
1080,1080,Audi,S5 4.2 Premium Plus,2011,156875,Gasoline,354.0HP 4.2L 8 Cylinder Engine Gasoline Fuel,Manual,Black,Red,At least 1 accident or damage reported,Yes,"$9,900",354.0,4.2,V8,4.0
1081,1081,Tesla,Model X Base,2023,197,not defined,670.0HP Electric Motor Electric Fuel System,Automatic,Blue,Black,None reported,Yes,"$85,000",670.0,0.0,Electric,7.0
1082,1082,Cadillac,CT4 Luxury,2020,35200,Gasoline,237.0HP 2.0L 4 Cylinder Engine Gasoline Fuel,Automatic,Blue,Black,None reported,Yes,"$28,500",237.0,2.0,I4,5.0
1083,1083,Maserati,Ghibli S Q4,2014,76000,Gasoline,404.0HP 3.0L V6 Cylinder Engine Gasoline Fuel,Automatic,Black,Black,None reported,Yes,"$19,000",404.0,3.0,V6,5.0
1084,1084,Jaguar,F-PACE 25t Premium,2019,29000,Gasoline,247.0HP 2.0L 4 Cylinder Engine Gasoline Fuel,Automatic,White,Black,None reported,Yes,"$34,500",247.0,2.0,I4,5.0
1085,1085,BMW,750 i xDrive,2019,33499,Gasoline,445.0HP 4.4L 8 Cylinder Engine Gasoline Fuel,Automatic,Gray,Black,At least 1 accident or damage reported,Yes,"$44,495",445.0,4.4,V8,5.0
1086,1086,Acura,TLX V6 Advance,2019,25779,Gasoline,3.5L V6 24V GDI SOHC,Automatic,Platinum White Pearl,Ebony,At least 1 accident or damage reported,No,"$30,999",290.0,3.5,V6,5.0
1087,1087,GMC,Terrain SLT-1,2015,76296,Gasoline,182.0HP 2.4L 4 Cylinder Engine Gasoline Fuel,Automatic,Gray,Black,At least 1 accident or damage reported,Yes,"$9,500",182.0,2.4,I4,5.0
1088,1088,BMW,i3 Base w/Range Extender,2014,29553,not defined,170.0HP 0.65L Electric Motor Electric Fuel System,Automatic,Black,Gray,None reported,Yes,"$12,800",170.0,0.6,Electric Motor,4.0
1089,1089,Nissan,Versa 1.8 S,2011,109902,Gasoline,122.0HP 1.8L 4 Cylinder Engine Gasoline Fuel,Automatic,Blue,Gray,None reported,Yes,"$4,500",122.0,1.8,I4,5.0
1090,1090,Mercedes-Benz,C-Class C 300 4MATIC,2019,23083,Gasoline,255.0HP 2.0L 4 Cylinder Engine Gasoline Fuel,Automatic,White,Beige,None reported,Yes,"$33,500",255.0,2.0,I4,5.0
1091,1091,Toyota,Matrix XRS,2003,143600,Gasoline,180.0HP 1.8L 4 Cylinder Engine Gasoline Fuel,Manual,Black,Black,None reported,Yes,"$4,199",180.0,1.8,I4,5.0
1092,1092,RAM,1500 Limited,2021,22000,Gasoline,395.0HP 5.7L 8 Cylinder Engine Gasoline Fuel,Automatic,Black,Black,None reported,Yes,"$54,800",395.0,5.7,V8,5.0
1093,1093,Mercedes-Benz,AMG E 53 Base 4MATIC,2022,13000,Hybrid,429.0HP 3.0L Straight 6 Cylinder Engine Gasoline/Mild Electric Hybrid,Automatic,Silver,Black,None reported,Yes,"$81,500",429.0,3.0,I6,5.0
1094,1094,Audi,A5 2.0T Premium,2018,53000,Gasoline,252.0HP 2.0L 4 Cylinder Engine Gasoline Fuel,Automatic,White,Brown,At least 1 accident or damage reported,Yes,"$28,000",252.0,2.0,I4,5.0
1095,1095,Lincoln,Navigator Reserve,2019,44741,Gasoline,450.0HP 3.5L V6 Cylinder Engine Gasoline Fuel,Automatic,Beige,Beige,None reported,Yes,"$52,999",450.0,3.5,V6,8.0
1096,1096,Audi,A6 3.2 quattro,2008,202000,Gasoline,255.0HP 3.2L V6 Cylinder Engine Gasoline Fuel,Automatic,Blue,Gray,At least 1 accident or damage reported,Yes,"$5,700",255.0,3.2,V6,5.0
1097,1097,Chevrolet,Silverado 1500 LT Crew Cab,2006,215000,Gasoline,345.0HP 6.0L 8 Cylinder Engine Gasoline Fuel,Automatic,Black,Black,At least 1 accident or damage reported,Yes,"$6,995",345.0,6.0,V8,5.0
1098,1098,Mercedes-Benz,S-Class S 560,2019,77138,Gasoline,4.0 Liter,Automatic,designo Diamond White,Black,None reported,No,"$49,998",463.0,4.0,V8,5.0
1099,1099,Volvo,XC90 T6 Momentum,2018,90641,Gasoline,2.0L I4 16V GDI DOHC,Automatic,White,Amber,None reported,No,"$25,999",316.0,2.0,I4,7.0
1100,1100,Toyota,Camry SE,2011,177702,Gasoline,179.0HP 2.5L 4 Cylinder Engine Gasoline Fuel,Automatic,Gray,Gray,At least 1 accident or damage reported,Yes,"$7,700",179.0,2.5,I4,5.0
1101,1101,Mercedes-Benz,Metris Base,2018,58350,Gasoline,208.0HP 2.0L 4 Cylinder Engine Gasoline Fuel,Automatic,Black,Black,None reported,Yes,"$29,497",208.0,2.0,I4,5.0
1102,1102,Chevrolet,Camaro 2LT,2010,86170,Gasoline,304.0HP 3.6L V6 Cylinder Engine Gasoline Fuel,Automatic,Black,Black,At least 1 accident or damage reported,Yes,"$17,000",304.0,3.6,V6,4.0
1103,1103,Mazda,MX-5 Miata Grand Touring,2012,36568,Gasoline,167.0HP 2.0L 4 Cylinder Engine Gasoline Fuel,Manual,Blue,Beige,At least 1 accident or damage reported,Yes,"$20,199",167.0,2.0,I4,2.0
1104,1104,Ford,Escape SE,2015,54357,Gasoline,173.0HP 1.6L 4 Cylinder Engine Gasoline Fuel,Automatic,White,Gray,None reported,Yes,"$16,250",173.0,1.6,I4,5.0
1105,1105,Mercedes-Benz,S-Class S 63 AMG,2015,20394,Gasoline,5.5 Liter,Automatic,Black,Black,At least 1 accident or damage reported,No,"$59,598",536.0,5.5,V8,5.0
1106,1106,Kia,Niro EX,2023,7578,Hybrid,1.6L I4 16V GDI DOHC Hybrid,Automatic,Snow White Pearl,Charcoal,None reported,No,"$31,113",139.0,1.6,I4,5.0
1107,1107,Porsche,Boxster Base,2010,64800,Gasoline,255.0HP 2.9L Flat 6 Cylinder Engine Gasoline Fuel,Manual,Gray,Gray,At least 1 accident or damage reported,Yes,"$20,900",255.0,2.9,Flat 6,2.0
1108,1108,Toyota,4Runner Trail,2016,117780,Gasoline,270.0HP 4.0L V6 Cylinder Engine Gasoline Fuel,Automatic,Gray,Black,None reported,Yes,"$27,750",270.0,4.0,V6,5.0
1109,1109,Hyundai,Kona EV SEL,2019,33100,not defined,201.0HP Electric Motor Electric Fuel System,Automatic,Black,Black,None reported,Yes,"$18,200",201.0,0.0,Electric,5.0
1110,1110,Land,Rover Range Rover Evoque SE,2016,86202,Gasoline,240.0HP 2.0L 4 Cylinder Engine Gasoline Fuel,Automatic,Black,Black,None reported,Yes,"$18,750",240.0,2.0,I4,5.0
1111,1111,Ford,E350 Super Duty XLT,2012,163000,E85 Flex Fuel,255.0HP 5.4L 8 Cylinder Engine Flex Fuel Capability,Automatic,White,Gray,None reported,Yes,"$19,550",255.0,5.4,V8,5.0
1112,1112,Mercedes-Benz,SL-Class SL500 Roadster,2004,35400,Gasoline,302.0HP 5.0L 8 Cylinder Engine Gasoline Fuel,Automatic,Black,Gray,None reported,Yes,"$24,900",302.0,5.0,V8,2.0
1113,1113,Jeep,Compass Trailhawk,2018,31000,Gasoline,180.0HP 2.4L 4 Cylinder Engine Gasoline Fuel,Automatic,Gray,Black,None reported,Yes,"$22,000",180.0,2.4,I4,5.0
1114,1114,Mercedes-Benz,S-Class S 560 4MATIC,2018,103069,Gasoline,4.0 Liter,Automatic,Anthracite Blue Metallic,Silk Beige/Espresso Brown,None reported,No,"$40,998",463.0,4.0,V8,5.0
1115,1115,Mercedes-Benz,G-Class G 550 4MATIC,2021,22480,Gasoline,416.0HP 4.0L 8 Cylinder Engine Gasoline Fuel,Automatic,White,Brown,None reported,Yes,"$135,800",416.0,4.0,V8,5.0
1116,1116,Tesla,Model X P90D,2016,91000,not defined,691.0HP Electric Motor Electric Fuel System,Automatic,Silver,White,None reported,Yes,"$39,500",691.0,0.0,Electric,7.0
1117,1117,Lexus,IS-F Base,2010,41500,Gasoline,416.0HP 5.0L 8 Cylinder Engine Gasoline Fuel,Automatic,Blue,Black,At least 1 accident or damage reported,Yes,"$44,800",416.0,5.0,V8,5.0
1118,1118,BMW,335 i,2010,91545,Gasoline,300.0HP 3.0L Straight 6 Cylinder Engine Gasoline Fuel,Automatic,Black,Black,None reported,Yes,"$13,000",300.0,3.0,I6,5.0
1119,1119,Audi,RS 7 4.0T,2022,4100,Hybrid,591.0HP 4.0L 8 Cylinder Engine Gasoline/Mild Electric Hybrid,Automatic,Blue,Black,None reported,Yes,"$162,500",591.0,4.0,V8,4.0
1120,1120,Buick,Lucerne CXL,2006,110000,Gasoline,275.0HP 4.6L 8 Cylinder Engine Gasoline Fuel,Automatic,Gold,Beige,None reported,Yes,"$5,000",275.0,4.6,V8,5.0
1121,1121,Lincoln,MKX Reserve,2016,88000,Gasoline,335.0HP 2.7L V6 Cylinder Engine Gasoline Fuel,Dual Shift,Black,Black,None reported,Yes,"$18,500",335.0,2.7,V6,5.0
1122,1122,Nissan,Armada Platinum,2018,42833,Gasoline,390.0HP 5.6L 8 Cylinder Engine Gasoline Fuel,Dual Shift,Blue,Gray,None reported,Yes,"$37,000",390.0,5.6,V8,8.0
1123,1123,Porsche,911 Carrera,2020,23278,Gasoline,3.0 Liter,Automatic,Blue,–,None reported,No,"$114,998",350.0,3.0,H6,2.0
1124,1124,Mercedes-Benz,E-Class 400E,1993,106983,not defined,–,Automatic,White,Gray,None reported,Yes,"$15,300",329.0,3.0,V6,5.0
1125,1125,BMW,435 Gran Coupe i,2015,60100,Gasoline,300.0HP 3.0L Straight 6 Cylinder Engine Gasoline Fuel,Automatic,Blue,Beige,None reported,Yes,"$24,995",300.0,3.0,I6,5.0
1126,1126,Jeep,Wagoneer Series III,2022,17381,Gasoline,5.7L V8 16V MPFI OHV,Automatic,Velvet Red Pearlcoat,Global Black,None reported,Yes,"$69,685",392.0,5.7,V8,7.0
1127,1127,Cadillac,ATS 2.5L,2013,63172,Gasoline,202.0HP 2.5L 4 Cylinder Engine Gasoline Fuel,Automatic,Black,Black,At least 1 accident or damage reported,Yes,"$12,995",202.0,2.5,I4,5.0
1128,1128,Ford,Transit Connect XLT,2010,72000,Gasoline,136.0HP 2.0L 4 Cylinder Engine Gasoline Fuel,Automatic,White,Gray,At least 1 accident or damage reported,Yes,"$10,900",136.0,2.0,I4,5.0
1129,1129,Kia,EV6 GT-Line,2022,4820,not defined,320.0HP Electric Motor Electric Fuel System,Automatic,Red,Black,None reported,Yes,"$47,500",320.0,0.0,Electric,5.0
1130,1130,Audi,S5 3.0T Premium Plus,2014,67900,Gasoline,333.0HP 3.0L V6 Cylinder Engine Gasoline Fuel,Manual,Silver,Black,not defined,No,"$25,990",333.0,3.0,V6,5.0
1131,1131,Toyota,Tundra SR,2018,51000,Gasoline,381.0HP 5.7L 8 Cylinder Engine Gasoline Fuel,Automatic,Black,Gray,None reported,Yes,"$38,000",381.0,5.7,V8,5.0
1132,1132,Jeep,Wrangler Unlimited Freedom Edition,2013,54500,Gasoline,285.0HP 3.6L V6 Cylinder Engine Gasoline Fuel,Automatic,Green,Black,None reported,Yes,"$35,000",285.0,3.6,V6,5.0
1133,1133,Maserati,Quattroporte Base,2006,61840,Gasoline,394.0HP 4.2L 8 Cylinder Engine Gasoline Fuel,Dual Shift,Gray,Beige,None reported,Yes,"$16,500",394.0,4.2,V8,5.0
1134,1134,Mercedes-Benz,CLS-Class CLS500,2006,28950,Gasoline,302.0HP 5.0L 8 Cylinder Engine Gasoline Fuel,Automatic,Blue,Beige,not defined,No,"$16,750",302.0,5.0,V8,5.0
1135,1135,GMC,Sierra 3500 SLE,2002,300000,Diesel,300.0HP 6.6L 8 Cylinder Engine Diesel Fuel,Automatic,Black,Gray,At least 1 accident or damage reported,Yes,"$5,000",300.0,6.6,V8,5.0
1136,1136,Nissan,Frontier SL,2011,103400,Gasoline,261.0HP 4.0L V6 Cylinder Engine Gasoline Fuel,Automatic,Gray,Gray,At least 1 accident or damage reported,Yes,"$17,000",261.0,4.0,V6,5.0
1137,1137,BMW,M5 Base,2023,816,Gasoline,4.4L V8 32V GDI DOHC Twin Turbo,Automatic,Alpine White,Black,None reported,No,"$109,900",560.0,4.4,V8,5.0
1138,1138,Porsche,911 R,2016,719,Gasoline,4.0L H6 24V GDI DOHC,Manual,White,Black / Brown,None reported,Yes,"$489,000",500.0,4.0,H6,2.0
1139,1139,Land,Rover Defender X-Dynamic SE,2023,3678,Hybrid,3.0 Liter,Automatic,Fuji White,Black,None reported,No,"$81,998",395.0,3.0,I6,5.0
1140,1140,Ford,F-150 XL,2016,107000,E85 Flex Fuel,385.0HP 5.0L 8 Cylinder Engine Flex Fuel Capability,Automatic,White,Gray,At least 1 accident or damage reported,Yes,"$22,000",385.0,5.0,V8,5.0
1141,1141,BMW,M8 Competition,2022,5018,Gasoline,4.4 Liter Twin Turbo,Automatic,–,Sakhir Orange/Black,None reported,No,"$114,998",617.0,4.4,V8,4.0
1142,1142,Porsche,911 Carrera S,2010,13850,Gasoline,385.0HP 3.8L Flat 6 Cylinder Engine Gasoline Fuel,Manual,Black,Black,None reported,Yes,"$71,400",385.0,3.8,Flat 6,2.0
1143,1143,Volvo,XC70 3.2,2008,46700,Gasoline,235.0HP 3.2L Straight 6 Cylinder Engine Gasoline Fuel,Automatic,White,Beige,not defined,No,"$11,400",235.0,3.2,I6,5.0
1144,1144,Chrysler,300 Touring,2021,21478,Gasoline,3.6 Liter,Automatic,Silver Mist,Black,None reported,No,"$27,798",292.0,3.6,V6,5.0
1145,1145,Honda,Insight EX,2020,64200,Hybrid,151.0HP 1.5L 4 Cylinder Engine Gas/Electric Hybrid,Automatic,White,Black,At least 1 accident or damage reported,Yes,"$20,499",151.0,1.5,I4,5.0
1146,1146,Porsche,Cayman S,2006,31075,Gasoline,3.4L H6 24V MPFI DOHC,Automatic,Black,Black / Stone Grey,None reported,Yes,"$36,250",325.0,3.4,H6,2.0
1147,1147,Tesla,Model Y Performance,2022,25250,not defined,455.0HP Electric Motor Electric Fuel System,Automatic,White,White,None reported,Yes,"$47,800",455.0,0.0,Electric,5.0
1148,1148,BMW,M5 Competition,2020,35400,Gasoline,617.0HP 4.4L 8 Cylinder Engine Gasoline Fuel,Automatic,Orange,Black,None reported,Yes,"$71,950",617.0,4.4,V8,5.0
1149,1149,Audi,S4 4.2 quattro,2004,74030,Gasoline,340.0HP 4.2L 8 Cylinder Engine Gasoline Fuel,Manual,Silver,Gray,None reported,Yes,"$16,000",340.0,4.2,V8,5.0
1150,1150,Ford,F-250 Platinum,2021,48549,Diesel,6.7L V8 32V DDI OHV Turbo Diesel,Automatic,Antimatter Blue Metallic,Black,None reported,No,"$69,998",475.0,6.7,V8,5.0
1151,1151,Kia,Seltos S,2023,5182,Gasoline,146.0HP 2.0L 4 Cylinder Engine Gasoline Fuel,Automatic,White,Black,None reported,Yes,"$32,500",146.0,2.0,I4,5.0
1152,1152,RAM,ProMaster 2500 High Roof,2019,31681,Gasoline,280.0HP 3.6L V6 Cylinder Engine Gasoline Fuel,Automatic,White,Black,At least 1 accident or damage reported,Yes,"$33,500",280.0,3.6,V6,2.0
1153,1153,BMW,M760 M760i xDrive,2020,23430,Gasoline,6.6 Liter Twin Turbo,Automatic,White,Black,None reported,No,"$80,998",601.0,6.6,V12,5.0
1154,1154,Mercedes-Benz,E-Class E 400,2015,30300,Gasoline,329.0HP 3.0L V6 Cylinder Engine Gasoline Fuel,Automatic,White,Black,At least 1 accident or damage reported,Yes,"$29,000",329.0,3.0,V6,5.0
1155,1155,Cadillac,XTS Luxury,2016,112000,Gasoline,304.0HP 3.6L V6 Cylinder Engine Gasoline Fuel,Automatic,Blue,Beige,At least 1 accident or damage reported,Yes,"$14,599",304.0,3.6,V6,5.0
1156,1156,INFINITI,Q50 Premium,2014,127356,Gasoline,328.0HP 3.7L V6 Cylinder Engine Gasoline Fuel,Automatic,Black,Black,At least 1 accident or damage reported,Yes,"$19,990",328.0,3.7,V6,5.0
1157,1157,Volkswagen,Touareg V6 Executive,2017,50600,Gasoline,280.0HP 3.6L V6 Cylinder Engine Gasoline Fuel,Automatic,Red,Brown,At least 1 accident or damage reported,Yes,"$28,890",280.0,3.6,V6,5.0
1158,1158,Chevrolet,Suburban 1500 LTZ,2011,194000,E85 Flex Fuel,320.0HP 5.3L 8 Cylinder Engine Flex Fuel Capability,Automatic,Black,Black,None reported,Yes,"$9,950",320.0,5.3,V8,8.0
1159,1159,Toyota,Tundra SR5,2021,33455,Gasoline,381.0HP 5.7L 8 Cylinder Engine Gasoline Fuel,Automatic,Green,Black,None reported,Yes,"$44,750",381.0,5.7,V6,5.0
1160,1160,BMW,X1 sDrive28i,2022,43000,Gasoline,228.0HP 2.0L 4 Cylinder Engine Gasoline Fuel,Automatic,Gray,Black,None reported,Yes,"$35,750",228.0,2.0,I4,5.0
1161,1161,Mercedes-Benz,GL-Class GL 550 4MATIC,2016,46102,Gasoline,429.0HP 4.7L 8 Cylinder Engine Gasoline Fuel,Automatic,Black,Beige,None reported,Yes,"$35,300",429.0,4.7,V8,7.0
1162,1162,Cadillac,XTS Luxury,2019,59000,Gasoline,304.0HP 3.6L V6 Cylinder Engine Gasoline Fuel,Automatic,Black,Black,None reported,Yes,"$21,000",304.0,3.6,V6,5.0
1163,1163,Jaguar,XJ8 Base,2004,134000,Gasoline,294.0HP 4.2L 8 Cylinder Engine Gasoline Fuel,Automatic,Black,Beige,At least 1 accident or damage reported,Yes,"$9,500",294.0,4.2,V8,5.0
1164,1164,Chevrolet,Camaro ZL1,2020,3715,Gasoline,650.0HP 6.2L 8 Cylinder Engine Gasoline Fuel,Automatic,Black,Black,None reported,Yes,"$150,000",650.0,6.2,V8,4.0
1165,1165,Mercedes-Benz,Sprinter 2500,2012,100245,Diesel,188.0HP 3.0L V6 Cylinder Engine Diesel Fuel,Automatic,White,–,At least 1 accident or damage reported,Yes,"$24,000",188.0,3.0,V6,5.0
1166,1166,Mercedes-Benz,C-Class C 300 4MATIC,2022,8583,Gasoline,2.0L I4 16V GDI DOHC Turbo,Automatic,Cirrus Silver Metallic,AMG Black,None reported,No,"$42,999",255.0,2.0,I4,5.0
1167,1167,Dodge,Dakota SLT,2003,141800,Gasoline,230.0HP 4.7L 8 Cylinder Engine Gasoline Fuel,Automatic,Red,Gray,At least 1 accident or damage reported,Yes,"$5,700",230.0,4.7,V8,5.0
1168,1168,Audi,A5 2.0T Premium Plus,2012,77000,Gasoline,211.0HP 2.0L 4 Cylinder Engine Gasoline Fuel,Automatic,White,Black,None reported,Yes,"$13,800",211.0,2.0,I4,5.0
1169,1169,Audi,A5 2.0T Premium,2018,67035,Gasoline,252.0HP 2.0L 4 Cylinder Engine Gasoline Fuel,Dual Shift,Pink,Brown,At least 1 accident or damage reported,Yes,"$31,500",252.0,2.0,I4,5.0
1170,1170,Audi,S5 3.0 Premium Plus,2012,61450,Gasoline,333.0HP 3.0L V6 Cylinder Engine Gasoline Fuel,Automatic,White,Gray,None reported,Yes,"$19,500",333.0,3.0,V6,5.0
1171,1171,Porsche,Panamera GTS,2015,39500,Gasoline,440.0HP 4.8L 8 Cylinder Engine Gasoline Fuel,Dual Shift,Black,Black,None reported,Yes,"$52,590",440.0,4.8,V8,4.0
1172,1172,Mercedes-Benz,AMG GT C,2020,6600,Gasoline,550.0HP 4.0L 8 Cylinder Engine Gasoline Fuel,Dual Shift,Black,Beige,None reported,Yes,"$128,900",550.0,4.0,V8,2.0
1173,1173,Chevrolet,Camaro 2SS,2023,2300,Gasoline,455.0HP 6.2L 8 Cylinder Engine Gasoline Fuel,Manual,Red,Black,None reported,Yes,"$51,500",455.0,6.2,V8,4.0
1174,1174,Audi,Q7 Premium Plus,2023,10601,Hybrid,3.0 Liter TFSI,Automatic,Mythos Black,Black,None reported,No,"$61,998",333.0,3.0,V6,7.0
1175,1175,Maserati,GranTurismo MC,2018,18000,Gasoline,454.0HP 4.7L 8 Cylinder Engine Gasoline Fuel,Dual Shift,Red,Black,None reported,Yes,"$67,000",454.0,4.7,V8,2.0
1176,1176,GMC,Sierra 2500 AT4,2022,31681,Gasoline,6.6L V8 16V GDI OHV,Automatic,Cayenne Red Tintcoat,Jet Black,At least 1 accident or damage reported,No,"$67,963",401.0,6.6,V8,5.0
1177,1177,Cadillac,XT6 Sport AWD,2020,24114,Gasoline,3.6L V6 24V GDI DOHC,Automatic,Garnet Red Metallic,Jet Black,At least 1 accident or damage reported,No,"$49,427",310.0,3.6,V6,7.0
1178,1178,Jeep,Grand Cherokee L Laredo,2022,22109,Gasoline,3.6L V6 24V MPFI DOHC,Automatic,Bright White Clearcoat,Global Black,not defined,No,"$43,389",293.0,3.6,V6,5.0
1179,1179,Chevrolet,Avalanche 1500 LT,2012,148000,E85 Flex Fuel,320.0HP 5.3L 8 Cylinder Engine Flex Fuel Capability,Automatic,Black,Black,None reported,Yes,"$18,000",320.0,5.3,V8,5.0
1180,1180,BMW,M5 Base,2018,41000,Gasoline,600.0HP 4.4L 8 Cylinder Engine Gasoline Fuel,Dual Shift,White,White,None reported,Yes,"$60,200",600.0,4.4,V8,5.0
1181,1181,Nissan,Titan SE,2009,127600,E85 Flex Fuel,317.0HP 5.6L 8 Cylinder Engine Flex Fuel Capability,Automatic,Brown,Gray,None reported,Yes,"$19,500",317.0,5.6,V8,5.0
1182,1182,Dodge,Ram 1500 SRT-10 Quad Cab,2005,138450,Gasoline,500.0HP 8.3L 10 Cylinder Engine Gasoline Fuel,Automatic,Red,Black,At least 1 accident or damage reported,Yes,"$19,000",500.0,8.3,V10,5.0
1183,1183,GMC,Sierra 1500 SLT,2013,230000,E85 Flex Fuel,315.0HP 5.3L 8 Cylinder Engine Flex Fuel Capability,Automatic,White,Black,None reported,Yes,"$15,500",315.0,5.3,V8,5.0
1184,1184,Lexus,RX 350 F Sport,2017,53649,Gasoline,295.0HP 3.5L V6 Cylinder Engine Gasoline Fuel,Automatic,Black,Red,None reported,Yes,"$33,000",295.0,3.5,V6,5.0
1185,1185,Mercedes-Benz,GL-Class GL 450 4MATIC,2012,174000,Gasoline,335.0HP 4.6L 8 Cylinder Engine Gasoline Fuel,Automatic,Black,Black,At least 1 accident or damage reported,Yes,"$11,999",335.0,4.6,V8,7.0
1186,1186,INFINITI,QX80 Luxe,2022,49860,Gasoline,5.6L V8 32V GDI DOHC,Automatic,Black Obsidian,Graphite,At least 1 accident or damage reported,Yes,"$47,645",400.0,5.6,V8,8.0
1187,1187,Mercedes-Benz,AMG C 63 S,2021,13650,Gasoline,503.0HP 4.0L 8 Cylinder Engine Gasoline Fuel,Automatic,Blue,Black,None reported,Yes,"$75,000",503.0,4.0,V8,4.0
1188,1188,BMW,528 i xDrive,2016,134000,Gasoline,240.0HP 2.0L 4 Cylinder Engine Gasoline Fuel,Automatic,Brown,Brown,At least 1 accident or damage reported,Yes,"$13,500",240.0,2.0,I4,5.0
1189,1189,Porsche,911 Carrera,2014,78000,Gasoline,350.0HP 3.4L Flat 6 Cylinder Engine Gasoline Fuel,Dual Shift,Brown,Brown,None reported,Yes,"$68,000",350.0,3.4,H6,2.0
1190,1190,Porsche,Boxster S,2005,65750,Gasoline,280.0HP 3.2L Flat 6 Cylinder Engine Gasoline Fuel,Automatic,Blue,Gray,None reported,Yes,"$21,750",280.0,3.2,H6,2.0
1191,1191,BMW,X6 M Base,2021,18000,Gasoline,600.0HP 4.4L 8 Cylinder Engine Gasoline Fuel,Automatic,Black,Black,None reported,Yes,"$94,000",600.0,4.4,V8,4.0
1192,1192,Ford,Mustang Premium,2007,121630,Gasoline,210.0HP 4.0L V6 Cylinder Engine Gasoline Fuel,Automatic,White,Black,None reported,Yes,"$9,450",210.0,4.0,V6,4.0
1193,1193,Rivian,R1S Launch Edition,2023,4500,not defined,835.0HP Electric Motor Electric Fuel System,Automatic,Silver,Gray,None reported,Yes,"$89,999",835.0,0.0,Electric,7.0
1194,1194,Volvo,XC90 Recharge Plug-In Hybrid T8 Inscription 7 Passenger,2022,9408,Hybrid,2.0L I4 16V GDI DOHC Hybrid,Automatic,Black,Gray,None reported,No,"$61,999",400.0,2.0,I4,7.0
1195,1195,BMW,528 i xDrive,2016,120000,Gasoline,240.0HP 2.0L 4 Cylinder Engine Gasoline Fuel,Automatic,White,White,None reported,Yes,"$16,000",240.0,2.0,I4,5.0
1196,1196,Cadillac,Escalade ESV Platinum,2016,168600,Gasoline,420.0HP 6.2L 8 Cylinder Engine Gasoline Fuel,Automatic,White,Beige,None reported,Yes,"$29,500",420.0,6.2,V8,7.0
1197,1197,Chevrolet,Corvette Base,2004,43705,Gasoline,350.0HP 5.7L 8 Cylinder Engine Gasoline Fuel,Manual,Gray,Black,None reported,Yes,"$25,900",350.0,5.7,V8,2.0
1198,1198,Audi,A5 2.0T Premium,2013,111000,Gasoline,211.0HP 2.0L 4 Cylinder Engine Gasoline Fuel,Dual Shift,Blue,Beige,None reported,Yes,"$11,500",211.0,2.0,I4,5.0
1199,1199,Audi,TT 2.0T Premium,2012,64549,Gasoline,211.0HP 2.0L 4 Cylinder Engine Gasoline Fuel,Dual Shift,Silver,Black,None reported,Yes,"$17,000",211.0,2.0,I4,2.0
1200,1200,Buick,LaCrosse CX,2007,53000,Gasoline,200.0HP 3.8L V6 Cylinder Engine Gasoline Fuel,Automatic,Red,Gray,None reported,Yes,"$6,500",200.0,3.8,V6,5.0
1201,1201,Chevrolet,Camaro 2SS,2017,13465,Gasoline,455.0HP 6.2L 8 Cylinder Engine Gasoline Fuel,Automatic,White,Black,None reported,Yes,"$44,900",455.0,6.2,V8,4.0
1202,1202,Tesla,Model Y Long Range,2023,5844,not defined,425.0HP Electric Motor Electric Fuel System,Automatic,White,Black,None reported,Yes,"$52,000",425.0,0.0,Electric,5.0
1203,1203,BMW,M3 Base,2015,74000,Gasoline,425.0HP 3.0L Straight 6 Cylinder Engine Gasoline Fuel,Manual,Gray,Black,None reported,Yes,"$40,000",425.0,3.0,I6,4.0
1204,1204,Kia,Optima LX,2011,100331,Gasoline,200.0HP 2.4L 4 Cylinder Engine Gasoline Fuel,Automatic,Red,–,At least 1 accident or damage reported,Yes,"$6,900",200.0,2.4,I4,5.0
1205,1205,Toyota,Supra 3.0 Premium,2022,24850,Gasoline,382.0HP 3.0L Straight 6 Cylinder Engine Gasoline Fuel,Automatic,Black,Black,None reported,Yes,"$53,568",382.0,3.0,Straight 6,2.0
1206,1206,Lincoln,Nautilus Reserve,2021,17467,Gasoline,2.0L I4 16V GDI DOHC Turbo,Automatic,Pristine White,Slate,None reported,No,"$43,860",250.0,2.0,I4,5.0
1207,1207,Nissan,Pathfinder SL,2015,115000,Gasoline,260.0HP 3.5L V6 Cylinder Engine Gasoline Fuel,Automatic,Gray,Black,None reported,Yes,"$11,995",260.0,3.5,V6,7.0
1208,1208,BMW,X5 xDrive50i,2015,72000,Gasoline,445.0HP 4.4L 8 Cylinder Engine Gasoline Fuel,Dual Shift,Black,Brown,At least 1 accident or damage reported,Yes,"$26,500",445.0,4.4,V8,5.0
1209,1209,Mazda,MazdaSpeed3 Grand Touring,2008,162000,Gasoline,263.0HP 2.3L 4 Cylinder Engine Gasoline Fuel,Manual,Black,Black,At least 1 accident or damage reported,Yes,"$6,500",263.0,2.3,I4,5.0
1210,1210,GMC,Yukon XL SLT,2017,47589,Gasoline,355.0HP 5.3L 8 Cylinder Engine Gasoline Fuel,Automatic,Black,Black,None reported,Yes,"$45,500",355.0,5.3,V8,8.0
1211,1211,Toyota,bZ4X Limited,2023,6548,not defined,Electric,Automatic,Wind Chill Pearl,Black,None reported,No,"$41,999",214.0,2.5,V6,5.0
1212,1212,RAM,ProMaster 2500 High Roof,2018,10339,Gasoline,280.0HP 3.6L V6 Cylinder Engine Gasoline Fuel,Automatic,White,Gray,None reported,Yes,"$36,990",280.0,3.6,V6,2.0
1213,1213,RAM,1500 Classic SLT,2021,32092,Gasoline,3.6L V6 24V MPFI DOHC,Automatic,Patriot Blue Pearlcoat,Black,None reported,Yes,"$35,113",305.0,3.6,V6,5.0
1214,1214,Lexus,GS 350 Base,2014,85275,Gasoline,3.5 Liter,Automatic,Nebula Gray Pearl,Black,At least 1 accident or damage reported,No,"$23,998",311.0,3.5,V6,5.0
1215,1215,Hyundai,Tucson Limited,2016,138000,Gasoline,175.0HP 1.6L 4 Cylinder Engine Gasoline Fuel,Automatic,Brown,Beige,None reported,Yes,"$10,990",175.0,1.6,I4,5.0
1216,1216,Chevrolet,SSR Base,2003,87500,Gasoline,300.0HP 5.3L 8 Cylinder Engine Gasoline Fuel,Automatic,Red,Black,None reported,Yes,"$16,999",300.0,5.3,V8,2.0
1217,1217,Maserati,GranTurismo Base,2013,34920,Gasoline,440.0HP 4.7L 8 Cylinder Engine Gasoline Fuel,Automatic,Gray,Brown,None reported,Yes,"$38,900",440.0,4.7,V8,2.0
1218,1218,Tesla,Model X Performance,2020,27224,not defined,Electric,Automatic,Black,Black,None reported,No,"$65,999",1020.0,12.0,V8,7.0
1219,1219,BMW,M2 Base,2018,25000,Gasoline,365.0HP 3.0L Straight 6 Cylinder Engine Gasoline Fuel,Automatic,Black,Black,None reported,Yes,"$52,000",365.0,3.0,I6,4.0
1220,1220,Tesla,Model Y Long Range,2021,14642,not defined,425.0HP Electric Motor Electric Fuel System,Automatic,Red,Black,None reported,Yes,"$48,500",425.0,0.0,Electric,5.0
1221,1221,Subaru,Outback 2.5i Limited,2015,162000,Gasoline,175.0HP 2.5L 4 Cylinder Engine Gasoline Fuel,Automatic,Gray,Black,None reported,Yes,"$13,999",175.0,2.5,I4,5.0
1222,1222,Buick,Roadmaster Estate,1996,119500,Gasoline,260.0HP 5.7L 8 Cylinder Engine Gasoline Fuel,Automatic,White,Beige,At least 1 accident or damage reported,Yes,"$16,999",260.0,5.7,V8,5.0
1223,1223,Land,Rover Range Rover 5.0L Supercharged,2017,101800,Gasoline,510.0HP 5.0L 8 Cylinder Engine Gasoline Fuel,Automatic,Silver,Black,None reported,Yes,"$36,500",510.0,5.0,V8,5.0
1224,1224,Ford,Expedition Max XLT,2021,84351,Gasoline,3.5L V6 24V PDI DOHC Twin Turbo,Automatic,Blue,Ebony,None reported,Yes,"$42,691",400.0,3.5,V6,8.0
1225,1225,Nissan,Leaf SL,2012,26930,not defined,107.0HP Electric Motor Electric Fuel System,Automatic,White,Beige,None reported,Yes,"$6,700",107.0,0.0,Electric,5.0
1226,1226,Mercedes-Benz,AMG GT 63 S 4-Door,2020,40000,Gasoline,630.0HP 4.0L 8 Cylinder Engine Gasoline Fuel,Automatic,Black,Red,None reported,Yes,"$112,500",630.0,4.0,V8,4.0
1227,1227,BMW,230 i,2019,30000,Gasoline,248.0HP 2.0L 4 Cylinder Engine Gasoline Fuel,Automatic,Blue,Beige,At least 1 accident or damage reported,Yes,"$29,000",248.0,2.0,I4,4.0
1228,1228,Lexus,ES 350 Base,2007,78980,Gasoline,272.0HP 3.5L V6 Cylinder Engine Gasoline Fuel,Automatic,Silver,Beige,At least 1 accident or damage reported,Yes,"$10,600",272.0,3.5,V6,5.0
1229,1229,Porsche,911 Carrera S Cabriolet,2007,28844,Gasoline,3.8L H6 24V MPFI DOHC,Manual,White,Beige,not defined,No,"$69,995",443.0,3.8,H6,2.0
1230,1230,Maserati,Levante Modena,2023,5409,Gasoline,3.0L V6 24V GDI DOHC Twin Turbo,Automatic,Blu,Black,None reported,Yes,"$88,950",345.0,3.0,V6,5.0
1231,1231,Dodge,Challenger SRT Hellcat,2020,12700,Gasoline,717.0HP 6.2L 8 Cylinder Engine Gasoline Fuel,Automatic,Black,Black,At least 1 accident or damage reported,Yes,"$69,900",717.0,6.2,V8,4.0
1232,1232,Mazda,Mazda6 Touring,2021,19000,Gasoline,187.0HP 2.5L 4 Cylinder Engine Gasoline Fuel,Automatic,Blue,Black,not defined,No,"$25,900",187.0,2.5,I4,5.0
1233,1233,Audi,S4 3.0T Premium,2019,12000,Gasoline,349.0HP 3.0L V6 Cylinder Engine Gasoline Fuel,Automatic,Black,Black,None reported,Yes,"$48,000",349.0,3.0,V6,5.0
1234,1234,Ford,Mustang GT Premium,2016,25717,Gasoline,435.0HP 5.0L 8 Cylinder Engine Gasoline Fuel,Manual,Black,Black,None reported,Yes,"$33,900",435.0,5.0,V8,4.0
1235,1235,Tesla,Model Y Long Range,2022,12055,not defined,425.0HP Electric Motor Electric Fuel System,Automatic,Blue,Black,None reported,Yes,"$44,400",425.0,0.0,Electric,5.0
1236,1236,Audi,TTS 2.0T Premium Plus,2011,69700,Gasoline,265.0HP 2.0L 4 Cylinder Engine Gasoline Fuel,Automatic,Orange,–,At least 1 accident or damage reported,Yes,"$23,000",265.0,2.0,I4,4.0
1237,1237,BMW,M2 Competition,2020,25013,Gasoline,405.0HP 3.0L Straight 6 Cylinder Engine Gasoline Fuel,Automatic,Black,Black,None reported,Yes,"$55,000",405.0,3.0,I6,4.0
1238,1238,Audi,Q4 e-tron Sportback Premium,2023,1156,not defined,295.0HP Electric Motor Electric Fuel System,Automatic,Blue,Black,None reported,Yes,"$54,900",295.0,3.5,V6,5.0
1239,1239,BMW,740 i,2016,57939,Gasoline,320.0HP 3.0L Straight 6 Cylinder Engine Gasoline Fuel,Automatic,Gray,Black,None reported,Yes,"$27,500",320.0,3.0,I6,5.0
1240,1240,Mercedes-Benz,AMG GLE 43 Coupe 4MATIC,2018,52694,Gasoline,385.0HP 3.0L V6 Cylinder Engine Gasoline Fuel,Dual Shift,Gray,Black,None reported,Yes,"$49,999",385.0,3.0,V6,5.0
1241,1241,Mercedes-Benz,S-Class S 550 4MATIC,2015,54000,Gasoline,449.0HP 4.7L 8 Cylinder Engine Gasoline Fuel,Automatic,White,Beige,None reported,Yes,"$37,000",449.0,4.7,V8,5.0
1242,1242,Honda,S2000 Base,2002,110500,Gasoline,240.0HP 2.0L 4 Cylinder Engine Gasoline Fuel,Manual,Yellow,Red,None reported,Yes,"$27,000",240.0,2.0,I4,2.0
1243,1243,Chevrolet,Corvette Base,2000,97500,Gasoline,345.0HP 5.7L 8 Cylinder Engine Gasoline Fuel,Manual,Yellow,Black,None reported,Yes,"$10,000",345.0,5.7,V8,2.0
1244,1244,Chevrolet,Colorado Z71,2020,20909,Gasoline,3.6L V6 24V GDI DOHC,Automatic,Red,Jet Black,None reported,Yes,"$35,387",308.0,3.6,V6,5.0
1245,1245,Mercedes-Benz,S-Class S 63 AMG,2013,77648,Gasoline,536.0HP 5.5L 8 Cylinder Engine Gasoline Fuel,Automatic,Silver,Black,None reported,Yes,"$40,000",536.0,5.5,V8,5.0
1246,1246,Bentley,Continental GTC Base,2013,79422,Gasoline,616.0HP 6.0L 12 Cylinder Engine Gasoline Fuel,Automatic,Black,Black,None reported,Yes,"$64,000",616.0,6.0,V12,4.0
1247,1247,GMC,Sierra 2500 SLE H/D Extended Cab,2002,53850,Gasoline,340.0HP 8.1L 8 Cylinder Engine Gasoline Fuel,Automatic,Silver,Gray,At least 1 accident or damage reported,Yes,"$16,900",340.0,8.1,V8,5.0
1248,1248,Audi,SQ5 3.0T Premium,2020,21832,Gasoline,349.0HP 3.0L V6 Cylinder Engine Gasoline Fuel,Automatic,Blue,Black,None reported,Yes,"$42,000",349.0,3.0,V6,5.0
1249,1249,Toyota,Corolla iM Base,2017,41932,Gasoline,137.0HP 1.8L 4 Cylinder Engine Gasoline Fuel,Manual,Black,Black,None reported,Yes,"$18,700",137.0,1.8,I4,5.0
1250,1250,GMC,Yukon XL SLT,2017,110000,Gasoline,355.0HP 5.3L 8 Cylinder Engine Gasoline Fuel,Automatic,Blue,Black,At least 1 accident or damage reported,Yes,"$34,999",355.0,5.3,V8,8.0
1251,1251,Toyota,Tundra 1794,2020,67400,Gasoline,381.0HP 5.7L 8 Cylinder Engine Gasoline Fuel,Automatic,Black,Brown,None reported,Yes,"$47,500",381.0,5.7,V8,5.0
1252,1252,Subaru,WRX Premium,2017,62662,Gasoline,268.0HP 2.0L 4 Cylinder Engine Gasoline Fuel,Manual,Red,Black,At least 1 accident or damage reported,Yes,"$24,000",268.0,2.0,I4,5.0
1253,1253,Subaru,WRX Base,2015,102000,Gasoline,268.0HP 2.0L 4 Cylinder Engine Gasoline Fuel,Manual,White,Black,At least 1 accident or damage reported,Yes,"$18,000",268.0,2.0,I4,5.0
1254,1254,INFINITI,Q50 Premium,2014,79785,Gasoline,328.0HP 3.7L V6 Cylinder Engine Gasoline Fuel,Automatic,Red,White,At least 1 accident or damage reported,Yes,"$16,488",328.0,3.7,V6,5.0
1255,1255,Chevrolet,Suburban Premier,2017,166549,Gasoline,355.0HP 5.3L 8 Cylinder Engine Gasoline Fuel,Automatic,White,Beige,At least 1 accident or damage reported,Yes,"$24,950",355.0,5.3,V8,8.0
1256,1256,Toyota,Sequoia Limited,2006,190656,Gasoline,273.0HP 4.7L 8 Cylinder Engine Gasoline Fuel,Automatic,Black,Gray,At least 1 accident or damage reported,Yes,"$8,900",273.0,4.7,V8,8.0
1257,1257,Dodge,Challenger R/T Scat Pack,2016,7928,not defined,–,Manual,Red,Red,None reported,Yes,"$37,500",485.0,6.4,V8,4.0
1258,1258,Porsche,Cayenne GTS,2009,135606,Gasoline,405.0HP 4.8L 8 Cylinder Engine Gasoline Fuel,Dual Shift,Black,Black,None reported,Yes,"$15,000",405.0,4.8,V8,5.0
1259,1259,Kia,Telluride S,2023,14700,Gasoline,291.0HP 3.8L V6 Cylinder Engine Gasoline Fuel,Automatic,Blue,Black,None reported,Yes,"$39,900",291.0,3.8,V6,8.0
1260,1260,Mercedes-Benz,AMG E 63 S 4MATIC,2019,12985,Gasoline,603.0HP 4.0L 8 Cylinder Engine Gasoline Fuel,Automatic,Gray,Black,At least 1 accident or damage reported,Yes,"$96,000",603.0,4.0,V8,5.0
1261,1261,BMW,Z4 sDrive35is,2014,4200,Gasoline,335.0HP 3.0L Straight 6 Cylinder Engine Gasoline Fuel,Dual Shift,White,Red,None reported,Yes,"$64,995",335.0,3.0,I6,2.0
1262,1262,Subaru,Impreza 2.0i Sport,2017,44000,Gasoline,152.0HP 2.0L 4 Cylinder Engine Gasoline Fuel,Manual,Red,Black,None reported,Yes,"$23,500",152.0,2.0,I4,5.0
1263,1263,Dodge,Dart SE,2015,66000,Gasoline,160.0HP 2.0L 4 Cylinder Engine Gasoline Fuel,Manual,Black,Black,None reported,Yes,"$12,000",160.0,2.0,I4,5.0
1264,1264,Land,Rover Range Rover P525 Westminster,2021,17945,Gasoline,5.0L V8 32V GDI DOHC Supercharged,Automatic,Santorini Black Metallic,Ebony,None reported,No,"$89,900",518.0,5.0,V8,5.0
1265,1265,Nissan,370Z Base,2013,106700,Gasoline,332.0HP 3.7L V6 Cylinder Engine Gasoline Fuel,Manual,Red,Black,None reported,Yes,"$17,500",332.0,3.7,V6,2.0
1266,1266,Cadillac,Escalade ESV Luxury,2020,120000,Gasoline,420.0HP 6.2L 8 Cylinder Engine Gasoline Fuel,Automatic,Black,Black,None reported,Yes,"$55,000",420.0,6.2,V8,8.0
1267,1267,Mercedes-Benz,E-Class E 350,2012,59600,Gasoline,302.0HP 3.5L V6 Cylinder Engine Gasoline Fuel,Dual Shift,White,Beige,None reported,Yes,"$19,900",302.0,3.5,V6,5.0
1268,1268,Kia,Optima Hybrid EX,2012,117220,Hybrid,206.0HP 2.4L 4 Cylinder Engine Gas/Electric Hybrid,Automatic,Black,Black,None reported,Yes,"$8,900",206.0,2.4,I4,5.0
1269,1269,Chevrolet,Silverado 3500 LTZ,2022,85200,Diesel,445.0HP 6.6L 8 Cylinder Engine Diesel Fuel,Automatic,Silver,Gray,None reported,Yes,"$67,500",445.0,6.6,V8,5.0
1270,1270,Volkswagen,Golf GTI 2.0T SE 4-Door,2018,63450,Gasoline,220.0HP 2.0L 4 Cylinder Engine Gasoline Fuel,Manual,White,Black,None reported,Yes,"$24,325",220.0,2.0,I4,5.0
1271,1271,Dodge,Ram 1500 SRT-10,2004,73000,Gasoline,500.0HP 8.3L 10 Cylinder Engine Gasoline Fuel,Manual,Black,Gray,None reported,Yes,"$22,500",500.0,8.3,V10,5.0
1272,1272,Scion,tC Anniversary Edition,2014,115000,Gasoline,179.0HP 2.5L 4 Cylinder Engine Gasoline Fuel,Manual,Silver,Silver,None reported,Yes,"$11,495",179.0,2.5,I4,5.0
1273,1273,Land,Rover Range Rover 5.0L Supercharged Autobiography,2016,56000,Gasoline,510.0HP 5.0L 8 Cylinder Engine Gasoline Fuel,Automatic,Black,Brown,None reported,Yes,"$49,900",510.0,5.0,V8,5.0
1274,1274,Lexus,LS 500 Base,2018,67296,Gasoline,"3.5L V-6 port/direct injection, DOHC, VVT-iE/VVT-i variable valv",Automatic,–,–,None reported,No,"$40,900",416.0,3.5,V6,5.0
1275,1275,Chevrolet,Suburban 1500 LT,2015,179200,Gasoline,355.0HP 5.3L 8 Cylinder Engine Gasoline Fuel,Automatic,Black,–,At least 1 accident or damage reported,Yes,"$16,000",355.0,5.3,V8,8.0
1276,1276,Maserati,GranTurismo Base,2015,28000,Gasoline,444.0HP 4.7L 8 Cylinder Engine Gasoline Fuel,Automatic,White,Red,None reported,Yes,"$44,999",444.0,4.7,V8,2.0
1277,1277,Porsche,911 Carrera Turbo,2003,155000,Gasoline,415.0HP 3.6L Flat 6 Cylinder Engine Gasoline Fuel,Manual,Black,Black,None reported,Yes,"$55,000",415.0,3.6,Flat 6,2.0
1278,1278,Hyundai,Sonata Hybrid Base,2012,154000,Hybrid,206.0HP 2.4L 4 Cylinder Engine Gas/Electric Hybrid,Automatic,Green,Gray,At least 1 accident or damage reported,Yes,"$8,500",206.0,2.4,I4,5.0
1279,1279,Cadillac,CTS Luxury,2012,62500,Gasoline,270.0HP 3.0L V6 Cylinder Engine Gasoline Fuel,Automatic,Red,Beige,At least 1 accident or damage reported,Yes,"$18,955",270.0,3.0,V6,5.0
1280,1280,BMW,323 Ci,2000,177700,Gasoline,170.0HP 2.5L Straight 6 Cylinder Engine Gasoline Fuel,Automatic,Silver,Black,None reported,Yes,"$2,500",170.0,2.5,I6,5.0
1281,1281,Tesla,Model 3 Standard Range Plus,2019,83700,not defined,Electric Motor Electric Fuel System,Automatic,Black,Black,At least 1 accident or damage reported,Yes,"$26,000",271.0,0.0,Electric,5.0
1282,1282,Chevrolet,1500 Cheyenne Extended Cab,1995,120000,not defined,–,Automatic,White,Brown,At least 1 accident or damage reported,Yes,"$6,500",355.0,5.3,V8,5.0
1283,1283,Nissan,370Z Touring,2012,65000,Gasoline,332.0HP 3.7L V6 Cylinder Engine Gasoline Fuel,Manual,Gray,Black,None reported,Yes,"$21,500",332.0,3.7,V6,2.0
1284,1284,Mercedes-Benz,GLS 450 Base 4MATIC,2018,62808,Gasoline,3.0 Liter DOHC Twin Turbo,Automatic,Black,–,At least 1 accident or damage reported,No,"$38,598",362.0,3.0,I6,7.0
1285,1285,Ford,Mustang GT Premium,2021,3000,Gasoline,460.0HP 5.0L 8 Cylinder Engine Gasoline Fuel,Manual,Red,Black,None reported,Yes,"$49,500",460.0,5.0,V8,4.0
1286,1286,Audi,Q5 2.0T Premium,2012,119000,Gasoline,211.0HP 2.0L 4 Cylinder Engine Gasoline Fuel,Automatic,Gray,–,None reported,Yes,"$12,000",211.0,2.0,I4,5.0
1287,1287,RAM,2500 Big Horn,2013,198868,Diesel,350.0HP 6.7L Straight 6 Cylinder Engine Diesel Fuel,Automatic,Brown,Beige,None reported,Yes,"$25,000",350.0,6.7,I6,5.0
1288,1288,Dodge,Ram 1500 ST,2011,188000,Gasoline,210.0HP 3.7L V6 Cylinder Engine Gasoline Fuel,Automatic,Silver,Black,At least 1 accident or damage reported,Yes,"$8,500",210.0,3.7,V6,5.0
1289,1289,Mercedes-Benz,C-Class C 300 4MATIC Sport,2013,157405,Gasoline,248.0HP 3.5L V6 Cylinder Engine Gasoline Fuel,Automatic,Black,Black,None reported,Yes,"$10,750",248.0,3.5,V6,5.0
1290,1290,Dodge,Challenger SRT Hellcat,2016,8228,Gasoline,707.0HP 6.2L 8 Cylinder Engine Gasoline Fuel,Automatic,Blue,Black,None reported,Yes,"$62,500",707.0,6.2,V8,4.0
1291,1291,Land,Rover Range Rover 3.0L Supercharged HSE,2018,73101,Gasoline,380.0HP 3.0L V6 Cylinder Engine Gasoline Fuel,Automatic,Blue,Beige,None reported,Yes,"$42,950",380.0,3.0,V6,5.0
1292,1292,BMW,M4 Base,2018,10950,Gasoline,425.0HP 3.0L Straight 6 Cylinder Engine Gasoline Fuel,Manual,White,White,None reported,Yes,"$60,995",425.0,3.0,I6,2.0
1293,1293,Mercedes-Benz,S-Class S 560 4MATIC,2018,63160,Gasoline,463.0HP 4.0L 8 Cylinder Engine Gasoline Fuel,Automatic,Black,–,At least 1 accident or damage reported,Yes,"$47,000",463.0,4.0,V8,5.0
1294,1294,Land,Rover Range Rover 5.0L V8 Supercharged,2019,31866,Gasoline,"5L V-8 gasoline direct injection, DOHC, variable valve control,",Automatic,–,–,None reported,No,"$68,900",518.0,5.0,V8,5.0
1295,1295,Chevrolet,Express 3500 Base,2009,75000,Gasoline,319.0HP 6.0L 8 Cylinder Engine Gasoline Fuel,Automatic,White,Gray,None reported,Yes,"$18,900",319.0,6.0,V8,8.0
1296,1296,Toyota,4Runner TRD Pro,2016,98000,Gasoline,270.0HP 4.0L V6 Cylinder Engine Gasoline Fuel,Automatic,Black,Black,At least 1 accident or damage reported,Yes,"$36,000",270.0,4.0,V6,5.0
1297,1297,Mazda,MX-5 Miata Grand Touring,2012,33576,Gasoline,167.0HP 2.0L 4 Cylinder Engine Gasoline Fuel,Manual,Red,Beige,None reported,Yes,"$18,900",167.0,2.0,I4,2.0
1298,1298,Volkswagen,Touareg VR6 Lux,2012,123200,Gasoline,280.0HP 3.6L V6 Cylinder Engine Gasoline Fuel,Automatic,Gray,Beige,At least 1 accident or damage reported,Yes,"$12,449",280.0,3.6,V6,5.0
1299,1299,Jaguar,XJ Base,2013,112000,Gasoline,340.0HP 3.0L V6 Cylinder Engine Gasoline Fuel,Automatic,Blue,White,None reported,Yes,"$8,800",340.0,3.0,V6,5.0
1300,1300,Chevrolet,Camaro 2SS,2010,68000,Gasoline,426.0HP 6.2L 8 Cylinder Engine Gasoline Fuel,Automatic,Gray,Gray,At least 1 accident or damage reported,Yes,"$19,500",426.0,6.2,V8,4.0
1301,1301,INFINITI,G37 x,2012,120000,Gasoline,328.0HP 3.7L V6 Cylinder Engine Gasoline Fuel,Dual Shift,Red,Black,At least 1 accident or damage reported,Yes,"$14,500",328.0,3.7,V6,5.0
1302,1302,BMW,X6 xDrive50i,2019,45000,Gasoline,445.0HP 4.4L 8 Cylinder Engine Gasoline Fuel,Automatic,Silver,Black,At least 1 accident or damage reported,Yes,"$46,999",445.0,4.4,V8,5.0
1303,1303,Chevrolet,Camaro LT1,2022,6700,Gasoline,455.0HP 6.2L 8 Cylinder Engine Gasoline Fuel,Automatic,Gray,Black,None reported,Yes,"$39,500",455.0,6.2,V8,4.0
1304,1304,Porsche,Taycan Base,2021,6785,not defined,Electric,Automatic,Gentian Blue Metallic,Black,None reported,No,"$108,900",402.0,4.7,V8,4.0
1305,1305,Mercedes-Benz,S-Class S 63 AMG,2015,40900,Gasoline,577.0HP 5.5L 8 Cylinder Engine Gasoline Fuel,Automatic,White,–,None reported,Yes,"$59,750",577.0,5.5,V8,5.0
1306,1306,Cadillac,Escalade ESV Premium Luxury,2018,74150,Gasoline,420.0HP 6.2L 8 Cylinder Engine Gasoline Fuel,Automatic,Gold,Brown,None reported,Yes,"$45,000",420.0,6.2,V8,7.0
1307,1307,Toyota,Camry Hybrid XLE,2014,94448,Hybrid,200.0HP 2.5L 4 Cylinder Engine Gas/Electric Hybrid,Automatic,Silver,Gray,None reported,Yes,"$15,999",200.0,2.5,I4,5.0
1308,1308,Audi,A6 3.0T Prestige,2015,108000,Gasoline,310.0HP 3.0L V6 Cylinder Engine Gasoline Fuel,Dual Shift,Black,Brown,None reported,Yes,"$19,998",310.0,3.0,V6,5.0
1309,1309,BMW,X5 M Base,2012,118000,Gasoline,555.0HP 4.4L 8 Cylinder Engine Gasoline Fuel,Dual Shift,White,Orange,At least 1 accident or damage reported,Yes,"$17,000",555.0,4.4,V8,5.0
1310,1310,Jaguar,F-PACE SVR,2020,38800,Gasoline,550.0HP 5.0L 8 Cylinder Engine Gasoline Fuel,Dual Shift,Black,Black,None reported,Yes,"$57,500",550.0,5.0,V8,5.0
1311,1311,BMW,740 i,2017,55000,Gasoline,320.0HP 3.0L Straight 6 Cylinder Engine Gasoline Fuel,Dual Shift,White,Black,None reported,Yes,"$40,000",320.0,3.0,I6,5.0
1312,1312,BMW,M340 i xDrive,2021,34967,Hybrid,382.0HP 3.0L Straight 6 Cylinder Engine Gasoline/Mild Electric Hybrid,Automatic,Blue,Beige,At least 1 accident or damage reported,Yes,"$49,999",382.0,3.0,I6,5.0
1313,1313,Jeep,Wrangler Unlimited Sport,2016,85325,Gasoline,285.0HP 3.6L V6 Cylinder Engine Gasoline Fuel,Automatic,Black,Black,None reported,Yes,"$30,000",285.0,3.6,V6,5.0
1314,1314,RAM,2500 Tradesman,2018,63750,Gasoline,410.0HP 6.4L 8 Cylinder Engine Gasoline Fuel,Automatic,Gray,Gray,None reported,Yes,"$36,000",410.0,6.4,V8,5.0
1315,1315,Ford,Mustang V6,2016,87248,Gasoline,300.0HP 3.7L V6 Cylinder Engine Gasoline Fuel,Automatic,Black,Black,None reported,Yes,"$19,999",300.0,3.7,V6,4.0
1316,1316,BMW,328 i,1997,206000,Gasoline,190.0HP 2.8L Straight 6 Cylinder Engine Gasoline Fuel,Manual,Red,Black,At least 1 accident or damage reported,Yes,"$15,900",190.0,2.8,I6,5.0
1317,1317,Mercedes-Benz,GL-Class GL 450,2011,112854,Gasoline,335.0HP 4.7L 8 Cylinder Engine Gasoline Fuel,Automatic,White,Black,None reported,Yes,"$11,999",335.0,4.7,V8,7.0
1318,1318,Rivian,R1S Adventure Package,2023,1150,not defined,835.0HP Electric Motor Electric Fuel System,Automatic,Green,Black,None reported,Yes,"$96,850",835.0,0.0,Electric,7.0
1319,1319,Tesla,Model Y Long Range,2023,10000,not defined,425.0HP Electric Motor Electric Fuel System,Automatic,Blue,Black,None reported,Yes,"$48,000",425.0,0.0,Electric,5.0
1320,1320,Mercedes-Benz,E-Class E 350,2022,14100,Gasoline,255.0HP 2.0L 4 Cylinder Engine Gasoline Fuel,Automatic,Gray,Black,None reported,Yes,"$53,000",255.0,2.0,I4,5.0
1321,1321,BMW,X7 xDrive40i,2023,14360,Hybrid,375.0HP 3.0L Straight 6 Cylinder Engine Gasoline/Mild Electric Hybrid,Automatic,Black,Black,None reported,Yes,"$85,495",375.0,3.0,I6,7.0
1322,1322,Chevrolet,Trailblazer RS,2023,10000,Gasoline,155.0HP 1.3L 3 Cylinder Engine Gasoline Fuel,Automatic,Blue,Black,None reported,Yes,"$32,000",155.0,1.3,I3,5.0
1323,1323,Chevrolet,Suburban 1500 LTZ,2015,217500,Gasoline,355.0HP 5.3L 8 Cylinder Engine Gasoline Fuel,Automatic,Black,Black,None reported,Yes,"$20,000",355.0,5.3,V8,8.0
1324,1324,Chevrolet,Suburban Premier,2021,73846,Gasoline,5.3L V8 16V GDI OHV,Automatic,Midnight Blue Metallic,Jet Black,None reported,Yes,"$60,995",355.0,5.3,V8,8.0
1325,1325,Jeep,Gladiator Overland,2020,40000,Gasoline,285.0HP 3.6L V6 Cylinder Engine Gasoline Fuel,Dual Shift,Gray,Black,None reported,Yes,"$45,000",285.0,3.6,V6,5.0
1326,1326,GMC,Yukon XL AT4,2023,9980,Gasoline,355.0HP 5.3L 8 Cylinder Engine Gasoline Fuel,Automatic,Black,Black,None reported,Yes,"$82,000",355.0,5.3,V8,8.0
1327,1327,Mazda,Mazda6 Grand Touring Reserve,2019,41997,Gasoline,227.0HP 2.5L 4 Cylinder Engine Gasoline Fuel,Automatic,Black,Black,None reported,Yes,"$24,995",227.0,2.5,I4,5.0
1328,1328,Alfa,Romeo Giulia Ti,2021,2000,Gasoline,280.0HP 2.0L 4 Cylinder Engine Gasoline Fuel,Automatic,Blue,Brown,None reported,Yes,"$39,000",280.0,2.0,I4,5.0
1329,1329,Mercedes-Benz,CLA-Class CLA 250,2016,42750,Gasoline,208.0HP 2.0L 4 Cylinder Engine Gasoline Fuel,Dual Shift,Black,Black,At least 1 accident or damage reported,Yes,"$22,999",208.0,2.0,I4,5.0
1330,1330,BMW,330 330i xDrive,2019,19473,Gasoline,Intercooled Turbo Premium Unleaded I-4 2.0 L/122,Automatic,Alpine White,Canberra Beige,None reported,No,"$31,698",255.0,2.0,I4,5.0
1331,1331,Volkswagen,Beetle 2.0T S,2019,35340,Gasoline,174.0HP 2.0L 4 Cylinder Engine Gasoline Fuel,Automatic,Black,Gray,None reported,Yes,"$23,000",174.0,2.0,I4,4.0
1332,1332,Mercedes-Benz,CLK-Class CLK 350,2008,93000,Gasoline,268.0HP 3.5L V6 Cylinder Engine Gasoline Fuel,Automatic,White,Beige,At least 1 accident or damage reported,Yes,"$12,000",268.0,3.5,V6,4.0
1333,1333,Audi,RS 7 4.0T Prestige,2014,66150,Gasoline,560.0HP 4.0L 8 Cylinder Engine Gasoline Fuel,Automatic,White,Black,At least 1 accident or damage reported,Yes,"$47,995",560.0,4.0,V8,5.0
1334,1334,Volvo,XC60 Recharge Plug-In Hybrid T8 Inscription,2022,19352,Plug-In Hybrid,455.0HP 2.0L 4 Cylinder Engine Plug-In Electric/Gas,Automatic,Blue,Beige,None reported,Yes,"$54,599",455.0,2.0,I4,5.0
1335,1335,Land,Rover Range Rover Supercharged LWB,2020,81000,Gasoline,518.0HP 5.0L 8 Cylinder Engine Gasoline Fuel,Automatic,Black,Black,None reported,Yes,"$64,800",518.0,5.0,V8,5.0
1336,1336,Toyota,Sequoia Limited,2011,183000,Gasoline,381.0HP 5.7L 8 Cylinder Engine Gasoline Fuel,Automatic,Gold,Beige,None reported,Yes,"$16,000",381.0,5.7,V8,8.0
1337,1337,Jeep,Wrangler X,2004,44000,Gasoline,190.0HP 4.0L Straight 6 Cylinder Engine Gasoline Fuel,Manual,Green,Green,At least 1 accident or damage reported,Yes,"$24,999",190.0,4.0,I6,4.0
1338,1338,Audi,S5 3.0T Premium,2021,18100,Gasoline,349.0HP 3.0L V6 Cylinder Engine Gasoline Fuel,Automatic,Gray,Gray,None reported,Yes,"$51,800",349.0,3.0,V6,4.0
1339,1339,Land,Rover Range Rover Sport Supercharged,2011,40000,Gasoline,510.0HP 5.0L 8 Cylinder Engine Gasoline Fuel,Dual Shift,Blue,Brown,At least 1 accident or damage reported,Yes,"$20,000",510.0,5.0,V8,5.0
1340,1340,Mercedes-Benz,Sprinter 2500,2011,120000,Diesel,188.0HP 3.0L V6 Cylinder Engine Diesel Fuel,Automatic,Black,Gray,None reported,Yes,"$31,999",188.0,3.0,V6,5.0
1341,1341,Toyota,Sequoia Platinum,2023,325,Hybrid,437.0HP 3.4L V6 Cylinder Engine Gas/Electric Hybrid,Automatic,Blue,Gray,None reported,Yes,"$84,997",437.0,3.4,V6,8.0
1342,1342,Maserati,Quattroporte S GranLusso,2017,55000,Gasoline,405.0HP 3.0L V6 Cylinder Engine Gasoline Fuel,Automatic,Blue,Black,None reported,Yes,"$39,100",405.0,3.0,V6,5.0
1343,1343,Toyota,Land Cruiser Base,1996,233000,not defined,–,Automatic,Blue,Gray,None reported,Yes,"$7,500",212.0,4.5,Straight 6,8.0
1344,1344,Ford,Mustang Bullitt,2019,48500,Gasoline,480.0HP 5.0L 8 Cylinder Engine Gasoline Fuel,Manual,Black,Black,At least 1 accident or damage reported,Yes,"$44,999",480.0,5.0,V8,4.0
1345,1345,RAM,2500 Tradesman,2018,52000,Diesel,350.0HP 6.7L Straight 6 Cylinder Engine Diesel Fuel,Automatic,Gray,Black,None reported,Yes,"$50,000",350.0,6.7,V8,5.0
1346,1346,Toyota,FJ Cruiser Base,2007,179000,Gasoline,239.0HP 4.0L V6 Cylinder Engine Gasoline Fuel,Automatic,Silver,Black,At least 1 accident or damage reported,Yes,"$17,900",239.0,4.0,V6,5.0
1347,1347,Dodge,Charger Scat Pack,2019,42626,Gasoline,485.0HP 6.4L 8 Cylinder Engine Gasoline Fuel,Automatic,Silver,Red,None reported,Yes,"$42,000",485.0,6.4,V8,5.0
1348,1348,Lexus,GX 460 Base,2018,65900,Gasoline,301.0HP 4.6L 8 Cylinder Engine Gasoline Fuel,Dual Shift,Gray,Black,At least 1 accident or damage reported,Yes,"$34,700",301.0,4.6,V8,5.0
1349,1349,Genesis,GV80 2.5T,2022,7523,Gasoline,2.5L I4 16V PDI DOHC Turbo,Automatic,Black,Black,None reported,No,"$54,543",300.0,2.5,I4,5.0
1350,1350,Jaguar,F-PACE 30t R-Sport,2019,34365,Gasoline,2.0 Liter,Automatic,Yulong,Ebony,None reported,No,"$59,598",247.0,2.0,I4,5.0
1351,1351,Kia,Sportage S,2021,16949,Gasoline,2.4L I4 16V GDI DOHC,Automatic,Hyper Red,Black,None reported,Yes,"$24,995",181.0,2.4,I4,5.0
1352,1352,Mercedes-Benz,S-Class S 580 4MATIC,2022,7968,Hybrid,496.0HP 4.0L 8 Cylinder Engine Gasoline/Mild Electric Hybrid,Automatic,White,White,None reported,Yes,"$104,999",496.0,4.0,V8,5.0
1353,1353,Porsche,Panamera Base,2018,61000,Gasoline,330.0HP 3.0L V6 Cylinder Engine Gasoline Fuel,Dual Shift,Gray,Gray,None reported,Yes,"$57,500",330.0,3.0,V6,4.0
1354,1354,INFINITI,QX80 Base,2018,100564,Gasoline,5.6L V8 32V GDI DOHC,Automatic,Black,Graphite,None reported,No,"$23,105",400.0,5.6,V8,8.0
1355,1355,Ford,Maverick Lariat,2022,13700,Hybrid,191.0HP 2.5L 4 Cylinder Engine Gas/Electric Hybrid,Automatic,Blue,Brown,None reported,Yes,"$39,500",191.0,2.5,I4,5.0
1356,1356,Kia,Telluride SX,2021,38612,Gasoline,3.8L V6 24V GDI DOHC,Automatic,Ebony Black,Black,None reported,No,"$42,242",291.0,3.8,V6,7.0
1357,1357,Chevrolet,Colorado Z85,2005,155000,Gasoline,220.0HP 3.5L 5 Cylinder Engine Gasoline Fuel,Automatic,Blue,Gray,At least 1 accident or damage reported,Yes,"$7,995",220.0,3.5,I5,5.0
1358,1358,Mercedes-Benz,E-Class E 550,2017,56000,Gasoline,402.0HP 4.7L 8 Cylinder Engine Gasoline Fuel,Dual Shift,Gray,White,None reported,Yes,"$35,750",402.0,4.7,V8,5.0
1359,1359,Land,Rover Range Rover Sport SVR,2022,15107,Gasoline,5.0L V8 32V GDI DOHC Supercharged,Automatic,Santorini Black Metallic,Ebony,None reported,No,"$114,900",575.0,5.0,V8,5.0
1360,1360,Toyota,Corolla Hybrid LE,2022,44459,Hybrid,121.0HP 1.8L 4 Cylinder Engine Gas/Electric Hybrid,Automatic,Silver,Gray,None reported,Yes,"$22,945",121.0,1.8,I4,5.0
1361,1361,Mercedes-Benz,E-Class E 300 4MATIC,2017,31000,Gasoline,241.0HP 2.0L 4 Cylinder Engine Gasoline Fuel,Automatic,Blue,White,At least 1 accident or damage reported,Yes,"$38,000",241.0,2.0,4 Cylinder,5.0
1362,1362,Mercedes-Benz,SLK-Class SLK 350,2012,44000,Gasoline,302.0HP 3.5L V6 Cylinder Engine Gasoline Fuel,Dual Shift,Gray,White,At least 1 accident or damage reported,Yes,"$22,222",302.0,3.5,V6,2.0
1363,1363,Mercedes-Benz,E-Class E 400 4MATIC,2018,22558,Gasoline,3.0L V6 24V GDI DOHC Twin Turbo,Automatic,Black,Black,None reported,Yes,"$47,645",329.0,3.0,V6,5.0
1364,1364,Jeep,Wrangler X,2003,116157,Gasoline,210.0HP 4.0L Straight 6 Cylinder Engine Gasoline Fuel,Automatic,Beige,Beige,None reported,Yes,"$14,250",210.0,4.0,I6,4.0
1365,1365,Lincoln,Navigator Premiere,2018,23500,Gasoline,450.0HP 3.5L V6 Cylinder Engine Gasoline Fuel,Automatic,Black,Black,At least 1 accident or damage reported,Yes,"$50,000",450.0,3.5,V6,8.0
1366,1366,Chevrolet,Corvette Base,2008,28150,Gasoline,430.0HP 6.2L 8 Cylinder Engine Gasoline Fuel,Dual Shift,Red,Beige,None reported,Yes,"$31,000",430.0,6.2,V8,2.0
1367,1367,GMC,Yukon XL Denali,2016,137500,Gasoline,420.0HP 6.2L 8 Cylinder Engine Gasoline Fuel,Automatic,Black,Black,At least 1 accident or damage reported,Yes,"$29,500",420.0,6.2,V8,8.0
1368,1368,Mercedes-Benz,Metris Base,2021,2284,Gasoline,2.0L I4 16V GDI DOHC Turbo,Automatic,Black,Tan,None reported,Yes,"$157,500",208.0,2.0,I4,5.0
1369,1369,Land,Rover Range Rover P530 SE LWB 7 Seat,2023,350,Gasoline,523.0HP 4.4L 8 Cylinder Engine Gasoline Fuel,Dual Shift,Black,Beige,None reported,Yes,"$195,000",523.0,4.4,V8,7.0
1370,1370,Ford,Explorer XLT,2017,169000,E85 Flex Fuel,290.0HP 3.5L V6 Cylinder Engine Flex Fuel Capability,Automatic,White,Beige,None reported,Yes,"$13,000",290.0,3.5,V6,7.0
1371,1371,Ferrari,488 GTB Base,2018,17761,Gasoline,3.9L V8 32V GDI DOHC Twin Turbo,Automatic,Rosso Corsa,Nero,None reported,No,"$243,900",661.0,3.9,V8,2.0
1372,1372,Chevrolet,Camaro 2SS,2010,8949,Gasoline,426.0HP 6.2L 8 Cylinder Engine Gasoline Fuel,Manual,Yellow,Black,None reported,Yes,"$30,000",426.0,6.2,V8,4.0
1373,1373,BMW,750 i xDrive,2020,25108,Gasoline,523.0HP 4.4L 8 Cylinder Engine Gasoline Fuel,Automatic,Black,Black,not defined,No,"$66,000",523.0,4.4,V8,5.0
1374,1374,Land,Rover Range Rover 3.0L Supercharged HSE,2016,103000,Gasoline,380.0HP 3.0L V6 Cylinder Engine Gasoline Fuel,Dual Shift,Black,Black,None reported,Yes,"$33,999",380.0,3.0,V6,5.0
1375,1375,Porsche,911 Carrera 4 Cabriolet,2003,87600,Gasoline,315.0HP 3.6L Flat 6 Cylinder Engine Gasoline Fuel,Dual Shift,Black,Black,At least 1 accident or damage reported,Yes,"$32,000",315.0,3.6,Flat 6,2.0
1376,1376,Maserati,MC20 Base,2022,1087,Gasoline,3.0L V6 24V PDI DOHC Twin Turbo,Automatic,Matte White,Black,None reported,Yes,"$279,000",621.0,3.0,V6,2.0
1377,1377,Mercedes-Benz,CLA-Class CLA 250,2015,76753,Gasoline,208.0HP 2.0L 4 Cylinder Engine Gasoline Fuel,Automatic,Red,Black,At least 1 accident or damage reported,Yes,"$15,999",208.0,2.0,I4,5.0
1378,1378,Mercedes-Benz,Metris Base,2019,10500,Gasoline,208.0HP 2.0L 4 Cylinder Engine Gasoline Fuel,Automatic,Black,Brown,None reported,Yes,"$79,500",208.0,2.0,I4,5.0
1379,1379,Mercedes-Benz,E-Class E 350 4MATIC,2011,199000,Gasoline,268.0HP 3.5L V6 Cylinder Engine Gasoline Fuel,Automatic,Silver,Black,None reported,Yes,"$9,250",268.0,3.5,V6,5.0
1380,1380,Lexus,LS 460 L,2007,127980,Gasoline,380.0HP 4.6L 8 Cylinder Engine Gasoline Fuel,Automatic,Blue,Beige,None reported,Yes,"$9,999",380.0,4.6,V8,5.0
1381,1381,BMW,X6 xDrive40i,2023,16307,Hybrid,335.0HP 3.0L Straight 6 Cylinder Engine Gasoline/Mild Electric Hybrid,Automatic,Red,White,None reported,Yes,"$71,400",335.0,3.0,I6,5.0
1382,1382,Audi,S5 3.0T Prestige,2021,13566,Gasoline,3.0L,Automatic,Daytona Gray Pearl Effect,Magma Red,None reported,No,"$57,900",349.0,3.0,V6,4.0
1383,1383,Audi,Q7 Premium Plus,2022,22588,Hybrid,3.0 Liter TFSI,Automatic,Navarra Blue,Saiga Beige,None reported,No,"$52,598",333.0,3.0,V6,7.0
1384,1384,Jaguar,XE 25t,2019,41452,Gasoline,247.0HP 2.0L 4 Cylinder Engine Gasoline Fuel,Dual Shift,White,Black,At least 1 accident or damage reported,Yes,"$22,500",247.0,2.0,I4,5.0
1385,1385,Genesis,G80 3.3T Sport,2019,57500,Gasoline,365.0HP 3.3L V6 Cylinder Engine Gasoline Fuel,Automatic,Red,Black,None reported,Yes,"$32,990",365.0,3.3,V6,5.0
1386,1386,BMW,M2 Competition,2020,500,Gasoline,405.0HP 3.0L Straight 6 Cylinder Engine Gasoline Fuel,Automatic,Black,Black,None reported,Yes,"$70,000",405.0,3.0,I6,4.0
1387,1387,Subaru,Impreza WRX Premium,2014,55000,Gasoline,265.0HP 2.5L 4 Cylinder Engine Gasoline Fuel,Manual,White,Black,None reported,Yes,"$30,000",265.0,2.5,I4,5.0
1388,1388,GMC,Sierra 2500 Base,2021,8210,Gasoline,401.0HP 6.6L 8 Cylinder Engine Gasoline Fuel,Automatic,White,Black,None reported,Yes,"$55,000",401.0,6.6,V8,5.0
1389,1389,Lincoln,Nautilus Reserve,2021,18160,Gasoline,2.7L V6 24V GDI DOHC Twin Turbo,Automatic,Silver Radiance,Slate,None reported,No,"$46,850",250.0,2.7,V6,5.0
1390,1390,Jaguar,XF XFR-S,2013,4279,Gasoline,550.0HP 5.0L 8 Cylinder Engine Gasoline Fuel,Automatic,White,Black,not defined,No,"$70,000",550.0,5.0,V8,5.0
1391,1391,Mercedes-Benz,Sprinter Normal Roof,2013,39748,Diesel,188.0HP 3.0L V6 Cylinder Engine Diesel Fuel,Automatic,Silver,Black,At least 1 accident or damage reported,Yes,"$54,995",188.0,3.0,V6,12.0
1392,1392,Toyota,Land Cruiser Base,1998,160000,Gasoline,230.0HP 4.7L 8 Cylinder Engine Gasoline Fuel,Automatic,White,Beige,At least 1 accident or damage reported,Yes,"$12,490",230.0,4.7,Straight 6,8.0
1393,1393,Toyota,Tacoma PreRunner,2013,65000,Gasoline,159.0HP 2.7L 4 Cylinder Engine Gasoline Fuel,Automatic,Silver,Gray,None reported,Yes,"$20,500",159.0,2.7,I4,5.0
1394,1394,BMW,Z4 sDrive28i,2016,59000,Gasoline,240.0HP 2.0L 4 Cylinder Engine Gasoline Fuel,Automatic,Black,Beige,None reported,Yes,"$25,000",240.0,2.0,I4,2.0
1395,1395,BMW,530e Base,2022,22700,Plug-In Hybrid,288.0HP 2.0L 4 Cylinder Engine Plug-In Electric/Gas,Automatic,White,Black,None reported,Yes,"$47,000",288.0,2.0,I4,5.0
1396,1396,Mercedes-Benz,GLA 250 Base 4MATIC,2018,56578,E85 Flex Fuel,208.0HP 2.0L 4 Cylinder Engine Flex Fuel Capability,Automatic,White,Black,None reported,Yes,"$20,900",208.0,2.0,I4,5.0
1397,1397,Hyundai,Genesis 4.6,2010,153332,Gasoline,378.0HP 4.6L 8 Cylinder Engine Gasoline Fuel,Dual Shift,Silver,Black,At least 1 accident or damage reported,Yes,"$10,000",378.0,4.6,V8,5.0
1398,1398,Cadillac,ATS 3.6L Luxury,2013,89700,Gasoline,321.0HP 3.6L V6 Cylinder Engine Gasoline Fuel,Automatic,Black,Red,None reported,Yes,"$17,999",321.0,3.6,V6,5.0
1399,1399,Lincoln,Town Car Signature,2002,118600,Gasoline,220.0HP 4.6L 8 Cylinder Engine Gasoline Fuel,Automatic,Black,Gray,At least 1 accident or damage reported,Yes,"$5,230",220.0,4.6,V8,5.0
1400,1400,GMC,Sierra 1500 SLT,2021,23400,Gasoline,420.0HP 6.2L 8 Cylinder Engine Gasoline Fuel,Automatic,Black,Black,None reported,Yes,"$52,000",420.0,6.2,V8,5.0
1401,1401,Mercedes-Benz,Sprinter High Roof,2015,110000,Diesel,188.0HP 3.0L V6 Cylinder Engine Diesel Fuel,Automatic,White,Gray,None reported,Yes,"$29,000",188.0,3.0,V6,5.0
1402,1402,Jaguar,XJ Vanden Plas,2008,87888,Gasoline,300.0HP 4.2L 8 Cylinder Engine Gasoline Fuel,Automatic,Black,Black,None reported,Yes,"$11,990",300.0,4.2,V8,5.0
1403,1403,Lexus,RC 350 Base,2015,73800,Gasoline,3.5L V6 24V PDI DOHC,Automatic,Black,Black,None reported,No,"$26,999",311.0,3.5,V6,4.0
1404,1404,Audi,S3 2.0T Premium Plus,2015,78124,Gasoline,292.0HP 2.0L 4 Cylinder Engine Gasoline Fuel,Automatic,Blue,Black,None reported,Yes,"$21,500",292.0,2.0,I4,4.0
1405,1405,Subaru,WRX Limited,2015,91000,Gasoline,268.0HP 2.0L 4 Cylinder Engine Gasoline Fuel,Manual,Red,Black,At least 1 accident or damage reported,Yes,"$19,000",268.0,2.0,I4,5.0
1406,1406,Dodge,Ram 2500 SLT Quad Cab,2003,114000,Gasoline,345.0HP 5.7L 8 Cylinder Engine Gasoline Fuel,Automatic,White,Beige,At least 1 accident or damage reported,Yes,"$10,700",345.0,5.7,V8,5.0
1407,1407,Subaru,WRX Limited,2015,76000,Gasoline,268.0HP 2.0L 4 Cylinder Engine Gasoline Fuel,Manual,Blue,Black,None reported,Yes,"$21,000",268.0,2.0,I4,5.0
1408,1408,Audi,RS 4 4.2 quattro L,2008,146500,Gasoline,420.0HP 4.2L 8 Cylinder Engine Gasoline Fuel,Manual,Red,Black,At least 1 accident or damage reported,Yes,"$30,000",420.0,4.2,V8,4.0
1409,1409,Porsche,911 Carrera,2007,26021,Gasoline,325.0HP 3.6L Flat 6 Cylinder Engine Gasoline Fuel,Manual,Silver,Gray,None reported,Yes,"$53,999",325.0,3.6,H6,2.0
1410,1410,Audi,A4 2.0T Premium Plus,2015,73000,E85 Flex Fuel,220.0HP 2.0L 4 Cylinder Engine Flex Fuel Capability,Automatic,Black,Black,At least 1 accident or damage reported,Yes,"$17,200",220.0,2.0,I4,5.0
1411,1411,Audi,A4 3.2 Premium Plus quattro,2009,153000,Gasoline,265.0HP 3.2L V6 Cylinder Engine Gasoline Fuel,Automatic,Gray,Beige,None reported,Yes,"$8,700",265.0,3.2,V6,5.0
1412,1412,Ford,Excursion Limited,2003,67550,Diesel,325.0HP 6.0L 8 Cylinder Engine Diesel Fuel,Automatic,Gold,Beige,None reported,Yes,"$30,000",325.0,6.0,V10,8.0
1413,1413,Ford,Excursion Limited,2004,170000,Gasoline,310.0HP 6.8L 10 Cylinder Engine Gasoline Fuel,Automatic,Gold,Gold,None reported,Yes,"$8,500",310.0,6.8,V10,8.0
1414,1414,Land,Rover Range Rover Sport 5.0L Supercharged Dynamic,2017,53000,Gasoline,510.0HP 5.0L 8 Cylinder Engine Gasoline Fuel,Dual Shift,Black,Beige,None reported,Yes,"$47,500",510.0,5.0,V8,5.0
1415,1415,Audi,Q8 3.0T Prestige,2019,54900,Hybrid,335.0HP 3.0L V6 Cylinder Engine Gasoline/Mild Electric Hybrid,Automatic,Gold,Black,At least 1 accident or damage reported,Yes,"$48,500",335.0,3.0,V6,5.0
1416,1416,BMW,X5 xDrive35i,2016,89000,Gasoline,300.0HP 3.0L Straight 6 Cylinder Engine Gasoline Fuel,Automatic,Black,Black,None reported,Yes,"$24,000",300.0,3.0,Straight 6,5.0
1417,1417,Ford,Bronco Base,2022,6200,Gasoline,275.0HP 2.3L 4 Cylinder Engine Gasoline Fuel,Manual,Black,Black,None reported,Yes,"$49,000",275.0,2.3,I4,5.0
1418,1418,Ford,F-150 XLT,2021,51808,Gasoline,5.0L V8 32V PDI DOHC,Automatic,Silver,Black,None reported,Yes,"$42,388",400.0,5.0,V8,5.0
1419,1419,Hyundai,Genesis Coupe 3.8 Track,2013,89000,Gasoline,344.0HP 3.8L V6 Cylinder Engine Gasoline Fuel,Manual,White,Black,At least 1 accident or damage reported,Yes,"$12,500",344.0,3.8,V6,4.0
1420,1420,Toyota,Camry LE,1999,86111,Gasoline,133.0HP 2.2L 4 Cylinder Engine Gasoline Fuel,Automatic,Gold,Beige,At least 1 accident or damage reported,Yes,"$3,500",133.0,2.2,I4,5.0
1421,1421,Mercedes-Benz,E-Class E 400 4MATIC,2018,45203,Gasoline,3.0L V6 24V GDI DOHC Twin Turbo,Automatic,White,Saddle Brown,None reported,Yes,"$39,853",329.0,3.0,V6,5.0
1422,1422,Audi,S5 3.0T Prestige,2022,14739,Gasoline,3.0L,Automatic,Daytona Gray Pearl Effect,Black,None reported,No,"$61,900",349.0,3.0,V6,4.0
1423,1423,Buick,Enclave Premium,2017,139105,Gasoline,3.6L V6 24V GDI DOHC,Automatic,Iridium Metallic,Light Titanium,At least 1 accident or damage reported,Yes,"$17,550",310.0,3.6,V6,7.0
1424,1424,Lamborghini,Gallardo LP560-4,2010,45014,Gasoline,560.0HP 5.2L 10 Cylinder Engine Gasoline Fuel,Automatic,Gray,Black,None reported,Yes,"$109,499",560.0,5.2,V10,2.0
1425,1425,Ford,Mustang GT Premium,2011,101000,Gasoline,412.0HP 5.0L 8 Cylinder Engine Gasoline Fuel,Manual,Red,Black,None reported,Yes,"$18,500",412.0,5.0,V8,4.0
1426,1426,GMC,Yukon XL SLT,2016,93000,Gasoline,355.0HP 5.3L 8 Cylinder Engine Gasoline Fuel,Automatic,Black,Black,At least 1 accident or damage reported,Yes,"$30,000",355.0,5.3,V8,8.0
1427,1427,Ford,Mustang V6 Premium,2013,62500,Gasoline,305.0HP 3.7L V6 Cylinder Engine Gasoline Fuel,Manual,Black,Black,None reported,Yes,"$16,000",305.0,3.7,V6,4.0
1428,1428,Lexus,IS-F Base,2008,75000,Gasoline,416.0HP 5.0L 8 Cylinder Engine Gasoline Fuel,Automatic,Blue,Black,At least 1 accident or damage reported,Yes,"$29,000",416.0,5.0,V8,5.0
1429,1429,BMW,435 i,2015,34455,Gasoline,300.0HP 3.0L Straight 6 Cylinder Engine Gasoline Fuel,Automatic,Gray,Beige,None reported,Yes,"$28,000",300.0,3.0,I6,4.0
1430,1430,Land,Rover Range Rover Supercharged,2010,130000,Gasoline,510.0HP 5.0L 8 Cylinder Engine Gasoline Fuel,Automatic,White,Black,None reported,Yes,"$15,500",510.0,5.0,V8,5.0
1431,1431,Mercedes-Benz,CLA-Class CLA 250,2014,76170,Gasoline,208.0HP 2.0L 4 Cylinder Engine Gasoline Fuel,Dual Shift,Gray,Black,At least 1 accident or damage reported,Yes,"$16,500",208.0,2.0,I4,5.0
1432,1432,GMC,Yukon SLT,2010,194500,E85 Flex Fuel,320.0HP 5.3L 8 Cylinder Engine Flex Fuel Capability,Automatic,White,Beige,At least 1 accident or damage reported,Yes,"$9,500",320.0,5.3,V8,7.0
1433,1433,BMW,535 i,2008,135000,Gasoline,300.0HP 3.0L Straight 6 Cylinder Engine Gasoline Fuel,Automatic,Silver,Black,None reported,Yes,"$5,699",300.0,3.0,Straight 6,5.0
1434,1434,Dodge,Charger GT,2021,33000,Gasoline,300.0HP 3.6L V6 Cylinder Engine Gasoline Fuel,Dual Shift,White,Gray,At least 1 accident or damage reported,Yes,"$26,999",300.0,3.6,V6,5.0
1435,1435,Hyundai,Genesis 3.8,2010,98700,Gasoline,290.0HP 3.8L V6 Cylinder Engine Gasoline Fuel,Dual Shift,Beige,Beige,None reported,Yes,"$10,340",290.0,3.8,V6,5.0
1436,1436,Honda,Civic Type R Touring,2018,72900,Gasoline,306.0HP 2.0L 4 Cylinder Engine Gasoline Fuel,Manual,Black,Black,At least 1 accident or damage reported,Yes,"$35,500",306.0,2.0,I4,5.0
1437,1437,Dodge,Durango R/T,2016,135000,Gasoline,360.0HP 5.7L 8 Cylinder Engine Gasoline Fuel,Automatic,Black,Black,None reported,Yes,"$20,000",360.0,5.7,V8,7.0
1438,1438,Chevrolet,Silverado 1500 Limited High Country,2022,2550,Gasoline,355.0HP 5.3L 8 Cylinder Engine Gasoline Fuel,Automatic,Red,Black,None reported,Yes,"$60,000",355.0,5.3,V8,5.0
1439,1439,Jeep,Grand Cherokee Altitude,2020,35289,Gasoline,3.6L V6 24V MPFI DOHC,Automatic,Granite Crystal Clearcoat Metallic,Black,not defined,No,"$35,470",293.0,3.6,V6,5.0
1440,1440,RAM,1500 Laramie,2022,14636,Gasoline,5.7L V8 16V MPFI OHV,Automatic,Diamond Black,Black,None reported,No,"$46,599",395.0,5.7,V8,5.0
1441,1441,Chrysler,Crossfire Limited,2005,24847,Gasoline,3.2L V6 18V MPFI SOHC,Automatic,White,Dark Gray,None reported,Yes,"$13,046",215.0,3.2,V6,2.0
1442,1442,Nissan,Rogue SL,2019,29558,Gasoline,2.5L I4 16V MPFI DOHC,Automatic,Magnetic Black,Charcoal,None reported,Yes,"$25,884",170.0,2.5,I4,5.0
1443,1443,Audi,A6 55 Premium Plus,2023,6581,Gasoline,"3L V-6 gasoline direct injection, DOHC, variable valve control,",Automatic,Chronos Gray Metallic,Black,None reported,No,"$59,900",335.0,3.0,V6,5.0
1444,1444,Mercedes-Benz,AMG GT 53 Base,2020,22000,Hybrid,429.0HP 3.0L Straight 6 Cylinder Engine Gasoline/Mild Electric Hybrid,Automatic,Gray,Black,None reported,Yes,"$83,999",429.0,3.0,I6,4.0
1445,1445,Acura,ILX Technology Plus Package,2017,68200,Gasoline,201.0HP 2.4L 4 Cylinder Engine Gasoline Fuel,Dual Shift,Black,–,At least 1 accident or damage reported,Yes,"$15,750",201.0,2.4,I4,5.0
1446,1446,Land,Rover Range Rover P530 SE SWB,2023,2800,Gasoline,523.0HP 4.4L 8 Cylinder Engine Gasoline Fuel,Automatic,White,Red,None reported,Yes,"$175,000",523.0,4.4,V8,5.0
1447,1447,Ford,Expedition Platinum,2019,51300,Gasoline,3.5L V6 24V GDI DOHC Twin Turbo,Automatic,White,Platinum,None reported,Yes,"$48,295",400.0,3.5,V6,8.0
1448,1448,BMW,M3 Base,2008,133500,Gasoline,414.0HP 4.0L 8 Cylinder Engine Gasoline Fuel,Manual,Gray,Black,None reported,Yes,"$18,500",414.0,4.0,I6,4.0
1449,1449,INFINITI,M37 x,2012,49000,Gasoline,330.0HP 3.7L V6 Cylinder Engine Gasoline Fuel,Automatic,Gray,Black,None reported,Yes,"$19,900",330.0,3.7,V6,5.0
1450,1450,BMW,650 i,2008,125470,Gasoline,360.0HP 4.8L 8 Cylinder Engine Gasoline Fuel,Automatic,Black,Beige,None reported,Yes,"$8,000",360.0,4.8,V8,4.0
1451,1451,Mazda,RX-8 Grand Touring,2008,81219,Gasoline,232.0HP 1.3L Rotary engine Gasoline Fuel,Manual,Red,Black,None reported,Yes,"$8,500",232.0,1.3,Rotary,4.0
1452,1452,Porsche,Boxster Base,1999,72000,Gasoline,201.0HP 2.5L Flat 6 Cylinder Engine Gasoline Fuel,Manual,Blue,Gray,None reported,Yes,"$12,250",201.0,2.5,Flat 6,2.0
1453,1453,Acura,ILX Premium & A-SPEC Packages,2019,19500,Gasoline,201.0HP 2.4L 4 Cylinder Engine Gasoline Fuel,Automatic,Gray,Black,None reported,Yes,"$25,000",201.0,2.4,I4,5.0
1454,1454,Porsche,911 Carrera S,2017,20561,Gasoline,420.0HP 3.0L Flat 6 Cylinder Engine Gasoline Fuel,Manual,Red,Black,None reported,Yes,"$105,000",420.0,3.0,Flat 6,2.0
1455,1455,Lexus,LX 570 Base,2016,33655,Gasoline,383.0HP 5.7L 8 Cylinder Engine Gasoline Fuel,Automatic,White,Brown,None reported,Yes,"$62,900",383.0,5.7,V8,8.0
1456,1456,Toyota,Highlander Limited Platinum,2015,135140,Gasoline,270.0HP 3.5L V6 Cylinder Engine Gasoline Fuel,Automatic,White,Beige,None reported,Yes,"$23,500",270.0,3.5,V6,7.0
1457,1457,Maserati,Ghibli Base,2015,73000,Gasoline,345.0HP 3.0L V6 Cylinder Engine Gasoline Fuel,Automatic,Black,Brown,None reported,Yes,"$17,999",345.0,3.0,V6,5.0
1458,1458,Land,Rover Range Rover 3.0L Supercharged HSE,2017,55000,Gasoline,380.0HP 3.0L V6 Cylinder Engine Gasoline Fuel,Automatic,White,Beige,At least 1 accident or damage reported,Yes,"$58,000",380.0,3.0,V6,5.0
1459,1459,Chevrolet,Cruze LTZ,2013,87000,Gasoline,138.0HP 1.4L 4 Cylinder Engine Gasoline Fuel,Automatic,Blue,Black,At least 1 accident or damage reported,Yes,"$10,000",138.0,1.4,I4,5.0
1460,1460,BMW,325 xi,2006,137825,Gasoline,215.0HP 3.0L Straight 6 Cylinder Engine Gasoline Fuel,Automatic,Silver,Black,None reported,Yes,"$4,000",215.0,3.0,I6,5.0
1461,1461,Acura,MDX Technology,2008,184421,Gasoline,300.0HP 3.7L V6 Cylinder Engine Gasoline Fuel,Automatic,Gray,Black,None reported,Yes,"$5,000",300.0,3.7,V6,7.0
1462,1462,Lincoln,MKC Base,2015,95000,Gasoline,240.0HP 2.0L 4 Cylinder Engine Gasoline Fuel,Automatic,White,Black,At least 1 accident or damage reported,Yes,"$14,900",240.0,2.0,I4,5.0
1463,1463,Kia,Sportage Nightfall,2022,26468,Gasoline,2.4L I4 16V GDI DOHC,Automatic,Pacific Blue,Black,At least 1 accident or damage reported,Yes,"$27,875",181.0,2.4,I4,5.0
1464,1464,Bentley,Arnage R,2003,55050,Gasoline,400.0HP 6.75L 8 Cylinder Engine Gasoline Fuel,Automatic,Gray,Gray,None reported,Yes,"$34,995",400.0,6.8,V8,4.0
1465,1465,Kia,Sorento LX,2021,54200,Gasoline,191.0HP 2.5L 4 Cylinder Engine Gasoline Fuel,Automatic,White,Black,None reported,Yes,"$23,800",191.0,2.5,I4,7.0
1466,1466,Lexus,SC 430 Base,2002,109762,Gasoline,300.0HP 4.3L 8 Cylinder Engine Gasoline Fuel,Automatic,Blue,Brown,None reported,Yes,"$15,000",300.0,4.3,V8,2.0
1467,1467,Land,Rover Range Rover Evoque Base,2012,92080,Gasoline,240.0HP 2.0L 4 Cylinder Engine Gasoline Fuel,Automatic,Gray,Black,None reported,Yes,"$14,500",240.0,2.0,I4,5.0
1468,1468,Acura,TLX Type S w/Performance Tire,2023,1798,Gasoline,355.0HP 3.0L V6 Cylinder Engine Gasoline Fuel,Automatic,Black,Black,None reported,Yes,"$53,000",355.0,3.0,V6,5.0
1469,1469,GMC,Sierra 1500 SLE Crew Cab,2006,167500,Gasoline,295.0HP 5.3L 8 Cylinder Engine Gasoline Fuel,Automatic,Silver,Black,None reported,Yes,"$14,500",295.0,5.3,V8,5.0
1470,1470,GMC,Sierra 1500 Denali Ultimate,2023,2500,Gasoline,420.0HP 6.2L 8 Cylinder Engine Gasoline Fuel,Automatic,White,Brown,None reported,Yes,"$84,000",420.0,6.2,V8,5.0
1471,1471,Mercedes-Benz,E-Class E 400,2016,77000,Gasoline,329.0HP 3.0L V6 Cylinder Engine Gasoline Fuel,Automatic,White,Beige,At least 1 accident or damage reported,Yes,"$24,000",329.0,3.0,V6,5.0
1472,1472,MINI,Hardtop Cooper,2019,19850,Gasoline,134.0HP 1.5L 3 Cylinder Engine Gasoline Fuel,Automatic,Black,Black,None reported,Yes,"$24,000",134.0,1.5,I3,4.0
1473,1473,Ford,Bronco Outer Banks Advanced,2023,3400,Gasoline,275.0HP 2.3L 4 Cylinder Engine Gasoline Fuel,Automatic,Gray,Gray,None reported,Yes,"$57,000",275.0,2.3,I4,5.0
1474,1474,Ford,Bronco,2021,3596,Gasoline,2.7L V6 24V PDI DOHC Twin Turbo,Automatic,Blue,Black Onyx,None reported,No,"$56,900",310.0,2.7,V6,5.0
1475,1475,Ford,F-350 Lariat Super Duty Crew Cab,2009,130200,Diesel,350.0HP 6.4L 8 Cylinder Engine Diesel Fuel,Automatic,White,Beige,None reported,Yes,"$28,900",350.0,6.4,V8,5.0
1476,1476,Land,Rover Discovery Sport SE,2017,48200,Gasoline,240.0HP 2.0L 4 Cylinder Engine Gasoline Fuel,Automatic,White,Gray,None reported,Yes,"$24,998",240.0,2.0,I4,5.0
1477,1477,GMC,Yukon XL SLT,2016,183544,Gasoline,355.0HP 5.3L 8 Cylinder Engine Gasoline Fuel,Automatic,Black,Black,At least 1 accident or damage reported,Yes,"$22,000",355.0,5.3,V8,8.0
1478,1478,Ford,Focus RS Base,2016,14900,Gasoline,350.0HP 2.3L 4 Cylinder Engine Gasoline Fuel,Manual,Blue,Black,None reported,Yes,"$39,000",350.0,2.3,I4,4.0
1479,1479,Ford,Bronco Badlands Advanced,2022,4200,Gasoline,315.0HP 2.7L V6 Cylinder Engine Gasoline Fuel,Automatic,Blue,Black,None reported,Yes,"$65,994",315.0,2.7,V6,5.0
1480,1480,Hyundai,Genesis 5,2012,15698,Gasoline,429.0HP 5.0L 8 Cylinder Engine Gasoline Fuel,Dual Shift,Black,Black,None reported,Yes,"$19,000",429.0,5.0,V8,5.0
1481,1481,Jeep,Wrangler Unlimited Rubicon,2022,1750,Gasoline,285.0HP 3.6L V6 Cylinder Engine Gasoline Fuel,Automatic,Gray,Brown,None reported,Yes,"$65,500",285.0,3.6,V6,5.0
1482,1482,BMW,X4 xDrive30i,2022,34800,Gasoline,248.0HP 2.0L 4 Cylinder Engine Gasoline Fuel,Automatic,Blue,Brown,None reported,Yes,"$46,000",248.0,2.0,I4,5.0
1483,1483,Jaguar,F-PACE S,2020,35580,Gasoline,3.0 Liter,Automatic,Eiger Grey Metallic,Ebony/Light Oyster Stitch,None reported,No,"$46,998",380.0,3.0,I6,5.0
1484,1484,Acura,RSX Type S,2006,71400,Gasoline,201.0HP 2.0L 4 Cylinder Engine Gasoline Fuel,Manual,Black,Gray,not defined,No,"$14,990",201.0,2.0,I4,5.0
1485,1485,Mazda,MX-5 Miata Base,2003,9260,Gasoline,142.0HP 1.8L 4 Cylinder Engine Gasoline Fuel,Manual,White,Beige,None reported,Yes,"$22,000",142.0,1.8,I4,2.0
1486,1486,GMC,Yukon XL SLT,2023,28500,Gasoline,355.0HP 5.3L 8 Cylinder Engine Gasoline Fuel,Automatic,Black,Black,None reported,Yes,"$67,800",355.0,5.3,V8,8.0
1487,1487,Mercedes-Benz,E-Class E 350 4MATIC,2008,91900,Gasoline,268.0HP 3.5L V6 Cylinder Engine Gasoline Fuel,Automatic,Black,Black,None reported,Yes,"$8,900",268.0,3.5,V6,5.0
1488,1488,INFINITI,G35 Base,2004,130000,Gasoline,260.0HP 3.5L V6 Cylinder Engine Gasoline Fuel,Automatic,Beige,Beige,None reported,Yes,"$7,500",260.0,3.5,V6,5.0
1489,1489,Cadillac,XTS Premium,2013,56860,Gasoline,3.6L V6 24V GDI DOHC,Automatic,White Diamond Tri-Coat,Shale,At least 1 accident or damage reported,Yes,"$21,995",304.0,3.6,V6,5.0
1490,1490,MINI,Hardtop Cooper S,2017,44300,Gasoline,189.0HP 2.0L 4 Cylinder Engine Gasoline Fuel,Manual,Silver,Black,None reported,Yes,"$20,784",189.0,2.0,I4,4.0
1491,1491,BMW,X5 xDrive35i,2014,120000,Gasoline,300.0HP 3.0L Straight 6 Cylinder Engine Gasoline Fuel,Dual Shift,Black,Black,not defined,No,"$20,000",300.0,3.0,Straight 6,5.0
1492,1492,Mercedes-Benz,SL-Class SL 550,2013,72500,Gasoline,429.0HP 4.6L 8 Cylinder Engine Gasoline Fuel,Automatic,Black,Beige,None reported,Yes,"$31,450",429.0,4.6,V8,2.0
1493,1493,RAM,1500 Tradesman/Express,2017,72000,Gasoline,395.0HP 5.7L 8 Cylinder Engine Gasoline Fuel,Automatic,Blue,Beige,At least 1 accident or damage reported,Yes,"$24,200",395.0,5.7,V8,5.0
1494,1494,BMW,135 i,2011,132000,Gasoline,300.0HP 3.0L Straight 6 Cylinder Engine Gasoline Fuel,Automatic,Black,Beige,None reported,Yes,"$11,000",300.0,3.0,Straight 6,4.0
1495,1495,Rolls-Royce,Phantom,2018,7585,Gasoline,6.8L V12 48V GDI DOHC Twin Turbo,Automatic,–,–,None reported,Yes,"$599,000",563.0,6.8,V12,5.0
1496,1496,Hyundai,IONIQ 5 SE,2022,18500,not defined,320.0HP Electric Motor Electric Fuel System,Automatic,White,Black,None reported,Yes,"$42,000",320.0,0.0,Electric,5.0
1497,1497,Lexus,LS 430 Base,2002,42000,Gasoline,290.0HP 4.3L 8 Cylinder Engine Gasoline Fuel,Automatic,Silver,Gray,At least 1 accident or damage reported,Yes,"$15,999",290.0,4.3,V8,5.0
1498,1498,Jaguar,F-PACE S,2023,4624,Gasoline,2.0 Liter,Automatic,Santorin Black,Black,None reported,No,"$56,998",380.0,2.0,I6,5.0
1499,1499,BMW,M5 Base,2006,106000,Gasoline,500.0HP 5.0L 10 Cylinder Engine Gasoline Fuel,Dual Shift,Black,Black,None reported,Yes,"$19,500",500.0,5.0,V8,5.0
1500,1500,Hyundai,Santa Fe SE,2022,13610,Gasoline,2.5L I4 16V PDI DOHC,Automatic,Stormy Sea,Black,None reported,No,"$27,450",191.0,2.5,I4,5.0
1501,1501,Lamborghini,Urus Base,2019,16876,Gasoline,4.0L V8 32V GDI DOHC Twin Turbo,Automatic,Gray,Brown,None reported,No,"$209,900",641.0,4.0,V8,5.0
1502,1502,Ford,Expedition Timberline,2023,8911,Gasoline,3.5L V6 24V PDI DOHC Twin Turbo,Automatic,Dark Matter Metallic,Black Onyx,At least 1 accident or damage reported,Yes,"$77,430",400.0,3.5,V6,7.0
1503,1503,Chevrolet,Silverado 1500 LT Trail Boss,2021,48641,Gasoline,5.3L V8 16V GDI OHV,Automatic,Silver Ice Metallic,Jet Black,None reported,No,"$43,666",355.0,5.3,V8,5.0
1504,1504,GMC,Sierra 1500 SLT,2021,11250,Gasoline,420.0HP 6.2L 8 Cylinder Engine Gasoline Fuel,Automatic,White,Black,None reported,Yes,"$70,250",420.0,6.2,V8,5.0
1505,1505,Ford,Mustang Premium,2007,126000,Gasoline,210.0HP 4.0L V6 Cylinder Engine Gasoline Fuel,Automatic,Red,Black,None reported,Yes,"$9,000",210.0,4.0,V6,4.0
1506,1506,BMW,M5 Base,2008,77750,Gasoline,500.0HP 5.0L 10 Cylinder Engine Gasoline Fuel,Automatic,Silver,Silver,None reported,Yes,"$21,000",500.0,5.0,V8,5.0
1507,1507,Toyota,Tacoma SR,2020,27363,Gasoline,278.0HP 3.5L V6 Cylinder Engine Gasoline Fuel,Automatic,Gray,Gray,None reported,Yes,"$35,000",278.0,3.5,V6,5.0
1508,1508,Porsche,Cayenne Base,2019,30951,Gasoline,3.0L V6 24V GDI DOHC Turbo,Automatic,White,Black,None reported,Yes,"$80,140",335.0,3.0,V6,5.0
1509,1509,Ford,F-150 Lightning XLT,2023,208,not defined,563.0HP Electric Motor Electric Fuel System,Automatic,Gray,Gold,None reported,Yes,"$89,000",563.0,0.0,Electric,5.0
1510,1510,Dodge,Durango GT,2021,20386,Gasoline,3.6L V6 24V MPFI DOHC,Automatic,Billet Clearcoat Metallic,Black,None reported,No,"$32,999",295.0,3.6,V6,7.0
1511,1511,BMW,330e iPerformance,2018,45253,Plug-In Hybrid,247.0HP 2.0L 4 Cylinder Engine Plug-In Electric/Gas,Dual Shift,Black,Black,None reported,Yes,"$24,995",247.0,2.0,I4,5.0
1512,1512,GMC,Terrain Denali,2016,144000,Gasoline,301.0HP 3.6L V6 Cylinder Engine Gasoline Fuel,Automatic,White,Black,None reported,Yes,"$18,400",301.0,3.6,V6,5.0
1513,1513,Ford,Excursion Limited,2004,76163,Diesel,325.0HP 6.0L 8 Cylinder Engine Diesel Fuel,Automatic,Gold,Gold,None reported,Yes,"$20,500",325.0,6.0,V10,8.0
1514,1514,Hyundai,Genesis 3.8,2015,61300,Gasoline,311.0HP 3.8L V6 Cylinder Engine Gasoline Fuel,Automatic,Silver,Gray,not defined,No,"$20,150",311.0,3.8,V6,5.0
1515,1515,Mitsubishi,Mirage ES,2017,35698,Gasoline,78.0HP 1.2L 3 Cylinder Engine Gasoline Fuel,Automatic,Blue,Black,None reported,Yes,"$8,750",78.0,1.2,I3,5.0
1516,1516,Mercedes-Benz,E-Class E 350 4MATIC,2010,27000,Gasoline,268.0HP 3.5L V6 Cylinder Engine Gasoline Fuel,Automatic,Black,Black,None reported,Yes,"$22,500",268.0,3.5,V6,5.0
1517,1517,Mazda,Mazda3 i Sport,2015,162000,Gasoline,155.0HP 2.0L 4 Cylinder Engine Gasoline Fuel,Dual Shift,Red,Black,None reported,Yes,"$11,500",155.0,2.0,I4,5.0
1518,1518,BMW,M3 Base,2008,77800,Gasoline,414.0HP 4.0L 8 Cylinder Engine Gasoline Fuel,Manual,Red,Black,None reported,Yes,"$28,500",414.0,4.0,I6,4.0
1519,1519,Mercedes-Benz,E-Class E 350,2014,55000,Gasoline,302.0HP 3.5L V6 Cylinder Engine Gasoline Fuel,Automatic,Black,Black,None reported,Yes,"$19,250",302.0,3.5,V6,5.0
1520,1520,Ford,Bronco Outer Banks Advanced,2022,12000,Gasoline,315.0HP 2.7L V6 Cylinder Engine Gasoline Fuel,Automatic,Gray,Brown,At least 1 accident or damage reported,Yes,"$65,999",315.0,2.7,V6,5.0
1521,1521,Tesla,Model X 75D,2017,70579,not defined,518.0HP Electric Motor Electric Fuel System,Automatic,Black,White,None reported,Yes,"$42,250",518.0,0.0,Electric,7.0
1522,1522,Jeep,Wrangler Unlimited Sport,2010,107000,Gasoline,205.0HP 3.8L V6 Cylinder Engine Gasoline Fuel,Automatic,White,Gray,At least 1 accident or damage reported,Yes,"$17,500",205.0,3.8,V6,5.0
1523,1523,Honda,Pilot Elite,2021,42653,Gasoline,3.5L V6 24V GDI SOHC,Automatic,Gray,Black,None reported,No,"$38,998",280.0,3.5,V6,7.0
1524,1524,Acura,TL 3.2,2008,193783,Gasoline,258.0HP 3.2L V6 Cylinder Engine Gasoline Fuel,Automatic,Black,Black,At least 1 accident or damage reported,Yes,"$10,000",258.0,3.2,V6,5.0
1525,1525,Lexus,IS 350 Base,2014,123000,Gasoline,306.0HP 3.5L V6 Cylinder Engine Gasoline Fuel,Automatic,Red,Black,At least 1 accident or damage reported,Yes,"$18,000",306.0,3.5,V6,5.0
1526,1526,Chevrolet,Equinox LT,2011,130000,Gasoline,264.0HP 3.0L V6 Cylinder Engine Gasoline Fuel,Automatic,Brown,Black,At least 1 accident or damage reported,Yes,"$7,000",264.0,3.0,V6,5.0
1527,1527,Mitsubishi,Lancer DE,2009,143346,Gasoline,152.0HP 2.0L 4 Cylinder Engine Gasoline Fuel,Manual,Black,Black,At least 1 accident or damage reported,Yes,"$3,000",152.0,2.0,I4,5.0
1528,1528,Land,Rover LR2 Base,2015,112465,Gasoline,240.0HP 2.0L 4 Cylinder Engine Gasoline Fuel,Automatic,White,Beige,None reported,Yes,"$11,995",240.0,2.0,I4,5.0
1529,1529,Nissan,Leaf SV PLUS,2023,5121,not defined,Electric,Automatic,Brilliant Silver Metallic,Black,None reported,Yes,"$28,196",214.0,0.0,Electric,5.0
1530,1530,Audi,A5 2.0T Premium,2012,137273,Gasoline,211.0HP 2.0L 4 Cylinder Engine Gasoline Fuel,Automatic,White,Beige,None reported,Yes,"$11,000",211.0,2.0,I4,5.0
1531,1531,Rivian,R1S Launch Edition,2023,299,not defined,835.0HP Electric Motor Electric Fuel System,Automatic,Blue,Gray,None reported,Yes,"$92,500",835.0,0.0,Electric,7.0
1532,1532,Lexus,RX 450h Base,2018,70780,Hybrid,308.0HP 3.5L V6 Cylinder Engine Gas/Electric Hybrid,Automatic,Silver,Gray,None reported,Yes,"$35,700",308.0,3.5,V6,5.0
1533,1533,Chevrolet,Tahoe LT,2018,55000,Gasoline,355.0HP 5.3L 8 Cylinder Engine Gasoline Fuel,Automatic,Black,Black,None reported,Yes,"$37,900",355.0,5.3,V8,8.0
1534,1534,Mercedes-Benz,G-Class G 550 4MATIC,2017,23151,Gasoline,416.0HP 4.0L 8 Cylinder Engine Gasoline Fuel,Automatic,Gray,Black,None reported,Yes,"$84,500",416.0,4.0,V8,5.0
1535,1535,Cadillac,XTS Luxury,2013,152000,Gasoline,304.0HP 3.6L V6 Cylinder Engine Gasoline Fuel,Automatic,Black,Gray,At least 1 accident or damage reported,Yes,"$8,500",304.0,3.6,V6,5.0
1536,1536,INFINITI,Q50 3.0t Red Sport 400,2020,23344,Gasoline,3.0L V6 24V GDI DOHC Twin Turbo,Automatic,Liquid Platinum,White,None reported,No,"$36,999",400.0,3.0,V6,5.0
1537,1537,Subaru,Outback 3.6R Limited,2016,87092,Gasoline,256.0HP 3.6L Flat 6 Cylinder Engine Gasoline Fuel,Automatic,Blue,Black,At least 1 accident or damage reported,Yes,"$19,500",256.0,3.6,Flat 6,5.0
1538,1538,Toyota,Avalon XLS,2004,90625,Gasoline,210.0HP 3.0L V6 Cylinder Engine Gasoline Fuel,Automatic,Gray,Gray,None reported,Yes,"$5,500",210.0,3.0,V6,5.0
1539,1539,Chevrolet,Traverse RS,2021,44373,Gasoline,310.0HP 3.6L V6 Cylinder Engine Gasoline Fuel,Automatic,Silver,Black,None reported,Yes,"$36,000",310.0,3.6,V6,7.0
1540,1540,BMW,330 i,2021,26000,Gasoline,255.0HP 2.0L 4 Cylinder Engine Gasoline Fuel,Dual Shift,Black,Black,None reported,Yes,"$37,000",255.0,2.0,I4,5.0
1541,1541,Karma,Revero Base,2018,20760,not defined,403.0HP 2.0L Electric Motor Electric Fuel System,Automatic,White,Black,None reported,Yes,"$55,500",403.0,2.0,Electric,4.0
1542,1542,Lexus,GX 460 Base,2021,39102,Gasoline,4.6 Liter,Automatic,Silver,Rioja Red,None reported,No,"$51,798",301.0,4.6,V8,5.0
1543,1543,Alfa,Romeo Stelvio Ti Sport,2019,39615,Gasoline,"2L I-4 gasoline direct injection, MultiAir2 variable valve contr",Automatic,Vulcano Black Metallic,Red/Black,None reported,No,"$28,900",280.0,2.0,I4,5.0
1544,1544,GMC,Sierra 2500 Base,2019,58000,E85 Flex Fuel,360.0HP 6.0L 8 Cylinder Engine Flex Fuel Capability,Automatic,Silver,Beige,None reported,Yes,"$36,500",360.0,6.0,V8,5.0
1545,1545,Lexus,IS 250 Base,2013,148000,Gasoline,204.0HP 2.5L V6 Cylinder Engine Gasoline Fuel,Automatic,Gray,Black,At least 1 accident or damage reported,Yes,"$10,000",204.0,2.5,V6,5.0
1546,1546,Porsche,Panamera 2,2011,104000,Gasoline,300.0HP 3.6L V6 Cylinder Engine Gasoline Fuel,Automatic,White,Black,None reported,Yes,"$20,900",300.0,3.6,V6,4.0
1547,1547,BMW,535 i xDrive,2013,46150,Gasoline,306.0HP 3.0L Straight 6 Cylinder Engine Gasoline Fuel,Dual Shift,Silver,Black,At least 1 accident or damage reported,Yes,"$17,000",306.0,3.0,I6,5.0
1548,1548,Chevrolet,Silverado 2500 High Country,2022,18860,Diesel,445.0HP 6.6L 8 Cylinder Engine Diesel Fuel,Automatic,Blue,Gray,None reported,Yes,"$74,500",445.0,6.6,V8,5.0
1549,1549,Mercedes-Benz,AMG C 63 Base,2017,28399,Gasoline,469.0HP 4.0L 8 Cylinder Engine Gasoline Fuel,Automatic,Gray,Black,None reported,Yes,"$55,600",469.0,4.0,V8,5.0
1550,1550,Jeep,Wrangler Sahara,1998,136500,Gasoline,181.0HP 4.0L Straight 6 Cylinder Engine Gasoline Fuel,Manual,Black,Black,None reported,Yes,"$6,999",181.0,4.0,V6,5.0
1551,1551,Porsche,Boxster S,2005,95170,Gasoline,280.0HP 3.2L Flat 6 Cylinder Engine Gasoline Fuel,Manual,Blue,Gray,None reported,Yes,"$24,900",280.0,3.2,H6,2.0
1552,1552,BMW,M3 Base,2006,95450,Gasoline,333.0HP 3.2L Straight 6 Cylinder Engine Gasoline Fuel,Manual,Gray,Gray,At least 1 accident or damage reported,Yes,"$42,000",333.0,3.2,I6,4.0
1553,1553,Chevrolet,Camaro LT1,2022,7652,Gasoline,6.2 Liter,Automatic,Blue,Jet Black,None reported,No,"$39,998",455.0,6.2,V8,4.0
1554,1554,BMW,535 i xDrive,2011,169000,Gasoline,300.0HP 3.0L Straight 6 Cylinder Engine Gasoline Fuel,Dual Shift,Black,White,At least 1 accident or damage reported,Yes,"$10,999",300.0,3.0,I6,5.0
1555,1555,RAM,1500 Laramie,2022,16744,Gasoline,5.7L V8 16V MPFI OHV,Automatic,Delmonico Red Pearlcoat,Black,None reported,No,"$46,999",395.0,5.7,V8,5.0
1556,1556,Mercedes-Benz,Metris Base,2020,1025,Gasoline,2.0L I4 16V GDI DOHC Turbo,Automatic,Black,Beige,None reported,Yes,"$299,000",208.0,2.0,I4,5.0
1557,1557,Chevrolet,Express 1500 Cargo,2004,152000,Gasoline,195.0HP 4.3L V6 Cylinder Engine Gasoline Fuel,Automatic,White,Gray,At least 1 accident or damage reported,Yes,"$7,999",195.0,4.3,V6,2.0
1558,1558,BMW,X7 xDrive40i,2020,46000,Gasoline,335.0HP 3.0L Straight 6 Cylinder Engine Gasoline Fuel,Dual Shift,Black,Black,None reported,Yes,"$54,999",335.0,3.0,I6,7.0
1559,1559,BMW,X7 xDrive40i,2022,8000,Hybrid,335.0HP 3.0L Straight 6 Cylinder Engine Gasoline/Mild Electric Hybrid,Automatic,Blue,Brown,None reported,Yes,"$85,000",335.0,3.0,I6,7.0
1560,1560,Ferrari,F12berlinetta Base,2016,14770,Gasoline,6.3L V12 48V GDI DOHC,Automatic,Gray,–,None reported,No,"$254,900",730.0,6.3,V12,2.0
1561,1561,Chevrolet,Silverado 2500 LT,2016,84421,E85 Flex Fuel,360.0HP 6.0L 8 Cylinder Engine Flex Fuel Capability,Automatic,White,Black,None reported,Yes,"$36,800",360.0,6.0,V8,5.0
1562,1562,Mercedes-Benz,Maybach S 580 4MATIC,2022,4760,Gasoline,4.0L V8 32V GDI DOHC Twin Turbo,Automatic,Diamond White,Black,None reported,Yes,"$229,000",496.0,4.0,V8,5.0
1563,1563,GMC,Sierra 1500 Denali,2021,44691,Gasoline,6.2L V8 16V GDI OHV,Automatic,White Frost Tri-Coat,Walnut,At least 1 accident or damage reported,No,"$56,900",355.0,6.2,V8,5.0
1564,1564,Mitsubishi,Outlander SEL,2022,11700,Gasoline,181.0HP 2.5L 4 Cylinder Engine Gasoline Fuel,Automatic,White,Black,None reported,Yes,"$33,000",181.0,2.5,I4,5.0
1565,1565,Ford,Shelby GT350 Base,2019,2800,Gasoline,526.0HP 5.2L 8 Cylinder Engine Gasoline Fuel,Manual,Black,Black,None reported,Yes,"$91,000",526.0,5.2,V8,2.0
1566,1566,MINI,Cooper Base,2010,58000,Gasoline,118.0HP 1.6L 4 Cylinder Engine Gasoline Fuel,Automatic,Gold,Black,None reported,Yes,"$8,000",118.0,1.6,I4,4.0
1567,1567,Toyota,Prius Touring,2009,142500,Hybrid,76.0HP 1.5L 4 Cylinder Engine Gas/Electric Hybrid,Automatic,Blue,Beige,None reported,Yes,"$6,999",76.0,1.5,I4,5.0
1568,1568,Cadillac,Escalade ESV Base,2007,191900,Gasoline,403.0HP 6.2L 8 Cylinder Engine Gasoline Fuel,Automatic,Black,Black,At least 1 accident or damage reported,Yes,"$9,750",403.0,6.2,V8,8.0
1569,1569,Audi,A6 2.0T Premium Plus,2016,63398,Gasoline,252.0HP 2.0L 4 Cylinder Engine Gasoline Fuel,Automatic,White,Gray,At least 1 accident or damage reported,Yes,"$19,500",252.0,2.0,I4,5.0
1570,1570,Chevrolet,Suburban 1500 LT,2008,162750,Gasoline,320.0HP 5.3L 8 Cylinder Engine Gasoline Fuel,Dual Shift,White,Black,At least 1 accident or damage reported,Yes,"$7,200",320.0,5.3,V8,8.0
1571,1571,Jaguar,XK R,2012,38383,Gasoline,510.0HP 5.0L 8 Cylinder Engine Gasoline Fuel,Automatic,White,Black,None reported,Yes,"$36,949",510.0,5.0,V8,2.0
1572,1572,Porsche,911 Carrera GTS,2022,1837,Gasoline,3.0L H6 24V GDI DOHC Twin Turbo,Automatic,Aventurine Green Metallic,Agave Green,None reported,No,"$179,900",450.0,3.0,H6,2.0
1573,1573,Ford,F-250 XLT,2022,36294,Diesel,6.7L V8 32V DDI OHV Turbo Diesel,Automatic,Oxford White,Medium Earth Gray,not defined,No,"$77,535",350.0,6.7,V8,5.0
1574,1574,Audi,A4 2.0T Premium,2011,90818,Gasoline,211.0HP 2.0L 4 Cylinder Engine Gasoline Fuel,Automatic,White,Black,At least 1 accident or damage reported,Yes,"$8,300",211.0,2.0,I4,5.0
1575,1575,Cadillac,ATS 2.0L Turbo,2018,32000,Gasoline,272.0HP 2.0L 4 Cylinder Engine Gasoline Fuel,Automatic,Gray,Black,None reported,Yes,"$22,999",272.0,2.0,I4,5.0
1576,1576,Ford,Transit-350 Base,2019,94650,Gasoline,275.0HP 3.7L V6 Cylinder Engine Gasoline Fuel,Automatic,White,–,None reported,Yes,"$37,000",275.0,3.7,V6,12.0
1577,1577,Mercedes-Benz,G-Class G 63 AMG,2014,49899,Gasoline,536.0HP 5.5L 8 Cylinder Engine Gasoline Fuel,Automatic,White,Black,None reported,Yes,"$72,999",536.0,5.5,V8,5.0
1578,1578,Jeep,Wrangler Sahara,2011,55000,Gasoline,202.0HP 3.8L V6 Cylinder Engine Gasoline Fuel,Automatic,Red,Black,At least 1 accident or damage reported,Yes,"$35,000",202.0,3.8,V6,5.0
1579,1579,BMW,M4 Base,2015,23700,Gasoline,425.0HP 3.0L Straight 6 Cylinder Engine Gasoline Fuel,Dual Shift,Black,Black,None reported,Yes,"$42,800",425.0,3.0,I6,2.0
1580,1580,Tesla,Model S P100D,2018,46000,not defined,518.0HP Electric Motor Electric Fuel System,Automatic,White,Black,None reported,Yes,"$59,500",518.0,0.0,Electric,5.0
1581,1581,Maserati,Ghibli S GranLusso,2020,12118,Gasoline,424.0HP 3.0L V6 Cylinder Engine Gasoline Fuel,Automatic,Blue,Brown,None reported,Yes,"$52,900",424.0,3.0,V6,5.0
1582,1582,Pontiac,Firebird Trans Am,2001,64000,Gasoline,310.0HP 5.7L 8 Cylinder Engine Gasoline Fuel,Manual,Blue,Beige,None reported,Yes,"$21,000",310.0,5.7,V8,4.0
1583,1583,Ford,Expedition XLT,2022,22169,Gasoline,3.5L V6 24V PDI DOHC Twin Turbo,Automatic,Black,Sandstone,None reported,Yes,"$57,352",375.0,3.5,V6,8.0
1584,1584,Ferrari,812 Superfast Base,2020,1575,Gasoline,788.0HP 6.5L 12 Cylinder Engine Gasoline Fuel,Dual Shift,Red,Black,None reported,Yes,"$469,900",788.0,6.5,V12,2.0
1585,1585,Tesla,Model X Long Range Plus,2021,46897,not defined,557.0HP Electric Motor Electric Fuel System,Automatic,Blue,Black,None reported,Yes,"$69,000",557.0,0.0,Electric,7.0
1586,1586,Land,Rover Range Rover P400 SE SWB,2022,3369,Hybrid,395.0HP 3.0L Straight 6 Cylinder Engine Gasoline/Mild Electric Hybrid,Automatic,White,Black,None reported,Yes,"$139,500",395.0,3.0,Straight 6,5.0
1587,1587,BMW,535 i xDrive,2011,135000,Gasoline,300.0HP 3.0L Straight 6 Cylinder Engine Gasoline Fuel,Automatic,Blue,Beige,None reported,Yes,"$9,999",300.0,3.0,I6,5.0
1588,1588,BMW,428 i xDrive,2015,125000,Gasoline,240.0HP 2.0L 4 Cylinder Engine Gasoline Fuel,Automatic,White,Black,None reported,Yes,"$15,000",240.0,2.0,I4,5.0
1589,1589,Cadillac,Escalade ESV Platinum,2017,134000,Gasoline,420.0HP 6.2L 8 Cylinder Engine Gasoline Fuel,Automatic,Gold,Brown,None reported,Yes,"$32,999",420.0,6.2,V8,7.0
1590,1590,BMW,X5 xDrive35i,2014,143250,Gasoline,300.0HP 3.0L Straight 6 Cylinder Engine Gasoline Fuel,Automatic,Black,White,None reported,Yes,"$12,999",300.0,3.0,Straight 6,5.0
1591,1591,Lexus,GX 460 Premium,2017,82975,Gasoline,301.0HP 4.6L 8 Cylinder Engine Gasoline Fuel,Automatic,White,Beige,None reported,Yes,"$31,000",301.0,4.6,V8,7.0
1592,1592,MINI,Countryman Cooper S ALL4,2016,91700,Gasoline,181.0HP 1.6L 4 Cylinder Engine Gasoline Fuel,Manual,White,Black,None reported,Yes,"$13,999",181.0,1.6,I4,5.0
1593,1593,Ford,F-150 XLT,2018,72393,Gasoline,325.0HP 2.7L V6 Cylinder Engine Gasoline Fuel,Automatic,Black,Black,None reported,Yes,"$35,000",325.0,2.7,V6,5.0
1594,1594,INFINITI,QX60 Base,2016,71000,Gasoline,265.0HP 3.5L V6 Cylinder Engine Gasoline Fuel,Automatic,Black,Black,None reported,Yes,"$21,500",265.0,3.5,V6,7.0
1595,1595,Lexus,RX 350 Base,2012,160900,Gasoline,270.0HP 3.5L V6 Cylinder Engine Gasoline Fuel,Automatic,Silver,Gray,None reported,Yes,"$15,000",270.0,3.5,V6,5.0
1596,1596,Dodge,Charger Scat Pack,2020,40208,Gasoline,485.0HP 6.4L 8 Cylinder Engine Gasoline Fuel,Automatic,Red,Black,At least 1 accident or damage reported,Yes,"$38,000",485.0,6.4,V8,5.0
1597,1597,Lexus,IS 350 Base,2017,77300,Gasoline,306.0HP 3.5L V6 Cylinder Engine Gasoline Fuel,Automatic,White,Black,None reported,Yes,"$30,000",306.0,3.5,V6,5.0
1598,1598,Nissan,NV200 SV,2017,16700,Gasoline,131.0HP 2.0L 4 Cylinder Engine Gasoline Fuel,Automatic,White,Black,None reported,Yes,"$26,500",131.0,2.0,I4,2.0
1599,1599,Subaru,Impreza 2.0i Premium,2013,112000,Gasoline,148.0HP 2.0L 4 Cylinder Engine Gasoline Fuel,Automatic,Black,Beige,None reported,Yes,"$9,999",148.0,2.0,I4,5.0
1600,1600,BMW,M3 Base,2016,55250,Gasoline,425.0HP 3.0L Straight 6 Cylinder Engine Gasoline Fuel,Manual,Blue,White,None reported,Yes,"$49,999",425.0,3.0,I6,4.0
1601,1601,INFINITI,QX80 Luxe,2020,69000,Gasoline,400.0HP 5.6L 8 Cylinder Engine Gasoline Fuel,Automatic,Gray,Black,None reported,Yes,"$31,450",400.0,5.6,V8,8.0
1602,1602,Ford,Mustang GT Premium,2016,40570,Gasoline,435.0HP 5.0L 8 Cylinder Engine Gasoline Fuel,Manual,Gray,Black,At least 1 accident or damage reported,Yes,"$30,490",435.0,5.0,V8,4.0
1603,1603,Toyota,RAV4 TRD Off Road,2020,46500,Gasoline,203.0HP 2.5L 4 Cylinder Engine Gasoline Fuel,Automatic,White,Black,None reported,Yes,"$35,200",203.0,2.5,I4,5.0
1604,1604,Honda,S2000 Base,2000,26900,Gasoline,240.0HP 2.0L 4 Cylinder Engine Gasoline Fuel,Manual,Silver,Red,None reported,Yes,"$35,000",240.0,2.0,I4,2.0
1605,1605,Jeep,Gladiator Sport,2021,5779,Gasoline,3.6L V6 24V MPFI DOHC,Automatic,Firecracker Red Clearcoat,Black,not defined,No,"$41,329",285.0,3.6,V6,5.0
1606,1606,Ford,Bronco Big Bend Advanced,2023,12000,Gasoline,275.0HP 2.3L 4 Cylinder Engine Gasoline Fuel,Automatic,Black,–,None reported,Yes,"$54,000",275.0,2.3,I4,5.0
1607,1607,Ford,Expedition Timberline,2022,30301,Gasoline,3.5L V6 24V PDI DOHC Twin Turbo,Automatic,Dark Matter Metallic,Deep Cypress,None reported,Yes,"$68,420",400.0,3.5,V6,7.0
1608,1608,Toyota,Sequoia TRD Pro,2023,600,Hybrid,437.0HP 3.4L V6 Cylinder Engine Gas/Electric Hybrid,Automatic,Orange,Black,None reported,Yes,"$91,995",437.0,3.4,V6,8.0
1609,1609,Plymouth,Prowler Base,2001,22300,Gasoline,253.0HP 3.5L V6 Cylinder Engine Gasoline Fuel,Automatic,Blue,Gray,None reported,Yes,"$28,500",253.0,3.5,V6,2.0
1610,1610,Alfa,Romeo Giulia Ti,2023,9275,Gasoline,2.0L I4 16V GDI SOHC Turbo,Automatic,Alfa White,Black,None reported,No,"$43,900",280.0,2.0,I4,5.0
1611,1611,Chevrolet,Suburban 1500 LS,2004,171750,E85 Flex Fuel,295.0HP 5.3L 8 Cylinder Engine Flex Fuel Capability,Automatic,White,Beige,At least 1 accident or damage reported,Yes,"$12,998",295.0,5.3,V8,8.0
1612,1612,Mitsubishi,Lancer Evolution GSR,2013,76500,Gasoline,291.0HP 2.0L 4 Cylinder Engine Gasoline Fuel,Manual,Black,Black,None reported,Yes,"$28,000",291.0,2.0,I4,4.0
1613,1613,Mercedes-Benz,AMG GLE 43 Coupe 4MATIC,2018,49000,Gasoline,385.0HP 3.0L V6 Cylinder Engine Gasoline Fuel,Automatic,Blue,Brown,At least 1 accident or damage reported,Yes,"$42,995",385.0,3.0,V6,5.0
1614,1614,Audi,R8 5.2 quattro Spyder,2011,75000,Gasoline,525.0HP 5.2L 10 Cylinder Engine Gasoline Fuel,Dual Shift,White,Brown,At least 1 accident or damage reported,Yes,"$74,000",525.0,5.2,V10,2.0
1615,1615,Ford,Escape XLT,2007,133300,Gasoline,153.0HP 2.3L 4 Cylinder Engine Gasoline Fuel,Automatic,Silver,Silver,None reported,Yes,"$3,000",153.0,2.3,I4,5.0
1616,1616,BMW,X5 3.0si,2007,99700,Gasoline,260.0HP 3.0L Straight 6 Cylinder Engine Gasoline Fuel,Automatic,Black,Black,None reported,Yes,"$8,500",260.0,3.0,I6,5.0
1617,1617,Chevrolet,Camaro 2LT,2011,126700,Gasoline,312.0HP 3.6L V6 Cylinder Engine Gasoline Fuel,Dual Shift,White,Beige,At least 1 accident or damage reported,Yes,"$14,000",312.0,3.6,V6,4.0
1618,1618,BMW,340 i,2016,28000,Gasoline,320.0HP 3.0L Straight 6 Cylinder Engine Gasoline Fuel,Manual,Black,Red,None reported,Yes,"$36,995",320.0,3.0,I6,5.0
1619,1619,Mercedes-Benz,SL-Class SL 550,2012,21300,Gasoline,382.0HP 5.5L 8 Cylinder Engine Gasoline Fuel,Automatic,Silver,Red,At least 1 accident or damage reported,Yes,"$38,500",382.0,5.5,V8,2.0
1620,1620,Cadillac,Escalade Platinum,2019,92000,Gasoline,420.0HP 6.2L 8 Cylinder Engine Gasoline Fuel,Automatic,Black,Black,None reported,Yes,"$51,900",420.0,6.2,V8,7.0
1621,1621,Chevrolet,Silverado 3500 LTZ,2018,92149,Diesel,6.6L V8 32V DDI OHV Turbo Diesel,Automatic,Black,Jet Black,not defined,No,"$52,889",445.0,6.6,V8,5.0
1622,1622,Lexus,RC F Base,2015,25756,Gasoline,467.0HP 5.0L 8 Cylinder Engine Gasoline Fuel,Automatic,Black,Black,None reported,Yes,"$49,995",467.0,5.0,V8,2.0
1623,1623,Kia,Forte GT-Line,2021,24534,Gasoline,147.0HP 2.0L 4 Cylinder Engine Gasoline Fuel,Automatic,White,Black,None reported,Yes,"$21,900",147.0,2.0,I4,5.0
1624,1624,Land,Rover Range Rover Sport Supercharged Dynamic,2018,58100,Gasoline,518.0HP 5.0L 8 Cylinder Engine Gasoline Fuel,Automatic,Red,Black,None reported,Yes,"$53,499",518.0,5.0,V8,5.0
1625,1625,Nissan,Titan S,2017,20220,Gasoline,390.0HP 5.6L 8 Cylinder Engine Gasoline Fuel,Automatic,White,Gray,None reported,Yes,"$32,324",390.0,5.6,V8,5.0
1626,1626,Honda,Accord EX-L 2.0T,2019,40069,Gasoline,252.0HP 2.0L 4 Cylinder Engine Gasoline Fuel,Automatic,White,Black,At least 1 accident or damage reported,Yes,"$27,500",252.0,2.0,I4,5.0
1627,1627,Subaru,WRX Base,2017,60930,Gasoline,268.0HP 2.0L 4 Cylinder Engine Gasoline Fuel,Manual,Blue,Black,None reported,Yes,"$23,750",268.0,2.0,I4,5.0
1628,1628,Audi,A4 2.0T Titanium Premium,2019,7300,Gasoline,188.0HP 2.0L 4 Cylinder Engine Gasoline Fuel,Automatic,White,Gray,None reported,Yes,"$27,900",188.0,2.0,I4,5.0
1629,1629,Ford,Mustang EcoBoost Premium,2018,34000,not defined,–,Automatic,Blue,Gray,At least 1 accident or damage reported,Yes,"$25,000",310.0,2.3,I4,4.0
1630,1630,Chevrolet,Avalanche 1500 LS,2012,56000,E85 Flex Fuel,320.0HP 5.3L 8 Cylinder Engine Flex Fuel Capability,Automatic,Red,Black,At least 1 accident or damage reported,Yes,"$18,000",320.0,5.3,V8,5.0
1631,1631,Mercedes-Benz,CLA-Class CLA 250,2014,136000,Gasoline,208.0HP 2.0L 4 Cylinder Engine Gasoline Fuel,Dual Shift,Gray,Black,At least 1 accident or damage reported,Yes,"$12,000",208.0,2.0,I4,5.0
1632,1632,BMW,228 Gran Coupe i xDrive,2020,31100,Gasoline,228.0HP 2.0L 4 Cylinder Engine Gasoline Fuel,Automatic,Blue,White,None reported,Yes,"$26,999",228.0,2.0,I4,5.0
1633,1633,Maserati,GranTurismo Base,2012,12100,Gasoline,440.0HP 4.7L 8 Cylinder Engine Gasoline Fuel,Dual Shift,Blue,Beige,None reported,Yes,"$37,900",440.0,4.7,V8,2.0
1634,1634,Ford,Expedition Platinum,2021,51902,Gasoline,3.5L V6 24V PDI DOHC Twin Turbo,Automatic,Red,Ceramic,None reported,Yes,"$57,480",400.0,3.5,V6,8.0
1635,1635,Audi,S4 Base,2007,93000,Gasoline,340.0HP 4.2L 8 Cylinder Engine Gasoline Fuel,Manual,Black,Black,At least 1 accident or damage reported,Yes,"$10,995",340.0,4.2,V8,5.0
1636,1636,Land,Rover Range Rover Sport Supercharged HSE,2016,99915,Gasoline,340.0HP 3.0L V6 Cylinder Engine Gasoline Fuel,Automatic,Blue,White,At least 1 accident or damage reported,Yes,"$26,500",340.0,3.0,V6,5.0
1637,1637,Ford,Mustang Mach-E GT,2022,7661,not defined,Electric,Automatic,Star White,Black Onyx,None reported,No,"$49,599",480.0,0.0,Electric,5.0
1638,1638,Chevrolet,Tahoe LTZ,2007,177000,E85 Flex Fuel,320.0HP 5.3L 8 Cylinder Engine Flex Fuel Capability,Automatic,Gold,Beige,At least 1 accident or damage reported,Yes,"$10,750",320.0,5.3,V8,7.0
1639,1639,Nissan,Xterra S,2008,100900,Gasoline,261.0HP 4.0L V6 Cylinder Engine Gasoline Fuel,Automatic,Black,Gray,None reported,Yes,"$6,999",261.0,4.0,V6,5.0
1640,1640,INFINITI,Q60 3.0T Premium,2017,107380,Gasoline,300.0HP 3.0L V6 Cylinder Engine Gasoline Fuel,Automatic,Black,Gray,At least 1 accident or damage reported,Yes,"$17,500",300.0,3.0,V6,4.0
1641,1641,Ford,F-150 Raptor,2021,32957,Gasoline,3.5L V6 24V PDI DOHC Twin Turbo,Automatic,Oxford White,Black,None reported,No,"$77,900",450.0,3.5,V6,5.0
1642,1642,Acura,TLX Base,2016,45000,Gasoline,206.0HP 2.4L 4 Cylinder Engine Gasoline Fuel,Automatic,Gray,Blue,None reported,Yes,"$16,500",206.0,2.4,I4,5.0
1643,1643,Nissan,Frontier SV,2013,67000,Gasoline,261.0HP 4.0L V6 Cylinder Engine Gasoline Fuel,Automatic,Blue,Gray,None reported,Yes,"$15,500",261.0,4.0,V6,5.0
1644,1644,Chevrolet,Camaro 1SS,2021,12600,Gasoline,455.0HP 6.2L 8 Cylinder Engine Gasoline Fuel,Manual,Gray,Black,None reported,Yes,"$47,000",455.0,6.2,V8,4.0
1645,1645,Porsche,Panamera 4,2018,24882,Gasoline,330.0HP 3.0L V6 Cylinder Engine Gasoline Fuel,Dual Shift,White,Black,None reported,Yes,"$59,800",330.0,3.0,V6,4.0
1646,1646,Acura,TLX PMC Edition,2020,6900,Gasoline,290.0HP 3.5L V6 Cylinder Engine Gasoline Fuel,Automatic,Red,Black,None reported,Yes,"$43,500",290.0,3.5,V6,5.0
1647,1647,Kia,Sorento EX V6,2019,66075,Gasoline,3.3L V6 24V GDI DOHC,Automatic,Titanium Silver,Satin Black,None reported,No,"$23,754",290.0,3.3,V6,7.0
1648,1648,Hyundai,Palisade SEL,2021,68050,Gasoline,291.0HP 3.8L V6 Cylinder Engine Gasoline Fuel,Automatic,Black,Black,None reported,Yes,"$29,600",291.0,3.8,V6,7.0
1649,1649,Ford,F-250 Lariat,2017,128000,Diesel,440.0HP 6.7L 8 Cylinder Engine Diesel Fuel,Automatic,Gray,Black,None reported,Yes,"$50,000",440.0,6.7,V8,5.0
1650,1650,BMW,430 i,2021,9472,Gasoline,255.0HP 2.0L 4 Cylinder Engine Gasoline Fuel,Automatic,White,Blue,None reported,Yes,"$51,000",255.0,2.0,I4,4.0
1651,1651,Mitsubishi,Lancer GTS,2009,185963,Gasoline,168.0HP 2.4L 4 Cylinder Engine Gasoline Fuel,Automatic,Orange,Gray,At least 1 accident or damage reported,Yes,"$5,100",168.0,2.4,I4,5.0
1652,1652,Nissan,NV200 S,2019,52000,Gasoline,131.0HP 2.0L 4 Cylinder Engine Gasoline Fuel,Automatic,Black,Gray,At least 1 accident or damage reported,Yes,"$19,500",131.0,2.0,I4,2.0
1653,1653,Buick,Enclave Leather,2015,68653,Gasoline,288.0HP 3.6L V6 Cylinder Engine Gasoline Fuel,Automatic,Blue,Black,At least 1 accident or damage reported,Yes,"$18,950",288.0,3.6,V6,7.0
1654,1654,Lexus,RX 330 Base,2004,151896,Gasoline,230.0HP 3.3L V6 Cylinder Engine Gasoline Fuel,Automatic,Silver,Gray,None reported,Yes,"$7,900",230.0,3.3,V6,5.0
1655,1655,Lexus,RX 450h F Sport,2019,43671,Hybrid,3.5L V6 24V PDI DOHC Hybrid,Automatic,Caviar,Rioja Red,None reported,No,"$44,950",308.0,3.5,V6,5.0
1656,1656,Ford,F-250 Lariat,2017,72128,E85 Flex Fuel,6.2L V8 16V MPFI SOHC Flexible Fuel,Automatic,White,Camel,not defined,No,"$45,985",385.0,6.2,V8,5.0
1657,1657,Kia,Forte Koup EX,2013,134207,Gasoline,156.0HP 2.0L 4 Cylinder Engine Gasoline Fuel,Automatic,Black,–,At least 1 accident or damage reported,Yes,"$5,500",156.0,2.0,I4,4.0
1658,1658,GMC,Terrain SLE,2020,26470,Gasoline,1.5L I4 16V GDI DOHC Turbo,Automatic,Summit White,Jet Black,None reported,Yes,"$29,900",170.0,1.5,I4,5.0
1659,1659,Porsche,Macan Base,2018,82300,Gasoline,252.0HP 2.0L 4 Cylinder Engine Gasoline Fuel,Automatic,Black,Black,None reported,Yes,"$35,000",252.0,2.0,I4,5.0
1660,1660,Lexus,RC 350 Base,2015,124000,Gasoline,306.0HP 3.5L V6 Cylinder Engine Gasoline Fuel,Dual Shift,Blue,Blue,None reported,Yes,"$24,000",306.0,3.5,V6,4.0
1661,1661,Audi,S4 3.0T Premium Plus,2020,23823,Gasoline,3.0L V6 24V GDI DOHC Turbo,Automatic,Tango Red Metallic,Black,None reported,Yes,"$49,995",349.0,3.0,V6,5.0
1662,1662,GMC,Yukon SLT,2002,222600,Gasoline,275.0HP 4.8L 8 Cylinder Engine Gasoline Fuel,Automatic,Gray,Beige,None reported,Yes,"$4,999",275.0,4.8,V8,7.0
1663,1663,Lamborghini,Urus Base,2021,9500,Gasoline,641.0HP 4.0L 8 Cylinder Engine Gasoline Fuel,Automatic,White,Black,None reported,Yes,"$279,900",641.0,4.0,V8,5.0
1664,1664,INFINITI,QX60 Base,2014,154247,Gasoline,265.0HP 3.5L V6 Cylinder Engine Gasoline Fuel,Automatic,Black,Black,At least 1 accident or damage reported,Yes,"$12,500",265.0,3.5,V6,7.0
1665,1665,Chevrolet,Silverado 2500 LTZ H/D Extended Cab,2008,128000,Gasoline,353.0HP 6.0L 8 Cylinder Engine Gasoline Fuel,Automatic,Beige,Black,None reported,Yes,"$23,500",353.0,6.0,V8,6.0
1666,1666,Maserati,GranTurismo Base,2008,70000,Gasoline,405.0HP 4.2L 8 Cylinder Engine Gasoline Fuel,Automatic,Blue,Brown,At least 1 accident or damage reported,Yes,"$13,000",405.0,4.2,V8,2.0
1667,1667,Acura,Integra GS-R,1995,123000,not defined,–,Manual,White,Blue,None reported,Yes,"$10,999",190.0,1.8,I4,5.0
1668,1668,BMW,X6 M Base,2016,52375,Gasoline,567.0HP 4.4L 8 Cylinder Engine Gasoline Fuel,Automatic,White,Brown,At least 1 accident or damage reported,Yes,"$48,600",567.0,4.4,V8,4.0
1669,1669,Chrysler,300 S,2016,100574,Gasoline,300.0HP 3.6L V6 Cylinder Engine Gasoline Fuel,Automatic,Black,Black,At least 1 accident or damage reported,Yes,"$17,500",300.0,3.6,V6,5.0
1670,1670,Chrysler,300 Base,2014,85000,Gasoline,292.0HP 3.6L V6 Cylinder Engine Gasoline Fuel,Automatic,White,–,At least 1 accident or damage reported,Yes,"$11,250",292.0,3.6,V6,5.0
1671,1671,Acura,RDX w/A-Spec Package,2023,3959,Gasoline,2.0 Liter DOHC Turbo,Automatic,White,Black,None reported,No,"$48,998",272.0,2.0,I4,5.0
1672,1672,Chevrolet,Corvette Stingray w/1LT,2021,10400,Gasoline,490.0HP 6.2L 8 Cylinder Engine Gasoline Fuel,Automatic,Silver,Black,None reported,Yes,"$72,900",490.0,6.2,V8,2.0
1673,1673,Chevrolet,Camaro 1SS,2019,19200,Gasoline,455.0HP 6.2L 8 Cylinder Engine Gasoline Fuel,Manual,Orange,Black,None reported,Yes,"$41,500",455.0,6.2,V8,4.0
1674,1674,Mercedes-Benz,E-Class E 350 4MATIC,2013,81000,Gasoline,302.0HP 3.5L V6 Cylinder Engine Gasoline Fuel,Automatic,Gray,Beige,At least 1 accident or damage reported,Yes,"$13,000",302.0,3.5,V6,5.0
1675,1675,Ford,F-150 Raptor,2022,17451,Gasoline,3.5L V6 24V PDI DOHC Twin Turbo,Automatic,Oxford White,Rhapsody Blue,None reported,No,"$77,900",450.0,3.5,V6,5.0
1676,1676,Nissan,Versa 1.8 S,2011,165000,Gasoline,122.0HP 1.8L 4 Cylinder Engine Gasoline Fuel,Automatic,Black,–,None reported,Yes,"$4,000",122.0,1.8,I4,5.0
1677,1677,BMW,M3 CS,2024,124,Gasoline,543.0HP 3.0L Straight 6 Cylinder Engine Gasoline Fuel,Dual Shift,Green,Black,None reported,Yes,"$145,000",543.0,3.0,I6,4.0
1678,1678,Hyundai,Accent GLS,2013,117500,Gasoline,138.0HP 1.6L 4 Cylinder Engine Gasoline Fuel,Automatic,Silver,Gray,At least 1 accident or damage reported,Yes,"$6,500",138.0,1.6,I4,5.0
1679,1679,Mercedes-Benz,S-Class S 450 4MATIC,2018,72500,Gasoline,362.0HP 3.0L V6 Cylinder Engine Gasoline Fuel,Automatic,Black,Black,None reported,Yes,"$60,000",362.0,3.0,V6,5.0
1680,1680,Porsche,911 GT3,2023,265,Gasoline,4.0L H6 24V GDI DOHC,Manual,Black,Gray,None reported,Yes,"$279,950",502.0,4.0,H6,2.0
1681,1681,Mercedes-Benz,AMG GT 63 S 4-Door,2020,21214,Gasoline,4.0L V8 32V GDI DOHC Twin Turbo,Automatic,Obsidian Black Metallic,Black,None reported,No,"$117,900",630.0,4.0,V8,4.0
1682,1682,Audi,Q5 3.0 TDI Premium Plus,2014,55564,Diesel,240.0HP 3.0L V6 Cylinder Engine Diesel Fuel,Automatic,Black,Black,At least 1 accident or damage reported,Yes,"$22,500",240.0,3.0,V6,5.0
1683,1683,Cadillac,LYRIQ Luxury,2023,1090,not defined,500.0HP Electric Motor Electric Fuel System,Automatic,Gray,Silver,None reported,Yes,"$68,750",500.0,0.0,Electric,5.0
1684,1684,Volvo,XC60 T5 R-Design,2019,43500,Gasoline,250.0HP 2.0L 4 Cylinder Engine Gasoline Fuel,Dual Shift,Gray,Black,None reported,Yes,"$30,000",250.0,2.0,I4,5.0
1685,1685,Mercedes-Benz,AMG GT 53 Base,2019,35000,Hybrid,429.0HP 3.0L Straight 6 Cylinder Engine Gasoline/Mild Electric Hybrid,Dual Shift,Black,Black,None reported,Yes,"$83,000",429.0,3.0,I6,4.0
1686,1686,GMC,Yukon SLT,2017,92031,Gasoline,355.0HP 5.3L 8 Cylinder Engine Gasoline Fuel,Automatic,White,Beige,At least 1 accident or damage reported,Yes,"$30,000",355.0,5.3,V8,7.0
1687,1687,Lexus,GS 350 Base,2016,128032,Gasoline,311.0HP 3.5L V6 Cylinder Engine Gasoline Fuel,Dual Shift,Silver,Black,None reported,Yes,"$18,000",311.0,3.5,V6,5.0
1688,1688,Jaguar,XF 25t Premium,2018,18800,Gasoline,247.0HP 2.0L 4 Cylinder Engine Gasoline Fuel,Automatic,White,White,None reported,Yes,"$26,000",247.0,2.0,I4,5.0
1689,1689,BMW,M8 Gran Coupe Competition,2023,2900,Gasoline,617.0HP 4.4L 8 Cylinder Engine Gasoline Fuel,Automatic,Green,Gray,None reported,Yes,"$117,500",617.0,4.4,V8,4.0
1690,1690,Honda,Ridgeline Black Edition,2017,91600,Gasoline,280.0HP 3.5L V6 Cylinder Engine Gasoline Fuel,Automatic,Black,Black,None reported,Yes,"$26,000",280.0,3.5,V6,5.0
1691,1691,Toyota,4Runner SR5,2019,91843,Gasoline,270.0HP 4.0L V6 Cylinder Engine Gasoline Fuel,Automatic,Blue,Black,At least 1 accident or damage reported,Yes,"$30,500",270.0,4.0,V6,5.0
1692,1692,Ford,Bronco Sport Outer Banks,2021,28105,Gasoline,1.5L I3 12V PDI DOHC Turbo,Automatic,Kodiak Brown Metallic,Ebony,not defined,No,"$32,455",181.0,1.5,I3,5.0
1693,1693,Dodge,Charger R/T 392,2017,73350,Gasoline,485.0HP 6.4L 8 Cylinder Engine Gasoline Fuel,Automatic,Gray,Red,None reported,Yes,"$37,000",485.0,6.4,V8,5.0
1694,1694,Mercedes-Benz,GLC 300 GLC 300,2022,11875,Gasoline,2.0 Liter Turbo,Automatic,Black,Black,None reported,No,"$41,598",255.0,2.0,I4,5.0
1695,1695,Tesla,Model S P100D,2018,47000,not defined,518.0HP Electric Motor Electric Fuel System,Automatic,Black,Black,None reported,Yes,"$49,900",518.0,0.0,Electric,5.0
1696,1696,INFINITI,Q50 3.0t Signature Edition,2017,67000,Gasoline,300.0HP 3.0L V6 Cylinder Engine Gasoline Fuel,Dual Shift,Black,Black,None reported,Yes,"$23,000",300.0,3.0,V6,5.0
1697,1697,BMW,340 i,2016,117660,Gasoline,320.0HP 3.0L Straight 6 Cylinder Engine Gasoline Fuel,Automatic,White,Black,At least 1 accident or damage reported,Yes,"$19,500",320.0,3.0,I6,5.0
1698,1698,Pontiac,Firebird Trans Am,2001,71448,Gasoline,200.0HP 3.8L V6 Cylinder Engine Gasoline Fuel,Automatic,Gray,Black,None reported,Yes,"$10,500",200.0,3.8,V6,4.0
1699,1699,Nissan,NV Passenger NV3500 HD SV V8,2015,86000,Gasoline,317.0HP 5.6L 8 Cylinder Engine Gasoline Fuel,Automatic,Silver,Gray,None reported,Yes,"$29,500",317.0,5.6,V8,8.0
1700,1700,Lexus,ES 350 Base,2020,15324,Gasoline,3.5L V6 24V PDI DOHC,Automatic,Black,Black,At least 1 accident or damage reported,No,"$33,364",268.0,3.5,V6,5.0
1701,1701,BMW,135 is,2013,29400,Gasoline,320.0HP 3.0L Straight 6 Cylinder Engine Gasoline Fuel,Manual,White,Beige,None reported,Yes,"$29,000",320.0,3.0,I6,4.0
1702,1702,Lexus,IS 300 Base,2017,68871,Gasoline,255.0HP 3.5L V6 Cylinder Engine Gasoline Fuel,Automatic,Silver,Red,None reported,Yes,"$28,450",255.0,3.5,V6,5.0
1703,1703,Porsche,Cayenne S,2012,126000,Gasoline,400.0HP 4.8L 8 Cylinder Engine Gasoline Fuel,Dual Shift,Silver,Gray,None reported,Yes,"$17,999",400.0,4.8,V8,5.0
1704,1704,Pontiac,Solstice GXP,2007,25718,Gasoline,260.0HP 2.0L 4 Cylinder Engine Gasoline Fuel,Manual,Yellow,Black,None reported,Yes,"$17,900",260.0,2.0,I4,2.0
1705,1705,Porsche,Panamera Turbo,2015,67210,Gasoline,520.0HP 4.8L 8 Cylinder Engine Gasoline Fuel,Dual Shift,Blue,Beige,At least 1 accident or damage reported,Yes,"$51,950",520.0,4.8,V8,4.0
1706,1706,BMW,X6 xDrive35i,2018,27214,Gasoline,300.0HP 3.0L Straight 6 Cylinder Engine Gasoline Fuel,Dual Shift,Black,Black,At least 1 accident or damage reported,Yes,"$40,950",300.0,3.0,I6,5.0
1707,1707,Ford,F-150 Limited,2019,42728,Gasoline,450.0HP 3.5L V6 Cylinder Engine Gasoline Fuel,Dual Shift,Black,Brown,None reported,Yes,"$45,950",450.0,3.5,V6,5.0
1708,1708,MINI,Cooper S Base,2010,97395,Gasoline,172.0HP 1.6L 4 Cylinder Engine Gasoline Fuel,Manual,Yellow,Black,None reported,Yes,"$6,699",172.0,1.6,I4,4.0
1709,1709,Mazda,Mazda3 i SV,2015,91700,Gasoline,155.0HP 2.0L 4 Cylinder Engine Gasoline Fuel,Automatic,Red,Black,None reported,Yes,"$12,000",155.0,2.0,I4,5.0
1710,1710,Mitsubishi,Lancer Evolution MR,2011,94500,Gasoline,291.0HP 2.0L 4 Cylinder Engine Gasoline Fuel,Dual Shift,White,Black,None reported,Yes,"$27,000",291.0,2.0,I4,4.0
1711,1711,Chevrolet,Tahoe LTZ,2014,196300,E85 Flex Fuel,320.0HP 5.3L 8 Cylinder Engine Flex Fuel Capability,Automatic,Black,Black,None reported,Yes,"$10,995",320.0,5.3,V8,7.0
1712,1712,Cadillac,CTS 3.6L Luxury,2015,54259,Gasoline,3.6L V6 24V GDI DOHC,Automatic,Majestic Plum Metallic,Light Platinum / Jet Black,None reported,Yes,"$19,425",335.0,3.6,V6,5.0
1713,1713,Acura,RDX w/Advance Package,2021,36267,Gasoline,2.0 Liter Turbo,Automatic,White,Parchment,None reported,No,"$39,798",272.0,2.0,I4,5.0
1714,1714,Land,Rover Range Rover Sport Supercharged HSE,2015,175000,Gasoline,340.0HP 3.0L V6 Cylinder Engine Gasoline Fuel,Automatic,Black,Black,None reported,Yes,"$19,500",340.0,3.0,V6,5.0
1715,1715,Chevrolet,Suburban 1500 LTZ,2015,159000,Gasoline,355.0HP 5.3L 8 Cylinder Engine Gasoline Fuel,Automatic,White,Beige,At least 1 accident or damage reported,Yes,"$26,900",355.0,5.3,V8,8.0
1716,1716,Chevrolet,Camaro 2SS,2016,74000,Gasoline,455.0HP 6.2L 8 Cylinder Engine Gasoline Fuel,Automatic,Black,Black,None reported,Yes,"$32,000",455.0,6.2,V8,4.0
1717,1717,Chevrolet,Silverado 1500 Hybrid 1HY,2011,82963,Hybrid,332.0HP 6.0L 8 Cylinder Engine Gas/Electric Hybrid,Automatic,White,Black,None reported,Yes,"$20,995",332.0,6.0,V8,5.0
1718,1718,Cadillac,XT5 Luxury,2019,54323,Gasoline,3.6 Liter DOHC,Automatic,Red,Beige,None reported,No,"$27,998",310.0,3.6,V6,5.0
1719,1719,Nissan,Armada SL,2019,59980,Gasoline,390.0HP 5.6L 8 Cylinder Engine Gasoline Fuel,Automatic,Silver,Black,None reported,Yes,"$29,000",390.0,5.6,V8,8.0
1720,1720,Audi,Q5 S line Premium,2022,10120,Hybrid,2.0 Liter TFSI,Automatic,Navarre Blue,Gray,None reported,No,"$39,998",248.0,2.0,I4,5.0
1721,1721,BMW,X6 M Base,2017,25000,Gasoline,567.0HP 4.4L 8 Cylinder Engine Gasoline Fuel,Dual Shift,White,Red,At least 1 accident or damage reported,Yes,"$65,000",567.0,4.4,V8,4.0
1722,1722,BMW,740 i,2012,126000,Gasoline,326.0HP 3.0L Straight 6 Cylinder Engine Gasoline Fuel,Automatic,Black,Black,At least 1 accident or damage reported,Yes,"$12,700",326.0,3.0,I6,5.0
1723,1723,Toyota,Sequoia TRD Pro,2020,37428,Gasoline,381.0HP 5.7L 8 Cylinder Engine Gasoline Fuel,Automatic,White,Black,None reported,Yes,"$61,599",381.0,5.7,V8,8.0
1724,1724,Volkswagen,Jetta GLI,2014,99499,Gasoline,210.0HP 2.0L 4 Cylinder Engine Gasoline Fuel,Dual Shift,Black,Black,At least 1 accident or damage reported,Yes,"$15,000",210.0,2.0,I4,5.0
1725,1725,Honda,Crosstour EX-L,2012,90742,Gasoline,192.0HP 2.4L 4 Cylinder Engine Gasoline Fuel,Automatic,Gray,Gray,None reported,Yes,"$12,980",192.0,2.4,I4,5.0
1726,1726,Land,Rover Range Rover Sport Supercharged,2014,125000,E85 Flex Fuel,510.0HP 5.0L 8 Cylinder Engine Flex Fuel Capability,Automatic,White,Brown,At least 1 accident or damage reported,Yes,"$22,500",510.0,5.0,V8,5.0
1727,1727,Hyundai,Santa Fe Sport 2.0L Turbo Ultimate,2018,71669,Gasoline,240.0HP 2.0L 4 Cylinder Engine Gasoline Fuel,Automatic,Blue,Black,None reported,Yes,"$20,000",240.0,2.0,I4,5.0
1728,1728,Cadillac,XT5 Luxury,2019,44692,Gasoline,3.6L V6 24V GDI DOHC,Automatic,Bronze Dune Metallic,Shara Beige,None reported,No,"$32,368",310.0,3.6,V6,5.0
1729,1729,Jaguar,F-TYPE R,2018,16002,Gasoline,550.0HP 5.0L 8 Cylinder Engine Gasoline Fuel,Automatic,Black,Red,None reported,Yes,"$74,900",550.0,5.0,V8,2.0
1730,1730,Toyota,FJ Cruiser Base,2014,86000,Gasoline,260.0HP 4.0L V6 Cylinder Engine Gasoline Fuel,Automatic,Blue,Black,None reported,Yes,"$41,500",260.0,4.0,V6,5.0
1731,1731,Toyota,Tundra SR5,2019,56000,Gasoline,381.0HP 5.7L 8 Cylinder Engine Gasoline Fuel,Automatic,Blue,Black,None reported,Yes,"$42,000",381.0,5.7,V6,5.0
1732,1732,Nissan,300ZX Base,1993,168000,not defined,–,Manual,White,Black,None reported,Yes,"$7,000",300.0,3.0,V6,2.0
1733,1733,RAM,1500 Sport,2017,41789,Gasoline,395.0HP 5.7L 8 Cylinder Engine Gasoline Fuel,Automatic,Green,Black,At least 1 accident or damage reported,Yes,"$42,500",395.0,5.7,V8,5.0
1734,1734,Ford,Focus SE,2014,60109,E85 Flex Fuel,160.0HP 2.0L 4 Cylinder Engine Flex Fuel Capability,Automatic,Gray,Black,None reported,Yes,"$9,499",160.0,2.0,I4,5.0
1735,1735,Mercedes-Benz,GLE 350 Base 4MATIC,2020,48000,Gasoline,255.0HP 2.0L 4 Cylinder Engine Gasoline Fuel,Automatic,Black,Black,None reported,Yes,"$49,995",255.0,2.0,I4,5.0
1736,1736,Acura,TL Type S,2008,122000,Gasoline,286.0HP 3.5L V6 Cylinder Engine Gasoline Fuel,Dual Shift,Gray,Beige,None reported,Yes,"$11,500",286.0,3.5,V6,5.0
1737,1737,Land,Rover Range Rover HSE,2012,102800,Gasoline,385.0HP 5.0L 8 Cylinder Engine Gasoline Fuel,Automatic,Gold,Brown,None reported,Yes,"$16,000",385.0,5.0,V8,5.0
1738,1738,MINI,Convertible Cooper,2022,15544,Gasoline,134.0HP 1.5L 3 Cylinder Engine Gasoline Fuel,Automatic,Blue,Brown,not defined,No,"$28,000",134.0,1.5,I3,4.0
1739,1739,Mazda,CX-9 Signature,2019,69771,Gasoline,227.0HP 2.5L 4 Cylinder Engine Gasoline Fuel,Automatic,Black,Red,None reported,Yes,"$27,500",227.0,2.5,I4,7.0
1740,1740,Acura,TLX Tech,2023,2118,Gasoline,2.0 Liter DOHC Turbo,Automatic,Red,Black,None reported,No,"$41,998",272.0,2.0,I4,5.0
1741,1741,Ford,F-150 Raptor,2021,28260,Gasoline,450.0HP 3.5L V6 Cylinder Engine Gasoline Fuel,Automatic,Blue,Blue,None reported,Yes,"$72,950",450.0,3.5,V6,5.0
1742,1742,Honda,Civic Si Base,2020,6025,Gasoline,205.0HP 1.5L 4 Cylinder Engine Gasoline Fuel,Manual,Gray,Gray,None reported,Yes,"$27,500",205.0,1.5,I4,5.0
1743,1743,Hyundai,Elantra SE,2018,32697,Gasoline,147.0HP 2.0L 4 Cylinder Engine Gasoline Fuel,Automatic,Gray,Gray,At least 1 accident or damage reported,Yes,"$15,900",147.0,2.0,I4,5.0
1744,1744,Ford,Excursion Limited,2001,239000,Gasoline,310.0HP 6.8L 10 Cylinder Engine Gasoline Fuel,Automatic,White,–,None reported,Yes,"$8,000",310.0,6.8,V10,8.0
1745,1745,Jaguar,F-TYPE S British Design Edition,2017,34150,Gasoline,380.0HP 3.0L V6 Cylinder Engine Gasoline Fuel,Automatic,Black,Black,None reported,Yes,"$45,999",380.0,3.0,V6,2.0
1746,1746,Honda,Ridgeline RTL-E,2022,9642,Gasoline,3.5L V6 24V GDI SOHC,Automatic,Radiant Red Metallic II,Black,None reported,No,"$38,999",280.0,3.5,V6,5.0
1747,1747,Pontiac,G6 GTP,2006,100545,Gasoline,201.0HP 3.5L V6 Cylinder Engine Gasoline Fuel,Automatic,Gray,Black,None reported,Yes,"$5,995",201.0,3.5,V6,5.0
1748,1748,Mercedes-Benz,C-Class C300 4MATIC,2021,11111,Gasoline,2.0 Liter Turbo,Automatic,Gray,Black,None reported,No,"$38,998",255.0,2.0,I4,5.0
1749,1749,Toyota,FJ Cruiser Base,2007,162000,Gasoline,239.0HP 4.0L V6 Cylinder Engine Gasoline Fuel,Automatic,Black,Black,None reported,Yes,"$23,977",239.0,4.0,V6,5.0
1750,1750,Buick,Enclave Premium,2020,87555,Gasoline,3.6L V6 24V GDI DOHC,Automatic,Dark Moon Blue Metallic,Dark Galvanized,At least 1 accident or damage reported,Yes,"$31,650",310.0,3.6,V6,7.0
1751,1751,Chevrolet,Tahoe LTZ,2015,102200,Gasoline,355.0HP 5.3L 8 Cylinder Engine Gasoline Fuel,Automatic,Silver,Black,None reported,Yes,"$25,000",355.0,5.3,V8,7.0
1752,1752,Bentley,Continental GTC V8,2013,18950,Gasoline,500.0HP 4.0L 8 Cylinder Engine Gasoline Fuel,Dual Shift,White,Black,None reported,Yes,"$77,999",500.0,4.0,V8,4.0
1753,1753,Mercedes-Benz,SLK-Class SLK 350,2015,16000,Gasoline,302.0HP 3.5L V6 Cylinder Engine Gasoline Fuel,Automatic,White,Red,At least 1 accident or damage reported,Yes,"$30,500",302.0,3.5,V6,2.0
1754,1754,Cadillac,Escalade Premium Luxury,2022,19250,Gasoline,420.0HP 6.2L 8 Cylinder Engine Gasoline Fuel,Automatic,Black,Black,None reported,Yes,"$86,999",420.0,6.2,V8,7.0
1755,1755,BMW,535 i xDrive,2015,65000,Gasoline,300.0HP 3.0L Straight 6 Cylinder Engine Gasoline Fuel,Dual Shift,Silver,Black,None reported,Yes,"$24,995",300.0,3.0,I6,5.0
1756,1756,MINI,Cooper S Base,2007,110022,Gasoline,172.0HP 1.6L 4 Cylinder Engine Gasoline Fuel,Manual,Silver,Black,None reported,Yes,"$6,250",172.0,1.6,I4,4.0
1757,1757,Bentley,Continental GT Base,2012,79089,E85 Flex Fuel,567.0HP 6.0L 12 Cylinder Engine Flex Fuel Capability,Automatic,White,Beige,None reported,Yes,"$46,999",567.0,6.0,V12,2.0
1758,1758,Lexus,GX 460 Premium,2023,2533,Gasoline,301.0HP 4.6L 8 Cylinder Engine Gasoline Fuel,Automatic,Black,Black,None reported,Yes,"$64,900",301.0,4.6,V8,7.0
1759,1759,Audi,Q7 3.0T Premium Plus,2014,96273,Gasoline,280.0HP 3.0L V6 Cylinder Engine Gasoline Fuel,Automatic,Silver,Black,At least 1 accident or damage reported,Yes,"$15,495",280.0,3.0,V6,7.0
1760,1760,Cadillac,CT6 Luxury,2020,22187,Gasoline,3.6L V6 24V GDI DOHC,Automatic,Manhattan Noir Metallic,Shara Beige,At least 1 accident or damage reported,Yes,"$45,480",335.0,3.6,V6,5.0
1761,1761,GMC,Sierra 1500 SL Crew Cab,2009,137000,Gasoline,295.0HP 4.8L 8 Cylinder Engine Gasoline Fuel,Automatic,Red,–,None reported,Yes,"$20,000",295.0,4.8,V8,5.0
1762,1762,Nissan,GT-R Premium,2009,60747,Gasoline,480.0HP 3.8L V6 Cylinder Engine Gasoline Fuel,Automatic,White,–,At least 1 accident or damage reported,Yes,"$71,999",480.0,3.8,V6,2.0
1763,1763,Dodge,Ram 1500 ST,2007,36500,Gasoline,210.0HP 3.7L V6 Cylinder Engine Gasoline Fuel,Automatic,Blue,Gray,None reported,Yes,"$16,000",210.0,3.7,V6,5.0
1764,1764,Ford,Bronco Outer Banks,2021,19590,Gasoline,315.0HP 2.7L V6 Cylinder Engine Gasoline Fuel,Automatic,Blue,Gray,None reported,Yes,"$54,999",315.0,2.7,V6,5.0
1765,1765,Nissan,GT-R Black Edition,2015,16850,Gasoline,545.0HP 3.8L V6 Cylinder Engine Gasoline Fuel,Dual Shift,White,Black,None reported,Yes,"$95,000",545.0,3.8,V6,2.0
1766,1766,Cadillac,Escalade ESV Sport,2021,4500,Gasoline,420.0HP 6.2L 8 Cylinder Engine Gasoline Fuel,Automatic,White,Beige,not defined,No,"$105,000",420.0,6.2,V8,7.0
1767,1767,Chevrolet,Cruze LT,2012,194000,Gasoline,138.0HP 1.4L 4 Cylinder Engine Gasoline Fuel,Automatic,Gray,White,At least 1 accident or damage reported,Yes,"$4,900",138.0,1.4,I4,5.0
1768,1768,Lexus,GX 460 Base,2020,48210,Gasoline,4.6L V8 32V MPFI DOHC,Automatic,Nebula Gray Pearl,Rioja Red,At least 1 accident or damage reported,Yes,"$47,449",301.0,4.6,V8,5.0
1769,1769,BMW,750 i,2018,81500,Gasoline,445.0HP 4.4L 8 Cylinder Engine Gasoline Fuel,Automatic,White,White,None reported,Yes,"$41,250",445.0,4.4,V8,5.0
1770,1770,Ford,F-150 XLT,2021,77107,Gasoline,3.5L V6 24V PDI DOHC Twin Turbo,Automatic,Agate Black Metallic,Black,not defined,No,"$39,995",400.0,3.5,V6,5.0
1771,1771,BMW,535 i xDrive,2015,58664,Gasoline,300.0HP 3.0L Straight 6 Cylinder Engine Gasoline Fuel,Automatic,Blue,Gray,At least 1 accident or damage reported,Yes,"$20,950",300.0,3.0,I6,5.0
1772,1772,Mitsubishi,Montero Limited,2004,145000,Gasoline,215.0HP 3.8L V6 Cylinder Engine Gasoline Fuel,Automatic,Silver,Black,None reported,Yes,"$8,950",215.0,3.8,V6,7.0
1773,1773,Lexus,LS 500 F Sport,2018,15055,Gasoline,416.0HP 3.5L V6 Cylinder Engine Gasoline Fuel,Automatic,White,Black,None reported,Yes,"$59,000",416.0,3.5,V6,5.0
1774,1774,Tesla,Model S 85D,2015,67647,not defined,422.0HP Electric Motor Electric Fuel System,Automatic,Blue,Beige,None reported,Yes,"$28,000",422.0,0.0,Electric,5.0
1775,1775,Lexus,LC 500 Base,2021,915,Gasoline,471.0HP 5.0L 8 Cylinder Engine Gasoline Fuel,Automatic,Blue,White,None reported,Yes,"$159,000",471.0,5.0,V8,2.0
1776,1776,Mazda,MX-5 Miata Shinsen,2003,46873,Gasoline,142.0HP 1.8L 4 Cylinder Engine Gasoline Fuel,Manual,Gray,Blue,None reported,Yes,"$11,500",142.0,1.8,I4,2.0
1777,1777,Cadillac,Escalade ESV Premium Luxury,2021,53169,Gasoline,420.0HP 6.2L 8 Cylinder Engine Gasoline Fuel,Automatic,Black,Black,None reported,Yes,"$81,500",420.0,6.2,V8,7.0
1778,1778,Lexus,GX 460 Premium,2022,35700,Gasoline,301.0HP 4.6L 8 Cylinder Engine Gasoline Fuel,Automatic,Silver,Gray,At least 1 accident or damage reported,Yes,"$51,900",301.0,4.6,V8,7.0
1779,1779,Nissan,Pathfinder Platinum,2014,112600,Gasoline,260.0HP 3.5L V6 Cylinder Engine Gasoline Fuel,Automatic,Black,Black,At least 1 accident or damage reported,Yes,"$13,000",260.0,3.5,V6,7.0
1780,1780,GMC,Yukon SLE,2015,112552,Gasoline,5.3L V8 16V GDI OHV,Automatic,Onyx Black,Jet Black,At least 1 accident or damage reported,Yes,"$24,440",355.0,5.3,V8,8.0
1781,1781,BMW,M3 Base,2003,127273,Gasoline,333.0HP 3.2L Straight 6 Cylinder Engine Gasoline Fuel,Manual,Silver,Black,None reported,Yes,"$15,000",333.0,3.2,I6,4.0
1782,1782,Lexus,IS 250 Base,2007,189887,Gasoline,204.0HP 2.5L V6 Cylinder Engine Gasoline Fuel,Automatic,White,–,At least 1 accident or damage reported,Yes,"$3,995",204.0,2.5,V6,5.0
1783,1783,BMW,640 i,2012,76465,Gasoline,315.0HP 3.0L Straight 6 Cylinder Engine Gasoline Fuel,Automatic,White,Beige,At least 1 accident or damage reported,Yes,"$22,500",315.0,3.0,Straight 6,5.0
1784,1784,Mitsubishi,Eclipse Spyder GT,2007,136400,Gasoline,260.0HP 3.8L V6 Cylinder Engine Gasoline Fuel,Automatic,Red,Gray,At least 1 accident or damage reported,Yes,"$6,750",260.0,3.8,V6,4.0
1785,1785,Ford,Thunderbird Deluxe,2004,79635,Gasoline,280.0HP 3.9L 8 Cylinder Engine Gasoline Fuel,Automatic,Gray,Black,None reported,Yes,"$13,500",280.0,3.9,V8,4.0
1786,1786,Tesla,Model Y Long Range,2022,4665,not defined,Dual Motor - Standard,Automatic,Silver,Black,None reported,No,"$46,598",425.0,0.0,Electric,5.0
1787,1787,Buick,Enclave 1XL,2011,170000,Gasoline,288.0HP 3.6L V6 Cylinder Engine Gasoline Fuel,Automatic,Gold,Beige,At least 1 accident or damage reported,Yes,"$4,000",288.0,3.6,V6,7.0
1788,1788,Ford,F-150 XLT,2018,67650,Gasoline,375.0HP 3.5L V6 Cylinder Engine Gasoline Fuel,Automatic,Blue,Gray,None reported,Yes,"$30,000",375.0,3.5,V6,5.0
1789,1789,Lexus,ES 350 Base,2016,119850,Gasoline,268.0HP 3.5L V6 Cylinder Engine Gasoline Fuel,Automatic,White,Beige,None reported,Yes,"$19,000",268.0,3.5,V6,5.0
1790,1790,Acura,TL Type S,2008,116500,Gasoline,286.0HP 3.5L V6 Cylinder Engine Gasoline Fuel,Manual,Red,Black,None reported,Yes,"$15,999",286.0,3.5,V6,5.0
1791,1791,Mercury,Capri XR2,1993,120644,not defined,–,Manual,Green,Gray,None reported,Yes,"$4,200",150.0,1.6,I4,2.0
1792,1792,Ford,Transit Connect XLT,2010,169802,Gasoline,2.0L I4 16V MPFI DOHC,Automatic,Frozen White,Dark Gray,None reported,Yes,"$9,985",169.0,2.0,I4,5.0
1793,1793,BMW,X3 M40i,2021,36905,Gasoline,382.0HP 3.0L Straight 6 Cylinder Engine Gasoline Fuel,Dual Shift,Blue,Beige,None reported,Yes,"$50,000",382.0,3.0,I6,5.0
1794,1794,Jeep,Gladiator Willys,2022,8400,Gasoline,285.0HP 3.6L V6 Cylinder Engine Gasoline Fuel,Automatic,Black,Black,At least 1 accident or damage reported,Yes,"$47,000",285.0,3.6,V6,5.0
1795,1795,Hummer,H2 Base,2003,149961,Gasoline,316.0HP 6.0L 8 Cylinder Engine Gasoline Fuel,Automatic,Beige,Beige,At least 1 accident or damage reported,Yes,"$12,500",316.0,6.0,V8,5.0
1796,1796,Mercedes-Benz,C-Class C 63 AMG,2014,84500,Gasoline,451.0HP 6.2L 8 Cylinder Engine Gasoline Fuel,Automatic,White,Black,None reported,Yes,"$41,500",451.0,6.2,V8,5.0
1797,1797,Lamborghini,Aventador LP700-4,2016,3254,Gasoline,6.5L V12 48V MPFI DOHC,Automatic,Bianco Isis,Giallo Taurus / Nero Ade,None reported,No,"$399,900",700.0,6.5,V12,2.0
1798,1798,Mercedes-Benz,G-Class G 550 4MATIC,2016,96000,Gasoline,416.0HP 4.0L 8 Cylinder Engine Gasoline Fuel,Automatic,Blue,Brown,None reported,Yes,"$65,000",416.0,4.0,V8,5.0
1799,1799,Nissan,GT-R Premium,2009,88000,Gasoline,480.0HP 3.8L V6 Cylinder Engine Gasoline Fuel,Dual Shift,White,White,At least 1 accident or damage reported,Yes,"$57,000",480.0,3.8,V6,2.0
1800,1800,Audi,R8 4.2 quattro Spyder,2011,35322,Gasoline,4.2L V8 32V GDI DOHC,Manual,Phantom Black Pearl Effect / Black Roof,Red,None reported,No,"$94,900",420.0,4.2,V8,2.0
1801,1801,Acura,TLX A-Spec,2020,32500,Gasoline,206.0HP 2.4L 4 Cylinder Engine Gasoline Fuel,Automatic,White,Red,None reported,Yes,"$32,000",206.0,2.4,I4,5.0
1802,1802,Audi,A6 3.0T Premium Plus,2016,71280,Gasoline,333.0HP 3.0L V6 Cylinder Engine Gasoline Fuel,Automatic,Silver,Black,None reported,Yes,"$22,000",333.0,3.0,V6,5.0
1803,1803,Porsche,Panamera 2,2011,37200,Gasoline,300.0HP 3.6L V6 Cylinder Engine Gasoline Fuel,Automatic,Black,Beige,None reported,Yes,"$27,500",300.0,3.6,V6,4.0
1804,1804,Saturn,Sky Red Line,2008,94291,Gasoline,260.0HP 2.0L 4 Cylinder Engine Gasoline Fuel,Automatic,White,–,None reported,Yes,"$14,500",260.0,2.0,I4,2.0
1805,1805,Maserati,Coupe Cambiocorsa,2006,54082,Gasoline,390.0HP 4.2L 8 Cylinder Engine Gasoline Fuel,Dual Shift,Blue,Beige,None reported,Yes,"$17,000",390.0,4.2,V8,2.0
1806,1806,Volvo,XC90 Recharge Plug-In Hybrid T8 Inscription 7 Passenger,2022,7800,Plug-In Hybrid,455.0HP 2.0L 4 Cylinder Engine Plug-In Electric/Gas,Automatic,Black,Beige,None reported,Yes,"$66,000",455.0,2.0,I4,7.0
1807,1807,Jeep,Wrangler Sport,2016,86250,Gasoline,285.0HP 3.6L V6 Cylinder Engine Gasoline Fuel,Automatic,White,Black,None reported,Yes,"$22,000",285.0,3.6,V6,5.0
1808,1808,BMW,X5 xDrive50i,2016,75479,Gasoline,445.0HP 4.4L 8 Cylinder Engine Gasoline Fuel,Dual Shift,Silver,Black,None reported,Yes,"$27,899",445.0,4.4,V8,5.0
1809,1809,BMW,750 i,2017,24650,Gasoline,445.0HP 4.4L 8 Cylinder Engine Gasoline Fuel,Automatic,Silver,Black,None reported,Yes,"$50,000",445.0,4.4,V8,5.0
1810,1810,Volkswagen,Golf R 4-Door,2013,102750,Gasoline,256.0HP 2.0L 4 Cylinder Engine Gasoline Fuel,Manual,Black,Black,None reported,Yes,"$20,000",256.0,2.0,I4,5.0
1811,1811,Alfa,Romeo Stelvio Base,2018,50000,Gasoline,280.0HP 2.0L 4 Cylinder Engine Gasoline Fuel,Automatic,Brown,Brown,None reported,Yes,"$27,500",280.0,2.0,I4,5.0
1812,1812,BMW,X5 xDrive35i,2017,72700,Gasoline,300.0HP 3.0L Straight 6 Cylinder Engine Gasoline Fuel,Automatic,Gray,Black,None reported,Yes,"$27,499",300.0,3.0,Straight 6,5.0
1813,1813,BMW,X6 M Base,2018,54293,Gasoline,567.0HP 4.4L 8 Cylinder Engine Gasoline Fuel,Automatic,Black,Beige,At least 1 accident or damage reported,Yes,"$49,000",567.0,4.4,V8,4.0
1814,1814,Lexus,IS 300 Base,2018,16000,Gasoline,260.0HP 3.5L V6 Cylinder Engine Gasoline Fuel,Automatic,Blue,Brown,At least 1 accident or damage reported,Yes,"$30,500",260.0,3.5,V6,5.0
1815,1815,Lamborghini,Gallardo SE,2006,19500,Gasoline,493.0HP 5.0L 10 Cylinder Engine Gasoline Fuel,Automatic,Green,Yellow,None reported,Yes,"$129,000",493.0,5.0,V10,2.0
1816,1816,BMW,428 i,2014,71000,Gasoline,240.0HP 2.0L 4 Cylinder Engine Gasoline Fuel,Dual Shift,White,Black,At least 1 accident or damage reported,Yes,"$16,700",240.0,2.0,I4,5.0
1817,1817,BMW,X5 xDrive40i,2019,60000,Gasoline,335.0HP 3.0L Straight 6 Cylinder Engine Gasoline Fuel,Automatic,White,Beige,None reported,Yes,"$36,500",335.0,3.0,I6,5.0
1818,1818,Porsche,Boxster Base,1998,75539,Gasoline,201.0HP 2.5L Flat 6 Cylinder Engine Gasoline Fuel,Manual,Blue,Beige,None reported,Yes,"$11,995",201.0,2.5,Flat 6,2.0
1819,1819,Alfa,Romeo Giulia Base,2017,36000,Gasoline,280.0HP 2.0L 4 Cylinder Engine Gasoline Fuel,Automatic,White,Red,None reported,Yes,"$21,000",280.0,2.0,I4,5.0
1820,1820,Mercedes-Benz,C-Class C 300,2019,76422,Gasoline,2.0 Liter Turbo,Automatic,Black,Black,None reported,No,"$28,998",241.0,2.0,I4,5.0
1821,1821,Nissan,370Z NISMO Tech,2016,42600,Gasoline,350.0HP 3.7L V6 Cylinder Engine Gasoline Fuel,Automatic,Red,Black,At least 1 accident or damage reported,Yes,"$31,950",350.0,3.7,V6,2.0
1822,1822,Rivian,R1S Adventure Package,2023,211,not defined,835.0HP Electric Motor Electric Fuel System,Automatic,Blue,Black,None reported,Yes,"$99,000",835.0,0.0,Electric,7.0
1823,1823,Chevrolet,Suburban LT,2017,98888,Gasoline,6.0L 8 Cylinder Engine Gasoline Fuel,Automatic,White,Black,At least 1 accident or damage reported,Yes,"$29,000",355.0,6.0,V8,8.0
1824,1824,Ford,Fusion Hybrid SE,2019,64532,Hybrid,188.0HP 2.0L 4 Cylinder Engine Gas/Electric Hybrid,Automatic,Silver,Gray,At least 1 accident or damage reported,Yes,"$19,395",188.0,2.0,I4,5.0
1825,1825,BMW,X3 xDrive35i,2011,75500,Gasoline,300.0HP 3.0L Straight 6 Cylinder Engine Gasoline Fuel,Automatic,White,Black,None reported,Yes,"$12,975",300.0,3.0,I6,5.0
1826,1826,Buick,Envision Preferred,2019,32000,Gasoline,197.0HP 2.5L 4 Cylinder Engine Gasoline Fuel,Automatic,Black,Beige,None reported,Yes,"$27,000",197.0,2.5,I4,5.0
1827,1827,Buick,Envision Essence,2019,47839,Gasoline,2.5L I4 16V GDI DOHC,Automatic,Summit White,Ebony,None reported,Yes,"$24,991",197.0,2.5,I4,5.0
1828,1828,Porsche,Cayenne GTS,2013,98413,Gasoline,420.0HP 4.8L 8 Cylinder Engine Gasoline Fuel,Dual Shift,Green,Black,At least 1 accident or damage reported,Yes,"$34,900",420.0,4.8,V8,5.0
1829,1829,Audi,RS 5 2.9T,2022,9628,Gasoline,444.0HP 2.9L V6 Cylinder Engine Gasoline Fuel,Automatic,White,Black,None reported,Yes,"$78,500",444.0,2.9,V6,4.0
1830,1830,Jaguar,XK8 Base,1999,15000,Gasoline,290.0HP 4.0L 8 Cylinder Engine Gasoline Fuel,Automatic,Green,Beige,None reported,Yes,"$16,370",290.0,4.0,V8,2.0
1831,1831,Audi,R8 5.2 V10,2021,6397,Gasoline,5.2L V10 40V PDI DOHC,Automatic,Kemora Gray Metallic,Black / Express Red,None reported,No,"$172,900",610.0,5.2,V10,2.0
1832,1832,Honda,Pilot Black Edition,2022,22564,Gasoline,3.5 Liter,Automatic,Platinum White Pearl,Black,None reported,No,"$44,998",280.0,3.5,V6,8.0
1833,1833,Lexus,RX 350 Crafted Line F Sport,2015,110000,Gasoline,270.0HP 3.5L V6 Cylinder Engine Gasoline Fuel,Dual Shift,White,Black,None reported,Yes,"$28,000",270.0,3.5,V6,5.0
1834,1834,Mercedes-Benz,Sprinter 3500 High Roof,2022,105,Diesel,161.0HP 2.0L 4 Cylinder Engine Diesel Fuel,Automatic,Black,Orange,None reported,Yes,"$200,000",161.0,2.0,I4,8.0
1835,1835,Toyota,4Runner Limited,2004,186117,Gasoline,245.0HP 4.0L V6 Cylinder Engine Gasoline Fuel,Automatic,Black,Beige,None reported,Yes,"$13,000",245.0,4.0,V6,5.0
1836,1836,Jeep,Wrangler Sport,2002,103500,Gasoline,190.0HP 4.0L Straight 6 Cylinder Engine Gasoline Fuel,Manual,Yellow,Gray,None reported,Yes,"$12,500",190.0,4.0,I6,5.0
1837,1837,Cadillac,CT6-V 4.2L Blackwing Twin Turbo,2019,8074,Gasoline,4.2L V8 32V GDI DOHC Twin Turbo,Automatic,Manhattan Noir Metallic,Jet Black,None reported,No,"$76,700",550.0,4.2,V8,5.0
1838,1838,BMW,M3 Base,2011,43000,Gasoline,414.0HP 4.0L 8 Cylinder Engine Gasoline Fuel,Manual,Black,Black,None reported,Yes,"$50,900",414.0,4.0,I6,4.0
1839,1839,BMW,750 i,2015,70700,Gasoline,445.0HP 4.4L 8 Cylinder Engine Gasoline Fuel,Automatic,Blue,Black,At least 1 accident or damage reported,Yes,"$23,000",445.0,4.4,V8,5.0
1840,1840,Chevrolet,Trailblazer RS,2022,42479,Gasoline,1.3L I3 12V GDI DOHC Turbo,Automatic,Mosaic Black Metallic,Jet Black,None reported,Yes,"$28,495",155.0,1.3,I3,5.0
1841,1841,Ford,Excursion XLT 4WD,2000,205000,Gasoline,310.0HP 6.8L 10 Cylinder Engine Gasoline Fuel,Automatic,Black,Gray,At least 1 accident or damage reported,Yes,"$9,950",310.0,6.8,V10,8.0
1842,1842,Audi,SQ5 3.0T Premium Plus,2019,22300,Gasoline,349.0HP 3.0L V6 Cylinder Engine Gasoline Fuel,Automatic,Blue,Gray,None reported,Yes,"$38,999",349.0,3.0,V6,5.0
1843,1843,Ford,Expedition EL Limited,2017,104000,Gasoline,365.0HP 3.5L V6 Cylinder Engine Gasoline Fuel,Automatic,Black,Black,At least 1 accident or damage reported,Yes,"$19,995",365.0,3.5,V6,8.0
1844,1844,Ford,Bronco Sport Base,2022,13865,Gasoline,1.5L I3 12V PDI DOHC Turbo,Automatic,Shadow Black,Ebony,None reported,Yes,"$29,182",181.0,1.5,I3,5.0
1845,1845,BMW,M4 Competition xDrive,2022,15882,Gasoline,503.0HP 3.0L Straight 6 Cylinder Engine Gasoline Fuel,Automatic,Red,Silver,None reported,Yes,"$84,995",503.0,3.0,Straight 6,4.0
1846,1846,Land,Rover Defender,2022,12209,Gasoline,5.0L V8 32V GDI DOHC Supercharged,Automatic,Black,Black,None reported,No,"$104,900",518.0,5.0,V8,5.0
1847,1847,Mercedes-Benz,AMG GLC 43 AMG GLC 43,2021,10483,Gasoline,3.0 Liter Twin Turbo,Automatic,Graphite Grey Metallic,Black w/Red Stitching,None reported,No,"$60,998",385.0,3.0,V6,5.0
1848,1848,Nissan,GT-R Premium,2017,31150,Gasoline,565.0HP 3.8L V6 Cylinder Engine Gasoline Fuel,Dual Shift,Orange,Black,None reported,Yes,"$113,000",565.0,3.8,V6,2.0
1849,1849,Chrysler,200 C,2015,44000,E85 Flex Fuel,295.0HP 3.6L V6 Cylinder Engine Flex Fuel Capability,Automatic,White,Black,At least 1 accident or damage reported,Yes,"$12,700",295.0,3.6,V6,5.0
1850,1850,Hummer,H2 Base,2003,109000,Gasoline,316.0HP 6.0L 8 Cylinder Engine Gasoline Fuel,Automatic,Beige,Beige,None reported,Yes,"$17,500",316.0,6.0,V8,5.0
1851,1851,BMW,M4 Base,2020,31350,Gasoline,425.0HP 3.0L Straight 6 Cylinder Engine Gasoline Fuel,Dual Shift,Gray,Orange,None reported,Yes,"$62,450",425.0,3.0,I6,2.0
1852,1852,Audi,Q8 55 Premium Plus,2021,30000,Hybrid,335.0HP 3.0L V6 Cylinder Engine Gasoline/Mild Electric Hybrid,Automatic,Black,Black,None reported,Yes,"$62,000",335.0,3.0,V6,5.0
1853,1853,Land,Rover Range Rover HSE,2012,66500,Gasoline,385.0HP 5.0L 8 Cylinder Engine Gasoline Fuel,Automatic,Silver,Black,None reported,Yes,"$19,950",385.0,5.0,V8,5.0
1854,1854,Nissan,Frontier SV,2012,96600,Gasoline,261.0HP 4.0L V6 Cylinder Engine Gasoline Fuel,Automatic,Beige,Black,At least 1 accident or damage reported,Yes,"$17,000",261.0,4.0,V6,5.0
1855,1855,Toyota,Highlander LE Plus,2015,198000,Gasoline,270.0HP 3.5L V6 Cylinder Engine Gasoline Fuel,Automatic,White,Gray,None reported,Yes,"$14,000",270.0,3.5,V6,8.0
1856,1856,Audi,S4 3.0T Premium Plus,2013,91877,Gasoline,333.0HP 3.0L V6 Cylinder Engine Gasoline Fuel,Automatic,Black,Red,At least 1 accident or damage reported,Yes,"$24,000",333.0,3.0,V6,5.0
1857,1857,Ford,Expedition Max Limited,2018,45578,Gasoline,375.0HP 3.5L V6 Cylinder Engine Gasoline Fuel,Automatic,White,–,None reported,Yes,"$45,023",375.0,3.5,V6,8.0
1858,1858,BMW,228 i,2015,54000,Gasoline,240.0HP 2.0L 4 Cylinder Engine Gasoline Fuel,Manual,Black,Red,At least 1 accident or damage reported,Yes,"$19,996",240.0,2.0,I4,4.0
1859,1859,Land,Rover Range Rover Sport HST MHEV,2020,52000,Hybrid,395.0HP 3.0L Straight 6 Cylinder Engine Gasoline/Mild Electric Hybrid,Automatic,Gray,Black,None reported,Yes,"$55,000",395.0,3.0,I6,5.0
1860,1860,Mercedes-Benz,E-Class AMG E 53,2020,23044,Hybrid,3.0 Liter Turbo,Automatic,Emerald Green Metallic,Black/Saddle Brown,None reported,No,"$72,598",429.0,3.0,I6,5.0
1861,1861,Porsche,911 Carrera,2008,132500,Gasoline,325.0HP 3.6L Flat 6 Cylinder Engine Gasoline Fuel,Manual,Black,Black,None reported,Yes,"$35,000",325.0,3.6,H6,2.0
1862,1862,Dodge,Dakota SLT Quad Cab,2006,256000,Gasoline,4.7L 8 Cylinder Engine Gasoline Fuel,Automatic,Black,Gray,None reported,Yes,"$4,000",230.0,4.7,V8,5.0
1863,1863,Mercedes-Benz,SL-Class SL63 AMG Roadster,2009,31370,Gasoline,518.0HP 6.3L 8 Cylinder Engine Gasoline Fuel,Dual Shift,White,Brown,None reported,Yes,"$65,700",518.0,6.3,V8,2.0
1864,1864,Chrysler,Sebring LX,2008,67303,Gasoline,173.0HP 2.4L 4 Cylinder Engine Gasoline Fuel,Automatic,Blue,Blue,None reported,Yes,"$4,900",173.0,2.4,I4,5.0
1865,1865,Chevrolet,Corvette Stingray w/3LT,2021,12000,Gasoline,490.0HP 6.2L 8 Cylinder Engine Gasoline Fuel,Automatic,Blue,Black,At least 1 accident or damage reported,Yes,"$99,900",490.0,6.2,V8,2.0
1866,1866,Ford,Bronco Outer Banks,2023,16500,Gasoline,275.0HP 2.3L 4 Cylinder Engine Gasoline Fuel,Automatic,Blue,Gray,None reported,Yes,"$54,000",275.0,2.3,I4,5.0
1867,1867,Toyota,Tacoma TRD Pro,2018,28800,Gasoline,"3.5L V-6 port/direct injection, DOHC, VVT-iE variable valve cont",Manual,–,Black,None reported,No,"$42,900",278.0,3.5,V6,5.0
1868,1868,RAM,ProMaster 2500 High Roof,2019,88000,Gasoline,280.0HP 3.6L V6 Cylinder Engine Gasoline Fuel,Automatic,White,Black,At least 1 accident or damage reported,Yes,"$39,900",280.0,3.6,V6,2.0
1869,1869,Ford,Shelby GT350 Base,2018,18515,Gasoline,526.0HP 5.2L 8 Cylinder Engine Gasoline Fuel,Manual,White,Black,At least 1 accident or damage reported,Yes,"$60,867",526.0,5.2,V8,2.0
1870,1870,Tesla,Model 3 Performance,2018,92813,not defined,271.0HP Electric Motor Electric Fuel System,Automatic,Red,Black,None reported,Yes,"$30,499",271.0,0.0,Electric,5.0
1871,1871,Land,Rover Range Rover P530 SE LWB 7 Seat,2023,2100,Gasoline,523.0HP 4.4L 8 Cylinder Engine Gasoline Fuel,Automatic,Gray,Beige,None reported,Yes,"$172,000",523.0,4.4,V8,7.0
1872,1872,Volvo,XC60 T6 Inscription,2019,58600,Gasoline,330.0HP 2.0L 4 Cylinder Engine Gasoline Fuel,Automatic,White,White,At least 1 accident or damage reported,Yes,"$29,000",330.0,2.0,I4,5.0
1873,1873,Lexus,LS 460 Crafted Line,2015,74500,Gasoline,386.0HP 4.6L 8 Cylinder Engine Gasoline Fuel,Dual Shift,White,Red,None reported,Yes,"$33,900",386.0,4.6,V8,5.0
1874,1874,Tesla,Model S 100D,2018,33500,not defined,518.0HP Electric Motor Electric Fuel System,Automatic,Gray,Black,None reported,Yes,"$51,900",518.0,0.0,Electric,5.0
1875,1875,Cadillac,XT6 Premium Luxury AWD,2023,222,Gasoline,310.0HP 3.6L V6 Cylinder Engine Gasoline Fuel,Automatic,White,Black,None reported,Yes,"$69,000",310.0,3.6,V6,7.0
1876,1876,Chevrolet,Avalanche 1500 LTZ,2007,75124,E85 Flex Fuel,310.0HP 5.3L 8 Cylinder Engine Flex Fuel Capability,Automatic,Red,Gray,None reported,Yes,"$16,499",310.0,5.3,V8,5.0
1877,1877,Chevrolet,Corvette Grand Sport,2013,15500,Gasoline,430.0HP 6.2L 8 Cylinder Engine Gasoline Fuel,Dual Shift,White,Blue,None reported,Yes,"$45,000",430.0,6.2,V8,2.0
1878,1878,Audi,Q8 55 Premium,2020,34300,Hybrid,335.0HP 3.0L V6 Cylinder Engine Gasoline/Mild Electric Hybrid,Automatic,Gray,Brown,None reported,Yes,"$52,500",335.0,3.0,V6,5.0
1879,1879,Honda,Odyssey Elite,2019,82000,Gasoline,280.0HP 3.5L V6 Cylinder Engine Gasoline Fuel,Automatic,Silver,Black,None reported,Yes,"$32,471",280.0,3.5,V6,8.0
1880,1880,Acura,TLX,2023,3389,Gasoline,2.0 Liter DOHC Turbo,Automatic,Platinum White Pearl,Black,None reported,No,"$38,598",272.0,2.0,I4,5.0
1881,1881,Porsche,Cayenne GTS Coupe AWD,2023,10000,Gasoline,453.0HP 4.0L 8 Cylinder Engine Gasoline Fuel,Automatic,Gray,Black,None reported,Yes,"$145,000",453.0,4.0,V8,5.0
1882,1882,Cadillac,STS V6,2005,96000,Gasoline,260.0HP 3.6L V6 Cylinder Engine Gasoline Fuel,Automatic,Beige,Brown,At least 1 accident or damage reported,Yes,"$4,999",260.0,3.6,V6,5.0
1883,1883,Dodge,Charger R/T,2021,7751,Gasoline,370.0HP 5.7L 8 Cylinder Engine Gasoline Fuel,Automatic,Black,Black,None reported,Yes,"$41,950",370.0,5.7,V8,5.0
1884,1884,Audi,RS 7 4.0T Performance Prestige,2017,66250,Gasoline,605.0HP 4.0L 8 Cylinder Engine Gasoline Fuel,Automatic,Gray,Gray,At least 1 accident or damage reported,Yes,"$59,200",605.0,4.0,V8,4.0
1885,1885,Lexus,CT 200h Premium,2012,109000,Hybrid,134.0HP 1.8L 4 Cylinder Engine Gas/Electric Hybrid,Automatic,White,Black,At least 1 accident or damage reported,Yes,"$14,945",134.0,1.8,I4,5.0
1886,1886,Hyundai,Genesis Coupe 3.8 Base,2015,60000,Gasoline,348.0HP 3.8L V6 Cylinder Engine Gasoline Fuel,Dual Shift,Black,Black,None reported,Yes,"$17,000",348.0,3.8,V6,4.0
1887,1887,Tesla,Model S Performance,2020,14700,not defined,778.0HP Electric Motor Electric Fuel System,Automatic,Gray,Black,None reported,Yes,"$63,000",778.0,0.0,Electric,5.0
1888,1888,Mercedes-Benz,E-Class E 350 4MATIC,2022,9006,Gasoline,255.0HP 2.0L 4 Cylinder Engine Gasoline Fuel,Automatic,Black,Black,None reported,Yes,"$56,999",255.0,2.0,I4,5.0
1889,1889,Toyota,GR86 Base,2022,13400,Gasoline,228.0HP 2.4L 4 Cylinder Engine Gasoline Fuel,Automatic,Silver,Black,None reported,Yes,"$33,499",228.0,2.4,I4,4.0
1890,1890,Porsche,Macan S,2020,28570,Gasoline,3.0 Liter Turbo,Automatic,White,Black,None reported,No,"$55,998",348.0,3.0,V6,5.0
1891,1891,Dodge,Durango SRT,2018,78000,Gasoline,475.0HP 6.4L 8 Cylinder Engine Gasoline Fuel,Dual Shift,White,Black,At least 1 accident or damage reported,Yes,"$44,700",475.0,6.4,V8,7.0
1892,1892,Lexus,LX 570 Base,2013,134000,Gasoline,383.0HP 5.7L 8 Cylinder Engine Gasoline Fuel,Automatic,Gray,Black,At least 1 accident or damage reported,Yes,"$29,995",383.0,5.7,V8,8.0
1893,1893,Kia,Optima Hybrid EX,2013,104994,Hybrid,199.0HP 2.4L 4 Cylinder Engine Gas/Electric Hybrid,Automatic,Black,Beige,None reported,Yes,"$9,000",199.0,2.4,I4,5.0
1894,1894,Bentley,Continental GT V8 S,2016,31500,Gasoline,521.0HP 4.0L 8 Cylinder Engine Gasoline Fuel,Automatic,Black,Beige,None reported,Yes,"$103,900",521.0,4.0,V8,4.0
1895,1895,Alfa,Romeo Giulia Base,2020,30000,Gasoline,280.0HP 2.0L 4 Cylinder Engine Gasoline Fuel,Automatic,Black,–,None reported,Yes,"$28,900",280.0,2.0,I4,5.0
1896,1896,Lexus,LX 600 F SPORT,2023,490,Gasoline,409.0HP 3.4L V6 Cylinder Engine Gasoline Fuel,Automatic,Black,Black,None reported,Yes,"$124,999",409.0,3.4,V6,7.0
1897,1897,Porsche,Taycan Turbo,2020,18000,not defined,616.0HP Electric Motor Electric Fuel System,Automatic,Silver,Black,None reported,Yes,"$105,000",616.0,0.0,Electric,4.0
1898,1898,Toyota,Sequoia Limited,2017,67000,E85 Flex Fuel,381.0HP 5.7L 8 Cylinder Engine Flex Fuel Capability,Automatic,Silver,Gray,None reported,Yes,"$37,999",381.0,5.7,V8,8.0
1899,1899,Kia,K5 EX,2021,8263,Gasoline,180.0HP 1.6L 4 Cylinder Engine Gasoline Fuel,Automatic,Gray,White,None reported,Yes,"$29,000",180.0,1.6,I4,5.0
1900,1900,RAM,1500 Big Horn,2021,35003,Gasoline,5.7L V8 16V MPFI OHV,Automatic,Bright White Clearcoat,Diesel Gray / Black,None reported,Yes,"$40,999",395.0,5.7,V8,5.0
1901,1901,Chevrolet,Corvette Base,2008,80000,Gasoline,430.0HP 6.2L 8 Cylinder Engine Gasoline Fuel,Automatic,Red,Beige,None reported,Yes,"$31,000",430.0,6.2,V8,2.0
1902,1902,Chevrolet,Corvette Stingray w/1LT,2022,6200,Gasoline,490.0HP 6.2L 8 Cylinder Engine Gasoline Fuel,Dual Shift,Brown,Black,None reported,Yes,"$99,999",490.0,6.2,V8,2.0
1903,1903,Jaguar,F-TYPE S,2014,74595,Gasoline,495.0HP 5.0L 8 Cylinder Engine Gasoline Fuel,Automatic,Green,Black,At least 1 accident or damage reported,Yes,"$32,450",495.0,5.0,V8,2.0
1904,1904,Audi,A7 3.0T Prestige,2013,87066,Gasoline,310.0HP 3.0L V6 Cylinder Engine Gasoline Fuel,Automatic,Silver,Black,None reported,Yes,"$20,999",310.0,3.0,V6,5.0
1905,1905,Audi,Q8 3.0T Prestige,2019,38360,Gasoline,3.0L V6 24V GDI DOHC Turbo,Automatic,Orca Black Metallic,Black,None reported,No,"$49,936",335.0,3.0,V6,5.0
1906,1906,Kia,Telluride SX,2020,38000,Gasoline,291.0HP 3.8L V6 Cylinder Engine Gasoline Fuel,Automatic,Green,Beige,None reported,Yes,"$41,999",291.0,3.8,V6,7.0
1907,1907,Toyota,Camry Hybrid XLE,2018,69641,Hybrid,208.0HP 2.5L 4 Cylinder Engine Gas/Electric Hybrid,Automatic,White,Black,At least 1 accident or damage reported,Yes,"$23,995",208.0,2.5,I4,5.0
1908,1908,Toyota,GR86 Premium,2022,1275,Gasoline,228.0HP 2.4L 4 Cylinder Engine Gasoline Fuel,Automatic,Blue,Black,None reported,Yes,"$47,999",228.0,2.4,I4,4.0
1909,1909,BMW,M3 Base,2001,60000,Gasoline,333.0HP 3.2L Straight 6 Cylinder Engine Gasoline Fuel,Manual,Black,Gray,None reported,Yes,"$25,000",333.0,3.2,I6,4.0
1910,1910,Jeep,Wrangler Rubicon,2014,99450,Gasoline,285.0HP 3.6L V6 Cylinder Engine Gasoline Fuel,Manual,Gray,Black,None reported,Yes,"$21,000",285.0,3.6,V6,4.0
1911,1911,Toyota,Tundra Hybrid Capstone,2023,200,Hybrid,437.0HP 3.4L V6 Cylinder Engine Gas/Electric Hybrid,Automatic,Blue,White,None reported,Yes,"$82,500",437.0,3.4,V6,5.0
1912,1912,Porsche,Panamera 4 Edition,2016,68000,Gasoline,310.0HP 3.6L V6 Cylinder Engine Gasoline Fuel,Dual Shift,Gray,Black,At least 1 accident or damage reported,Yes,"$32,950",310.0,3.6,V6,5.0
1913,1913,Lexus,GS 350 Base,2010,212000,Gasoline,303.0HP 3.5L V6 Cylinder Engine Gasoline Fuel,Automatic,Gray,Black,At least 1 accident or damage reported,Yes,"$9,450",303.0,3.5,V6,5.0
1914,1914,GMC,Sierra 3500 Denali,2019,73091,Diesel,445.0HP 6.6L 8 Cylinder Engine Diesel Fuel,Automatic,White,Black,At least 1 accident or damage reported,Yes,"$58,500",445.0,6.6,V8,5.0
1915,1915,Kia,Niro Plug-In Hybrid EX,2023,9400,Plug-In Hybrid,180.0HP 1.6L 4 Cylinder Engine Plug-In Electric/Gas,Automatic,Black,Black,None reported,Yes,"$31,500",180.0,1.6,I4,5.0
1916,1916,Porsche,Cayenne Base,2014,117697,Gasoline,300.0HP 3.6L V6 Cylinder Engine Gasoline Fuel,Automatic,Black,Black,At least 1 accident or damage reported,Yes,"$16,975",300.0,3.6,V6,5.0
1917,1917,Mercedes-Benz,S-Class S 65 AMG,2015,95428,Gasoline,621.0HP 6.0L 12 Cylinder Engine Gasoline Fuel,Automatic,Silver,Silver,None reported,Yes,"$55,000",621.0,6.0,V12,5.0
1918,1918,Lexus,GX 460 Premium,2017,116300,Gasoline,301.0HP 4.6L 8 Cylinder Engine Gasoline Fuel,Automatic,Gray,Beige,None reported,Yes,"$31,950",301.0,4.6,V8,7.0
1919,1919,Acura,MDX Sport Hybrid 3.0L w/Technology Package,2019,56778,Hybrid,321.0HP 3.0L V6 Cylinder Engine Gas/Electric Hybrid,Automatic,Black,Black,None reported,Yes,"$41,899",321.0,3.0,V6,7.0
1920,1920,Audi,Q5 S line Premium Plus,2023,5682,Hybrid,2.0 Liter TFSI,Automatic,Chronos Gray,Gray,None reported,No,"$48,698",248.0,2.0,I4,5.0
1921,1921,BMW,530 i,2017,37000,Gasoline,248.0HP 2.0L 4 Cylinder Engine Gasoline Fuel,Automatic,Gray,Black,None reported,Yes,"$31,000",248.0,2.0,I4,5.0
1922,1922,Kia,Forte Koup EX,2015,103748,Gasoline,173.0HP 2.0L 4 Cylinder Engine Gasoline Fuel,Automatic,Gray,Gray,None reported,Yes,"$8,500",173.0,2.0,I4,4.0
1923,1923,Toyota,Sequoia Limited,2005,86000,Gasoline,282.0HP 4.7L 8 Cylinder Engine Gasoline Fuel,Automatic,Silver,–,None reported,Yes,"$22,500",282.0,4.7,V8,8.0
1924,1924,Land,Rover LR4 HSE,2013,125900,Gasoline,375.0HP 5.0L 8 Cylinder Engine Gasoline Fuel,Automatic,Black,Beige,None reported,Yes,"$21,000",375.0,5.0,V8,7.0
1925,1925,Nissan,Titan SV,2023,6200,Gasoline,400.0HP 5.6L 8 Cylinder Engine Gasoline Fuel,Automatic,Black,Gray,None reported,Yes,"$48,000",400.0,5.6,V8,5.0
1926,1926,Ford,F-250 Lariat,2019,85000,Diesel,450.0HP 6.7L 8 Cylinder Engine Diesel Fuel,Automatic,Black,Black,At least 1 accident or damage reported,Yes,"$52,500",450.0,6.7,V8,5.0
1927,1927,Mercedes-Benz,AMG GT AMG GT,2017,19324,Gasoline,456.0HP 4.0L 8 Cylinder Engine Gasoline Fuel,Dual Shift,Gray,Beige,None reported,Yes,"$75,000",456.0,4.0,V8,2.0
1928,1928,Cadillac,Escalade Platinum,2018,49273,Gasoline,420.0HP 6.2L 8 Cylinder Engine Gasoline Fuel,Automatic,Red,Black,None reported,Yes,"$54,000",420.0,6.2,V8,7.0
1929,1929,Tesla,Model 3 Standard Range Plus,2019,42094,not defined,Electric Motor Electric Fuel System,Automatic,White,White,None reported,Yes,"$32,000",271.0,0.0,Electric,5.0
1930,1930,BMW,M3 Base,2017,44000,Gasoline,425.0HP 3.0L Straight 6 Cylinder Engine Gasoline Fuel,Automatic,Blue,Black,None reported,Yes,"$55,000",425.0,3.0,I6,4.0
1931,1931,Chevrolet,Cruze LT,2012,148377,Gasoline,138.0HP 1.4L 4 Cylinder Engine Gasoline Fuel,Automatic,Blue,Black,not defined,No,"$5,500",138.0,1.4,I4,5.0
1932,1932,Dodge,Challenger SRT8,2010,70000,Gasoline,425.0HP 6.1L 8 Cylinder Engine Gasoline Fuel,Manual,Orange,Black,None reported,Yes,"$22,000",425.0,6.1,V8,4.0
1933,1933,Mercedes-Benz,Sprinter 2500,2016,143290,Diesel,161.0HP 2.1L 4 Cylinder Engine Diesel Fuel,Automatic,White,Black,None reported,Yes,"$33,490",161.0,2.1,V6,5.0
1934,1934,Ford,F-350 Platinum,2019,69205,Diesel,450.0HP 6.7L 8 Cylinder Engine Diesel Fuel,Dual Shift,White,Black,None reported,Yes,"$73,500",450.0,6.7,V8,5.0
1935,1935,Chevrolet,Tahoe LTZ,2015,123500,Gasoline,355.0HP 5.3L 8 Cylinder Engine Gasoline Fuel,Automatic,White,Brown,None reported,Yes,"$25,650",355.0,5.3,V8,7.0
1936,1936,Audi,Q7 3.0T Prestige,2018,70773,Gasoline,333.0HP 3.0L V6 Cylinder Engine Gasoline Fuel,Automatic,White,Black,None reported,Yes,"$30,950",333.0,3.0,V6,7.0
1937,1937,Jeep,Patriot Latitude,2015,109000,Gasoline,158.0HP 2.0L 4 Cylinder Engine Gasoline Fuel,Automatic,Gray,Gray,At least 1 accident or damage reported,Yes,"$7,599",158.0,2.0,I4,5.0
1938,1938,INFINITI,QX70 Base,2014,71097,Gasoline,325.0HP 3.7L V6 Cylinder Engine Gasoline Fuel,Automatic,Black,Black,None reported,Yes,"$18,995",325.0,3.7,V6,5.0
1939,1939,BMW,X5 xDrive35i,2013,76309,Gasoline,300.0HP 3.0L Straight 6 Cylinder Engine Gasoline Fuel,Automatic,Silver,Black,not defined,No,"$12,000",300.0,3.0,Straight 6,5.0
1940,1940,Tesla,Model 3,2018,26609,not defined,Electric,Automatic,Gray,–,None reported,No,"$36,998",283.0,0.0,Electric,5.0
1941,1941,Land,Rover Range Rover P400 SE LWB 7 Seat,2023,4126,Hybrid,395.0HP 3.0L Straight 6 Cylinder Engine Gasoline/Mild Electric Hybrid,Automatic,Black,Beige,not defined,No,"$155,000",395.0,3.0,I6,7.0
1942,1942,Nissan,240SX Base,1996,160490,not defined,–,Manual,Gray,Black,None reported,Yes,"$15,500",140.0,2.4,I4,2.0
1943,1943,Cadillac,ATS 2.5L,2014,80400,Gasoline,202.0HP 2.5L 4 Cylinder Engine Gasoline Fuel,Automatic,Silver,Black,At least 1 accident or damage reported,Yes,"$15,000",202.0,2.5,I4,5.0
1944,1944,Toyota,RAV4 Base,2010,123620,Gasoline,179.0HP 2.5L 4 Cylinder Engine Gasoline Fuel,Automatic,Black,Black,At least 1 accident or damage reported,Yes,"$9,900",179.0,2.5,I4,5.0
1945,1945,Acura,TSX Technology,2011,187883,Gasoline,201.0HP 2.4L 4 Cylinder Engine Gasoline Fuel,Automatic,Red,Beige,None reported,Yes,"$5,500",201.0,2.4,I4,5.0
1946,1946,Mercedes-Benz,G-Class G 550 4MATIC,2020,45000,Gasoline,416.0HP 4.0L 8 Cylinder Engine Gasoline Fuel,Automatic,Black,Black,None reported,Yes,"$133,000",416.0,4.0,V8,5.0
1947,1947,Honda,Civic Sport,2022,25420,Gasoline,158.0HP 2.0L 4 Cylinder Engine Gasoline Fuel,Automatic,Red,Gray,None reported,Yes,"$24,500",158.0,2.0,I4,5.0
1948,1948,BMW,M3 Base,2011,129999,Gasoline,414.0HP 4.0L 8 Cylinder Engine Gasoline Fuel,Manual,White,Black,None reported,Yes,"$29,999",414.0,4.0,I6,4.0
1949,1949,BMW,M3 Base,2008,41048,Gasoline,414.0HP 4.0L 8 Cylinder Engine Gasoline Fuel,Dual Shift,Gray,Beige,None reported,Yes,"$38,490",414.0,4.0,I6,4.0
1950,1950,Nissan,Cube 1.8 S,2010,72500,Gasoline,122.0HP 1.8L 4 Cylinder Engine Gasoline Fuel,Manual,Brown,Black,None reported,Yes,"$6,750",122.0,1.8,I4,5.0
1951,1951,RAM,ProMaster 3500 Tradesman,2014,143390,Gasoline,280.0HP 3.6L V6 Cylinder Engine Gasoline Fuel,Automatic,White,–,None reported,Yes,"$13,000",280.0,3.6,V6,5.0
1952,1952,Acura,RDX Base,2018,68425,Gasoline,279.0HP 3.5L V6 Cylinder Engine Gasoline Fuel,Automatic,Gray,–,At least 1 accident or damage reported,Yes,"$23,500",279.0,3.5,V6,5.0
1953,1953,Toyota,4Runner Limited,2018,95000,Gasoline,270.0HP 4.0L V6 Cylinder Engine Gasoline Fuel,Automatic,Silver,Brown,None reported,Yes,"$33,000",270.0,4.0,V6,5.0
1954,1954,RAM,1500 Limited,2019,29000,Gasoline,395.0HP 5.7L 8 Cylinder Engine Gasoline Fuel,Automatic,Gray,Black,At least 1 accident or damage reported,Yes,"$49,500",395.0,5.7,V8,5.0
1955,1955,Chevrolet,Corvette Base,2003,145000,Gasoline,350.0HP 5.7L 8 Cylinder Engine Gasoline Fuel,Automatic,Blue,Black,None reported,Yes,"$22,000",350.0,5.7,V8,2.0
1956,1956,Land,Rover Defender 110 SE,2020,29700,Hybrid,395.0HP 3.0L Straight 6 Cylinder Engine Gasoline/Mild Electric Hybrid,Automatic,Green,Black,not defined,No,"$68,000",395.0,3.0,Straight 6,5.0
1957,1957,Jeep,Grand Cherokee Laredo,2011,98658,Gasoline,360.0HP 5.7L 8 Cylinder Engine Gasoline Fuel,Automatic,White,Gray,None reported,Yes,"$14,995",360.0,5.7,V8,5.0
1958,1958,Volvo,S80 T6,2009,97615,Gasoline,281.0HP 3.0L Straight 6 Cylinder Engine Gasoline Fuel,Automatic,Black,Gray,None reported,Yes,"$10,500",281.0,3.0,Straight 6,5.0
1959,1959,Porsche,Cayenne S,2014,36000,Gasoline,400.0HP 4.8L 8 Cylinder Engine Gasoline Fuel,Automatic,Black,Beige,None reported,Yes,"$37,000",400.0,4.8,V8,5.0
1960,1960,Mazda,CX-30 Select,2021,61874,Gasoline,2.5L I4 16V GDI DOHC,Automatic,Jet Black Mica,Black,None reported,Yes,"$22,389",186.0,2.5,I4,5.0
1961,1961,Chrysler,Town & Country Touring,2012,74582,E85 Flex Fuel,283.0HP 3.6L V6 Cylinder Engine Flex Fuel Capability,Automatic,Black,–,None reported,Yes,"$8,500",283.0,3.6,V6,7.0
1962,1962,INFINITI,FX37 Base,2013,51500,Gasoline,325.0HP 3.7L V6 Cylinder Engine Gasoline Fuel,Automatic,Gray,Black,None reported,Yes,"$23,900",325.0,3.7,V6,5.0
1963,1963,Toyota,FJ Cruiser Base,2007,193827,Gasoline,239.0HP 4.0L V6 Cylinder Engine Gasoline Fuel,Automatic,Silver,Black,None reported,Yes,"$14,950",239.0,4.0,V6,5.0
1964,1964,Chevrolet,Silverado 1500 LT,2019,53433,Gasoline,355.0HP 5.3L 8 Cylinder Engine Gasoline Fuel,Automatic,Blue,Gray,None reported,Yes,"$36,950",355.0,5.3,V8,5.0
1965,1965,Mercedes-Benz,C-Class C 63 AMG,2012,103000,Gasoline,451.0HP 6.3L 8 Cylinder Engine Gasoline Fuel,Automatic,Silver,Black,At least 1 accident or damage reported,Yes,"$40,000",451.0,6.3,V8,5.0
1966,1966,BMW,428 Gran Coupe i xDrive,2016,59000,Gasoline,240.0HP 2.0L 4 Cylinder Engine Gasoline Fuel,Dual Shift,Black,Brown,At least 1 accident or damage reported,Yes,"$20,999",240.0,2.0,I4,5.0
1967,1967,Lexus,GX 460 Premium,2017,82000,Gasoline,301.0HP 4.6L 8 Cylinder Engine Gasoline Fuel,Automatic,Gray,Brown,None reported,Yes,"$32,900",301.0,4.6,V8,7.0
1968,1968,Porsche,Panamera Edition,2016,60000,Gasoline,310.0HP 3.6L V6 Cylinder Engine Gasoline Fuel,Automatic,Gray,Black,None reported,Yes,"$45,000",310.0,3.6,V6,4.0
1969,1969,Cadillac,Escalade ESV Platinum,2017,93971,Gasoline,420.0HP 6.2L 8 Cylinder Engine Gasoline Fuel,Automatic,White,Beige,None reported,Yes,"$47,000",420.0,6.2,V8,7.0
1970,1970,Lexus,IS 350 Base,2015,62600,Gasoline,306.0HP 3.5L V6 Cylinder Engine Gasoline Fuel,Dual Shift,Gray,Red,None reported,Yes,"$27,500",306.0,3.5,V6,5.0
1971,1971,Mercedes-Benz,E-Class E 350 4MATIC,2014,84450,Gasoline,302.0HP 3.5L V6 Cylinder Engine Gasoline Fuel,Automatic,Gray,Beige,None reported,Yes,"$19,000",302.0,3.5,V6,5.0
1972,1972,Audi,Q5 S line Premium,2022,18099,Hybrid,2.0 Liter TFSI,Automatic,Daytona Gray,Gray,None reported,No,"$40,798",248.0,2.0,I4,5.0
1973,1973,Mercedes-Benz,E-Class E 350 4MATIC,2014,76500,Gasoline,302.0HP 3.5L V6 Cylinder Engine Gasoline Fuel,Automatic,Silver,Black,None reported,Yes,"$17,999",302.0,3.5,V6,5.0
1974,1974,Chevrolet,Camaro 1LT,2017,74000,Gasoline,275.0HP 2.0L 4 Cylinder Engine Gasoline Fuel,Automatic,Yellow,Black,None reported,Yes,"$19,800",275.0,2.0,I4,4.0
1975,1975,RAM,1500 Laramie,2022,15607,Gasoline,5.7L V8 16V MPFI OHV,Automatic,Billet Silver Metallic Clearcoat,Black,None reported,No,"$45,999",395.0,5.7,V8,5.0
1976,1976,Chevrolet,Silverado 1500 1LZ,2014,111095,E85 Flex Fuel,355.0HP 5.3L 8 Cylinder Engine Flex Fuel Capability,Automatic,White,Black,At least 1 accident or damage reported,Yes,"$26,000",355.0,5.3,V8,5.0
1977,1977,Toyota,Camry Solara SLE,2007,37216,Gasoline,210.0HP 3.3L V6 Cylinder Engine Gasoline Fuel,Automatic,Red,Beige,At least 1 accident or damage reported,Yes,"$14,995",210.0,3.3,V6,5.0
1978,1978,Jaguar,F-TYPE S,2015,25786,Gasoline,380.0HP 3.0L V6 Cylinder Engine Gasoline Fuel,Automatic,Blue,Gray,None reported,Yes,"$38,500",380.0,3.0,V6,2.0
1979,1979,Jeep,Gladiator Sport,2021,15520,Gasoline,3.6L V6 24V MPFI DOHC,Automatic,Sting Gray Clearcoat,Black,None reported,Yes,"$40,459",285.0,3.6,V6,5.0
1980,1980,RAM,1500 Big Horn,2021,49583,Gasoline,5.7L V8 16V MPFI OHV,Automatic,Billet Silver Metallic Clearcoat,Black,None reported,No,"$42,816",395.0,5.7,V8,5.0
1981,1981,Porsche,Cayenne Diesel,2015,97300,Diesel,240.0HP 3.0L V6 Cylinder Engine Diesel Fuel,Automatic,Black,Black,None reported,Yes,"$29,995",240.0,3.0,V6,5.0
1982,1982,Chevrolet,Camaro Base,2002,89000,Gasoline,200.0HP 3.8L V6 Cylinder Engine Gasoline Fuel,Automatic,Silver,Black,None reported,Yes,"$10,400",200.0,3.8,V6,4.0
1983,1983,Porsche,Cayenne S,2015,52111,Gasoline,420.0HP 3.6L V6 Cylinder Engine Gasoline Fuel,Automatic,Black,Black,At least 1 accident or damage reported,Yes,"$37,500",420.0,3.6,V6,5.0
1984,1984,Dodge,Challenger R/T Scat Pack,2019,75800,Gasoline,6.4 Liter,Automatic,Gray,Black,None reported,No,"$35,998",485.0,6.4,V8,4.0
1985,1985,Lexus,ES 350 Base,2010,113500,Gasoline,272.0HP 3.5L V6 Cylinder Engine Gasoline Fuel,Automatic,Red,Beige,At least 1 accident or damage reported,Yes,"$11,000",272.0,3.5,V6,5.0
1986,1986,Audi,Q3 2.0T Premium Plus,2015,155382,Gasoline,200.0HP 2.0L 4 Cylinder Engine Gasoline Fuel,Automatic,Brown,Gray,At least 1 accident or damage reported,Yes,"$13,500",200.0,2.0,I4,5.0
1987,1987,Mercedes-Benz,E-Class E 550,2016,49643,Gasoline,402.0HP 4.7L 8 Cylinder Engine Gasoline Fuel,Automatic,White,Black,At least 1 accident or damage reported,Yes,"$33,995",402.0,4.7,V8,5.0
1988,1988,BMW,650 i xDrive,2015,76474,Gasoline,445.0HP 4.4L 8 Cylinder Engine Gasoline Fuel,Dual Shift,White,Black,None reported,Yes,"$32,000",445.0,4.4,V8,4.0
1989,1989,Porsche,Cayman Base,2016,10431,Gasoline,275.0HP 2.7L Flat 6 Cylinder Engine Gasoline Fuel,Automatic,Red,Black,None reported,Yes,"$50,999",275.0,2.7,Flat 6,2.0
1990,1990,INFINITI,FX50 Base,2009,190120,Gasoline,390.0HP 5.0L 8 Cylinder Engine Gasoline Fuel,Automatic,Gray,Black,At least 1 accident or damage reported,Yes,"$12,500",390.0,5.0,V8,5.0
1991,1991,Ford,F-150 XLT,2020,92000,Gasoline,375.0HP 3.5L V6 Cylinder Engine Gasoline Fuel,Automatic,Gray,Black,None reported,Yes,"$29,999",375.0,3.5,V6,5.0
1992,1992,Chevrolet,Camaro 2LT,2017,24000,Gasoline,335.0HP 3.6L V6 Cylinder Engine Gasoline Fuel,Manual,Yellow,Black,None reported,Yes,"$32,000",335.0,3.6,V6,4.0
1993,1993,RAM,1500 Big Horn,2020,25396,Gasoline,5.7L V8 16V MPFI OHV,Automatic,Maximum Steel Metallic,Black,None reported,Yes,"$43,250",395.0,5.7,V8,5.0
1994,1994,Chevrolet,Silverado 2500 H/D,2001,167000,Gasoline,300.0HP 6.0L 8 Cylinder Engine Gasoline Fuel,Automatic,White,Gray,At least 1 accident or damage reported,Yes,"$6,500",300.0,6.0,V8,5.0
1995,1995,RAM,1500 Laramie,2022,18645,Gasoline,5.7L V8 16V MPFI OHV,Automatic,Diamond Black,Black,None reported,Yes,"$49,700",395.0,5.7,V8,5.0
1996,1996,Porsche,911 Turbo,2018,28470,Gasoline,540.0HP 3.8L Flat 6 Cylinder Engine Gasoline Fuel,Dual Shift,White,Black,At least 1 accident or damage reported,Yes,"$147,500",540.0,3.8,Flat 6,2.0
1997,1997,Ford,Mustang V6,2016,54000,Gasoline,300.0HP 3.7L V6 Cylinder Engine Gasoline Fuel,Automatic,White,Black,None reported,Yes,"$23,999",300.0,3.7,V6,4.0
1998,1998,Hyundai,Accent GL,2003,83000,Gasoline,104.0HP 1.6L 4 Cylinder Engine Gasoline Fuel,Manual,Blue,Gray,None reported,Yes,"$2,900",104.0,1.6,I4,5.0
1999,1999,Audi,Q5 S line Premium Plus,2022,10071,Hybrid,2.0 Liter TFSI,Automatic,Mythos Black Metallic,Black,None reported,No,"$40,598",248.0,2.0,I4,5.0
2000,2000,Ford,F-150 XLT,2021,43329,Gasoline,3.5L V6 24V PDI DOHC Twin Turbo,Automatic,Carbonized Gray Metallic,Black,None reported,Yes,"$43,642",400.0,3.5,V6,5.0
2001,2001,Lexus,RC F Base,2015,51400,Gasoline,467.0HP 5.0L 8 Cylinder Engine Gasoline Fuel,Automatic,Silver,Gray,None reported,Yes,"$43,000",467.0,5.0,V8,2.0
2002,2002,Chevrolet,Suburban 1500 LT,2015,153800,E85 Flex Fuel,355.0HP 5.3L 8 Cylinder Engine Flex Fuel Capability,Automatic,Silver,Black,At least 1 accident or damage reported,Yes,"$23,000",355.0,5.3,V8,8.0
2003,2003,Land,Rover Range Rover Sport SVR Carbon Edition,2022,9000,Gasoline,575.0HP 5.0L 8 Cylinder Engine Gasoline Fuel,Automatic,Green,Gray,None reported,Yes,"$115,000",575.0,5.0,V8,5.0
2004,2004,Dodge,Viper SRT-10,2003,10800,Gasoline,500.0HP 8.3L 10 Cylinder Engine Gasoline Fuel,Manual,Silver,Black,None reported,Yes,"$65,499",500.0,8.3,V10,2.0
2005,2005,RAM,1500 Laramie,2020,10458,Gasoline,5.7L V8 16V MPFI OHV,Automatic,Delmonico Red Pearlcoat,Black,None reported,Yes,"$48,815",395.0,5.7,V8,5.0
2006,2006,BMW,328 i,2014,84709,Gasoline,240.0HP 2.0L 4 Cylinder Engine Gasoline Fuel,Automatic,Silver,Gray,None reported,Yes,"$13,800",240.0,2.0,I6,5.0
2007,2007,Mercedes-Benz,AMG C 43 AMG C 43 4MATIC,2019,33500,Gasoline,385.0HP 3.0L V6 Cylinder Engine Gasoline Fuel,Automatic,Red,Black,None reported,Yes,"$45,770",385.0,3.0,V6,5.0
2008,2008,BMW,M4 Base,2015,98000,Gasoline,425.0HP 3.0L Straight 6 Cylinder Engine Gasoline Fuel,Dual Shift,Black,Orange,None reported,Yes,"$32,999",425.0,3.0,I6,2.0
2009,2009,BMW,750 i,2008,94653,Gasoline,360.0HP 4.8L 8 Cylinder Engine Gasoline Fuel,Automatic,Green,Green,At least 1 accident or damage reported,Yes,"$7,300",360.0,4.8,V8,5.0
2010,2010,Ford,Expedition Limited,2023,9281,Gasoline,440.0HP 3.5L V6 Cylinder Engine Gasoline Fuel,Automatic,Black,Black,None reported,Yes,"$85,000",440.0,3.5,V6,8.0
2011,2011,Chevrolet,Traverse Premier,2023,11806,Gasoline,310.0HP 3.6L V6 Cylinder Engine Gasoline Fuel,Automatic,White,Black,None reported,Yes,"$47,000",310.0,3.6,V6,7.0
2012,2012,Mercedes-Benz,E-Class D 2.5 Turbo,1993,70015,not defined,–,Automatic,Gray,Gray,None reported,Yes,"$22,500",190.0,2.5,I4,5.0
2013,2013,Cadillac,Escalade Platinum,2020,48613,Gasoline,420.0HP 6.2L 8 Cylinder Engine Gasoline Fuel,Automatic,Black,Black,At least 1 accident or damage reported,Yes,"$61,500",420.0,6.2,V8,7.0
2014,2014,RAM,3500 Tradesman,2023,2990,Diesel,400.0HP 6.7L Straight 6 Cylinder Engine Diesel Fuel,Automatic,White,Black,At least 1 accident or damage reported,Yes,"$69,900",400.0,6.7,I6,5.0
2015,2015,Audi,TT 1.8L,2005,124747,Gasoline,180.0HP 1.8L 4 Cylinder Engine Gasoline Fuel,Dual Shift,Silver,Black,None reported,Yes,"$6,900",180.0,1.8,I4,2.0
2016,2016,RAM,1500 Big Horn,2021,24000,Hybrid,395.0HP 5.7L 8 Cylinder Engine Gasoline/Mild Electric Hybrid,Automatic,Silver,Black,None reported,Yes,"$42,000",395.0,5.7,V8,5.0
2017,2017,Mazda,CX-7 Sport,2009,113000,Gasoline,244.0HP 2.3L 4 Cylinder Engine Gasoline Fuel,Automatic,Gray,Black,None reported,Yes,"$5,499",244.0,2.3,I4,5.0
2018,2018,INFINITI,QX60 Base,2017,89106,Gasoline,295.0HP 3.5L V6 Cylinder Engine Gasoline Fuel,Dual Shift,White,Beige,None reported,Yes,"$18,000",295.0,3.5,V6,7.0
2019,2019,Ford,F-250 Platinum,2017,22000,E85 Flex Fuel,385.0HP 6.2L 8 Cylinder Engine Flex Fuel Capability,Automatic,Beige,Black,At least 1 accident or damage reported,Yes,"$53,000",385.0,6.2,V8,5.0
2020,2020,Jeep,Compass Limited,2022,20472,Gasoline,2.4L I4 16V MPFI SOHC,Automatic,Red,Black,None reported,No,"$28,298",180.0,2.4,I4,5.0
2021,2021,INFINITI,QX80 SENSORY,2023,8600,Gasoline,400.0HP 5.6L 8 Cylinder Engine Gasoline Fuel,Automatic,Black,Brown,not defined,No,"$78,990",400.0,5.6,V8,8.0
2022,2022,Chevrolet,Silverado 1500 Limited LT Trail Boss,2022,4753,Gasoline,355.0HP 5.3L 8 Cylinder Engine Gasoline Fuel,Automatic,White,Black,None reported,Yes,"$57,000",355.0,5.3,V8,5.0
2023,2023,Hyundai,Genesis Coupe 2.0T,2010,65000,Gasoline,210.0HP 2.0L 4 Cylinder Engine Gasoline Fuel,Automatic,Gray,Black,not defined,No,"$8,900",210.0,2.0,I4,4.0
2024,2024,Chevrolet,Camaro 1SS,2021,15000,Gasoline,455.0HP 6.2L 8 Cylinder Engine Gasoline Fuel,Manual,Blue,Gray,None reported,Yes,"$43,500",455.0,6.2,V8,4.0
2025,2025,Chevrolet,Tahoe Base,1997,229000,Diesel,180.0HP 6.5L 8 Cylinder Engine Diesel Fuel,Automatic,Green,Beige,At least 1 accident or damage reported,Yes,"$19,500",180.0,6.5,V8,8.0
2026,2026,Audi,A6 3.0 TDI Premium Plus,2014,42400,Diesel,240.0HP 3.0L V6 Cylinder Engine Diesel Fuel,Automatic,Silver,Black,None reported,Yes,"$26,500",240.0,3.0,V6,5.0
2027,2027,Land,Rover Defender S,2023,15840,Gasoline,296.0HP 2.0L 4 Cylinder Engine Gasoline Fuel,Automatic,White,Black,None reported,Yes,"$69,900",296.0,2.0,I4,5.0
2028,2028,Porsche,Cayenne S,2016,76200,Gasoline,420.0HP 3.6L V6 Cylinder Engine Gasoline Fuel,Dual Shift,Gray,Beige,None reported,Yes,"$42,000",420.0,3.6,V6,5.0
2029,2029,Chevrolet,Suburban Premier,2019,105667,Gasoline,355.0HP 5.3L 8 Cylinder Engine Gasoline Fuel,Automatic,Black,Beige,None reported,Yes,"$39,000",355.0,5.3,V8,8.0
2030,2030,Chevrolet,Suburban Premier,2019,51338,Gasoline,355.0HP 5.3L 8 Cylinder Engine Gasoline Fuel,Automatic,White,Black,None reported,Yes,"$49,900",355.0,5.3,V8,8.0
2031,2031,Dodge,Dart SE,2016,76857,Gasoline,160.0HP 2.0L 4 Cylinder Engine Gasoline Fuel,Manual,Black,Black,At least 1 accident or damage reported,Yes,"$8,100",160.0,2.0,I4,5.0
2032,2032,Ford,F-250 Lariat,2019,80200,E85 Flex Fuel,385.0HP 6.2L 8 Cylinder Engine Flex Fuel Capability,Automatic,White,Black,None reported,Yes,"$42,500",385.0,6.2,V8,5.0
2033,2033,Toyota,Sequoia SR5,2002,244200,Gasoline,240.0HP 4.7L 8 Cylinder Engine Gasoline Fuel,Automatic,White,–,At least 1 accident or damage reported,Yes,"$3,950",240.0,4.7,V8,8.0
2034,2034,Ford,Mustang GT,2014,38560,Gasoline,420.0HP 5.0L 8 Cylinder Engine Gasoline Fuel,Manual,Black,Black,At least 1 accident or damage reported,Yes,"$28,500",420.0,5.0,V8,4.0
2035,2035,Chevrolet,Corvette Stingray w/2LT,2020,12500,Gasoline,490.0HP 6.2L 8 Cylinder Engine Gasoline Fuel,Dual Shift,Yellow,Black,None reported,Yes,"$84,999",490.0,6.2,V8,2.0
2036,2036,Hyundai,Genesis Coupe 3.8 Base,2016,45303,Gasoline,348.0HP 3.8L V6 Cylinder Engine Gasoline Fuel,Automatic,White,Black,None reported,Yes,"$20,999",348.0,3.8,V6,4.0
2037,2037,Ford,Focus ST Base,2014,110000,Gasoline,252.0HP 2.0L 4 Cylinder Engine Gasoline Fuel,Manual,Silver,Gray,None reported,Yes,"$9,495",252.0,2.0,I4,5.0
2038,2038,Cadillac,CTS Luxury,2011,66200,Gasoline,270.0HP 3.0L V6 Cylinder Engine Gasoline Fuel,Automatic,Black,Black,None reported,Yes,"$16,499",270.0,3.0,V6,5.0
2039,2039,Subaru,Baja Base,2003,71000,Gasoline,165.0HP 2.5L 4 Cylinder Engine Gasoline Fuel,Manual,Red,Black,None reported,Yes,"$14,900",165.0,2.5,I4,4.0
2040,2040,Toyota,Highlander XLE,2019,81301,Gasoline,3.5L V6 24V PDI DOHC,Automatic,Black,Black,None reported,Yes,"$30,275",295.0,3.5,V6,7.0
2041,2041,Chevrolet,Corvette Stingray Z51,2019,7033,Gasoline,460.0HP 6.2L 8 Cylinder Engine Gasoline Fuel,Automatic,White,Black,None reported,Yes,"$63,900",460.0,6.2,V8,2.0
2042,2042,Dodge,Durango SRT,2020,36000,Gasoline,475.0HP 6.4L 8 Cylinder Engine Gasoline Fuel,Automatic,Gray,Red,None reported,Yes,"$62,000",475.0,6.4,V8,7.0
2043,2043,Acura,TSX 2.4,2010,116000,Gasoline,201.0HP 2.4L 4 Cylinder Engine Gasoline Fuel,Manual,Silver,Black,At least 1 accident or damage reported,Yes,"$9,000",201.0,2.4,I4,5.0
2044,2044,Chevrolet,Camaro 2SS,2018,42780,Gasoline,455.0HP 6.2L 8 Cylinder Engine Gasoline Fuel,Dual Shift,Black,Black,At least 1 accident or damage reported,Yes,"$41,100",455.0,6.2,V8,4.0
2045,2045,BMW,640 Gran Coupe i,2014,39886,Gasoline,315.0HP 3.0L Straight 6 Cylinder Engine Gasoline Fuel,Dual Shift,Black,Red,At least 1 accident or damage reported,Yes,"$26,000",315.0,3.0,I6,4.0
2046,2046,Audi,S5 3.0T Premium Plus,2014,151400,Gasoline,333.0HP 3.0L V6 Cylinder Engine Gasoline Fuel,Dual Shift,Gray,Black,None reported,Yes,"$15,400",333.0,3.0,V6,5.0
2047,2047,Alfa,Romeo Giulia Base,2017,48000,Gasoline,280.0HP 2.0L 4 Cylinder Engine Gasoline Fuel,Automatic,Red,Black,None reported,Yes,"$20,500",280.0,2.0,I4,5.0
2048,2048,Toyota,Highlander XLE,2023,8727,Gasoline,2.4L I4 16V PDI DOHC Turbo,Automatic,Ruby Flare Pearl,Black,None reported,No,"$44,596",295.0,2.4,I4,7.0
2049,2049,Rolls-Royce,Ghost Base,2011,79000,Gasoline,563.0HP 6.6L 12 Cylinder Engine Gasoline Fuel,Automatic,Black,White,At least 1 accident or damage reported,Yes,"$80,300",563.0,6.6,V12,5.0
2050,2050,Dodge,Challenger R/T,2020,54000,Gasoline,372.0HP 5.7L 8 Cylinder Engine Gasoline Fuel,Automatic,Gray,Black,None reported,Yes,"$34,000",372.0,5.7,V8,4.0
2051,2051,Porsche,Cayenne Base,2016,110000,Gasoline,300.0HP 3.6L V6 Cylinder Engine Gasoline Fuel,Automatic,White,White,At least 1 accident or damage reported,Yes,"$25,900",300.0,3.6,V6,5.0
2052,2052,Chevrolet,Bolt EV LT,2020,49688,not defined,200.0HP Electric Motor Electric Fuel System,Automatic,Blue,Gray,None reported,Yes,"$24,900",200.0,0.0,Electric,5.0
2053,2053,Mercedes-Benz,Metris Base,2020,14000,Gasoline,208.0HP 2.0L 4 Cylinder Engine Gasoline Fuel,Automatic,Black,Beige,None reported,Yes,"$48,000",208.0,2.0,I4,5.0
2054,2054,Dodge,Charger SRT Hellcat Widebody,2023,5000,Gasoline,717.0HP 6.2L 8 Cylinder Engine Gasoline Fuel,Dual Shift,Gray,Black,None reported,Yes,"$110,000",717.0,6.2,V8,5.0
2055,2055,Chevrolet,Silverado 1500 ZR2,2022,11597,Gasoline,6.2L V8 16V GDI OHV,Automatic,Silver Ice Metallic,Jet Black,None reported,No,"$68,590",420.0,6.2,V8,5.0
2056,2056,Mercedes-Benz,AMG S 63 Base 4MATIC,2017,86101,Gasoline,577.0HP 5.5L 8 Cylinder Engine Gasoline Fuel,Automatic,Gray,Red,At least 1 accident or damage reported,Yes,"$72,777",577.0,5.5,V8,4.0
2057,2057,Chevrolet,Silverado 1500 LT,2017,58816,Gasoline,5.3L V8 16V GDI OHV,Automatic,Black,Jet Black,None reported,No,"$36,590",355.0,5.3,V8,5.0
2058,2058,Lexus,RC 350 Base,2016,77856,Gasoline,3.5L V6 24V PDI DOHC,Automatic,Atomic Silver,Black,None reported,Yes,"$30,919",311.0,3.5,V6,4.0
2059,2059,Lamborghini,Urus Base,2021,20069,Gasoline,4.0L V8 32V GDI DOHC Twin Turbo,Automatic,Rosso Mars Metallic,Nero Ade,None reported,No,"$229,900",641.0,4.0,V8,5.0
2060,2060,GMC,Acadia SLE-1,2015,115282,Gasoline,3.6L V6 24V GDI DOHC,Automatic,Crimson Red Tintcoat,Ebony,At least 1 accident or damage reported,Yes,"$12,433",310.0,3.6,V6,7.0
2061,2061,Porsche,911 GT3,2016,30700,Gasoline,475.0HP 3.8L Flat 6 Cylinder Engine Gasoline Fuel,Automatic,White,Black,None reported,Yes,"$138,999",475.0,3.8,H6,2.0
2062,2062,MINI,Cooper Base,2003,103726,Gasoline,115.0HP 1.6L 4 Cylinder Engine Gasoline Fuel,Manual,Red,Gray,At least 1 accident or damage reported,Yes,"$5,995",115.0,1.6,I4,4.0
2063,2063,Mazda,MX-5 Miata Sport,2008,39800,Gasoline,158.0HP 2.0L 4 Cylinder Engine Gasoline Fuel,Dual Shift,Blue,Black,None reported,Yes,"$13,250",158.0,2.0,I4,2.0
2064,2064,Toyota,4Runner TRD Off Road,2019,79500,Gasoline,270.0HP 4.0L V6 Cylinder Engine Gasoline Fuel,Automatic,White,Black,None reported,Yes,"$33,333",270.0,4.0,V6,5.0
2065,2065,Toyota,Highlander Limited,2008,165520,Gasoline,270.0HP 3.5L V6 Cylinder Engine Gasoline Fuel,Automatic,Gray,Gray,At least 1 accident or damage reported,Yes,"$9,000",270.0,3.5,V6,7.0
2066,2066,BMW,650 Gran Coupe i,2014,92000,Gasoline,445.0HP 4.4L 8 Cylinder Engine Gasoline Fuel,Dual Shift,Black,Black,At least 1 accident or damage reported,Yes,"$24,000",445.0,4.4,V8,4.0
2067,2067,Hyundai,Palisade Calligraphy,2023,1500,Gasoline,291.0HP 3.8L V6 Cylinder Engine Gasoline Fuel,Dual Shift,Green,Black,None reported,Yes,"$55,000",291.0,3.8,V6,7.0
2068,2068,Pontiac,Solstice GXP,2008,38100,Gasoline,260.0HP 2.0L 4 Cylinder Engine Gasoline Fuel,Manual,Orange,Black,None reported,Yes,"$19,950",260.0,2.0,I4,2.0
2069,2069,Land,Rover Range Rover Evoque SE Premium,2018,42125,Gasoline,237.0HP 2.0L 4 Cylinder Engine Gasoline Fuel,Dual Shift,White,Black,None reported,Yes,"$38,999",237.0,2.0,I4,5.0
2070,2070,Porsche,Cayenne Diesel,2014,86818,Diesel,240.0HP 3.0L V6 Cylinder Engine Diesel Fuel,Dual Shift,Silver,Black,None reported,Yes,"$33,500",240.0,3.0,V6,5.0
2071,2071,BMW,M3 Competition xDrive,2023,3490,Gasoline,503.0HP 3.0L Straight 6 Cylinder Engine Gasoline Fuel,Automatic,Gray,Black,None reported,Yes,"$95,580",503.0,3.0,I6,4.0
2072,2072,Toyota,Avalon Limited,2008,111300,Gasoline,268.0HP 3.5L V6 Cylinder Engine Gasoline Fuel,Dual Shift,Gold,Beige,None reported,Yes,"$7,900",268.0,3.5,V6,5.0
2073,2073,BMW,M3 Base,2011,98200,Gasoline,414.0HP 4.0L 8 Cylinder Engine Gasoline Fuel,Automatic,White,Black,None reported,Yes,"$27,000",414.0,4.0,I6,4.0
2074,2074,Porsche,Panamera Base,2018,42500,Gasoline,330.0HP 3.0L V6 Cylinder Engine Gasoline Fuel,Automatic,Black,Beige,At least 1 accident or damage reported,Yes,"$53,999",330.0,3.0,V6,4.0
2075,2075,Jeep,Wrangler Sport,2001,171000,Gasoline,181.0HP 4.0L Straight 6 Cylinder Engine Gasoline Fuel,Manual,White,Black,At least 1 accident or damage reported,Yes,"$15,000",181.0,4.0,I6,5.0
2076,2076,Honda,Passport TrailSport,2023,11649,Gasoline,280.0HP 3.5L V6 Cylinder Engine Gasoline Fuel,Automatic,Black,Black,not defined,No,"$39,999",280.0,3.5,V6,5.0
2077,2077,Mercedes-Benz,SL-Class SL 550,2013,24933,Gasoline,429.0HP 4.6L 8 Cylinder Engine Gasoline Fuel,Dual Shift,Silver,Red,At least 1 accident or damage reported,Yes,"$40,250",429.0,4.6,V8,2.0
2078,2078,Audi,RS 4 Base,2007,99769,Gasoline,420.0HP 4.2L 8 Cylinder Engine Gasoline Fuel,Manual,Gray,White,None reported,Yes,"$29,995",420.0,4.2,V8,4.0
2079,2079,Toyota,Avalon Limited,2022,16156,Gasoline,3.5L V6 24V PDI DOHC,Automatic,Blueprint,Graphite,None reported,No,"$39,390",301.0,3.5,V6,5.0
2080,2080,Mercedes-Benz,E-Class E 350 4MATIC,2008,67250,Gasoline,268.0HP 3.5L V6 Cylinder Engine Gasoline Fuel,Automatic,White,Beige,None reported,Yes,"$11,900",268.0,3.5,V6,5.0
2081,2081,GMC,Yukon Denali,2021,30022,Gasoline,420.0HP 6.2L 8 Cylinder Engine Gasoline Fuel,Automatic,Blue,Black,At least 1 accident or damage reported,Yes,"$74,500",420.0,6.2,V8,7.0
2082,2082,Porsche,Panamera 4S,2017,42596,Gasoline,440.0HP 2.9L V6 Cylinder Engine Gasoline Fuel,Dual Shift,Black,Black,None reported,Yes,"$78,000",440.0,2.9,V6,4.0
2083,2083,Ford,Explorer XLT,2021,33705,Gasoline,2.3L I4 16V GDI DOHC Turbo,Automatic,White,Light Slate,At least 1 accident or damage reported,Yes,"$36,995",300.0,2.3,I4,7.0
2084,2084,Land,Rover LR4 HSE LUX Landmark Edition,2016,63300,Gasoline,340.0HP 3.0L V6 Cylinder Engine Gasoline Fuel,Automatic,White,Brown,None reported,Yes,"$31,000",340.0,3.0,V6,5.0
2085,2085,Acura,TLX Type S w/Performance Tire,2023,4700,Gasoline,355.0HP 3.0L V6 Cylinder Engine Gasoline Fuel,Automatic,Red,Black,None reported,Yes,"$52,000",355.0,3.0,V6,5.0
2086,2086,Toyota,Tacoma Base,2020,27256,Gasoline,3.5 Liter,Dual Shift,Midnight Black Metallic,Black/Gun Metal,None reported,No,"$42,998",278.0,3.5,V6,5.0
2087,2087,Hummer,H3 Base,2010,107481,Gasoline,239.0HP 3.7L 5 Cylinder Engine Gasoline Fuel,Automatic,White,Black,None reported,Yes,"$13,500",239.0,3.7,I5,5.0
2088,2088,Tesla,Model 3 Long Range,2018,61700,not defined,271.0HP Electric Motor Electric Fuel System,Automatic,White,Black,None reported,Yes,"$25,900",271.0,0.0,Electric,5.0
2089,2089,Volvo,850 Turbo,1995,94000,not defined,–,Automatic,White,Black,None reported,Yes,"$4,500",190.0,2.3,I5,5.0
2090,2090,Jeep,Wrangler Unlimited Sahara,2017,128000,Gasoline,285.0HP 3.6L V6 Cylinder Engine Gasoline Fuel,Automatic,Gray,Black,None reported,Yes,"$26,800",285.0,3.6,V6,5.0
2091,2091,Chevrolet,Camaro 2SS,2018,26000,Gasoline,455.0HP 6.2L 8 Cylinder Engine Gasoline Fuel,Automatic,White,Black,None reported,Yes,"$39,000",455.0,6.2,V8,4.0
2092,2092,Audi,S6 4.0T,2015,74000,Gasoline,420.0HP 4.0L 8 Cylinder Engine Gasoline Fuel,Automatic,Blue,Gray,None reported,Yes,"$29,950",420.0,4.0,V8,5.0
2093,2093,Audi,TT RS Base,2012,54900,Gasoline,360.0HP 2.5L 5 Cylinder Engine Gasoline Fuel,Manual,White,Brown,not defined,No,"$28,900",360.0,2.5,I5,2.0
2094,2094,INFINITI,QX56 Base,2012,141775,Gasoline,400.0HP 5.6L 8 Cylinder Engine Gasoline Fuel,Dual Shift,White,Beige,None reported,Yes,"$11,500",400.0,5.6,V8,8.0
2095,2095,Volkswagen,New Beetle GLS,2001,63250,Gasoline,115.0HP 2.0L 4 Cylinder Engine Gasoline Fuel,Automatic,Yellow,Yellow,None reported,Yes,"$12,000",115.0,2.0,I4,4.0
2096,2096,Audi,Q5 S line Premium Plus,2022,13895,Hybrid,2.0 Liter TFSI,Automatic,Daytona Gray,Black,None reported,No,"$44,998",248.0,2.0,I4,5.0
2097,2097,Lamborghini,Aventador LP750-4 Superveloce,2017,10654,Gasoline,"6.5L V-12 DOHC, variable valve control, premium unleaded, engine",Automatic,Balloon White,Nero Ade,None reported,No,"$449,991",750.0,6.5,V12,2.0
2098,2098,Ford,F-250 XL,2014,35900,E85 Flex Fuel,385.0HP 6.2L 8 Cylinder Engine Flex Fuel Capability,Dual Shift,Blue,Gray,At least 1 accident or damage reported,Yes,"$27,900",385.0,6.2,V8,5.0
2099,2099,GMC,Yukon XL Denali,2022,48306,Gasoline,6.2L V8 16V GDI OHV,Automatic,Summit White,Jet Black,At least 1 accident or damage reported,Yes,"$71,999",420.0,6.2,V8,8.0
2100,2100,Audi,A4 2.0T Premium,2012,125000,Gasoline,211.0HP 2.0L 4 Cylinder Engine Gasoline Fuel,Automatic,Black,Black,None reported,Yes,"$10,500",211.0,2.0,I4,5.0
2101,2101,Dodge,Challenger SRT 392,2016,37700,not defined,–,Automatic,Black,Black,At least 1 accident or damage reported,Yes,"$38,000",485.0,6.4,V8,2.0
2102,2102,Tesla,Model S P100D,2017,103000,not defined,Electric Motor Electric Fuel System,Automatic,Black,White,None reported,Yes,"$36,000",518.0,0.0,Electric,5.0
2103,2103,Mazda,CX-30 Premium Package,2021,45303,Gasoline,2.5L I4 16V GDI DOHC,Automatic,Snowflake White Pearl,White / Brown,None reported,No,"$25,382",186.0,2.5,I4,5.0
2104,2104,Lexus,ES 350 Base,2016,53900,Gasoline,268.0HP 3.5L V6 Cylinder Engine Gasoline Fuel,Automatic,Red,Beige,None reported,Yes,"$27,500",268.0,3.5,V6,5.0
2105,2105,Jeep,Wrangler Sahara,2008,54000,Gasoline,202.0HP 3.8L V6 Cylinder Engine Gasoline Fuel,Automatic,Green,Gray,None reported,Yes,"$20,000",202.0,3.8,V6,5.0
2106,2106,Chevrolet,Avalanche 1500 LTZ,2007,129000,Gasoline,366.0HP 6.0L 8 Cylinder Engine Gasoline Fuel,Automatic,White,Beige,None reported,Yes,"$17,950",366.0,6.0,V8,5.0
2107,2107,Jeep,Grand Cherokee L Laredo,2022,10232,Gasoline,3.6L V6 24V MPFI DOHC,Automatic,Diamond Black,Global Black,None reported,Yes,"$44,646",293.0,3.6,V6,5.0
2108,2108,Acura,MDX w/Advance Package,2023,3708,Gasoline,3.5 Liter SOHC,Automatic,White,Espresso,None reported,No,"$58,998",290.0,3.5,V6,7.0
2109,2109,Nissan,Pathfinder SL,2018,167000,Gasoline,284.0HP 3.5L V6 Cylinder Engine Gasoline Fuel,Automatic,Black,Beige,not defined,No,"$14,500",284.0,3.5,V6,7.0
2110,2110,Tesla,Model X Long Range,2019,37000,not defined,518.0HP Electric Motor Electric Fuel System,Automatic,Gray,Black,None reported,Yes,"$58,000",518.0,0.0,Electric,7.0
2111,2111,Audi,A8 4.0T,2014,96238,Gasoline,420.0HP 4.0L 8 Cylinder Engine Gasoline Fuel,Dual Shift,Black,Black,At least 1 accident or damage reported,Yes,"$22,500",420.0,4.0,V8,5.0
2112,2112,Subaru,Ascent Limited 7-Passenger,2022,12700,Gasoline,260.0HP 2.4L 4 Cylinder Engine Gasoline Fuel,Automatic,White,Beige,None reported,Yes,"$38,500",260.0,2.4,I4,7.0
2113,2113,Chevrolet,Avalanche 1500 LT,2007,244000,E85 Flex Fuel,320.0HP 5.3L 8 Cylinder Engine Flex Fuel Capability,Automatic,Gray,Gray,None reported,Yes,"$16,900",320.0,5.3,V8,5.0
2114,2114,Porsche,Cayenne S,2015,124000,Gasoline,420.0HP 3.6L V6 Cylinder Engine Gasoline Fuel,Automatic,White,Beige,None reported,Yes,"$25,000",420.0,3.6,V6,5.0
2115,2115,BMW,335 i,2009,123000,Gasoline,300.0HP 3.0L Straight 6 Cylinder Engine Gasoline Fuel,Automatic,Purple,Black,None reported,Yes,"$15,000",300.0,3.0,I6,5.0
2116,2116,GMC,Sierra 1500 Limited Elevation,2022,24900,Gasoline,310.0HP 2.7L 4 Cylinder Engine Gasoline Fuel,Automatic,Black,Black,None reported,Yes,"$49,900",310.0,2.7,I4,5.0
2117,2117,Ford,Explorer Sport,2016,95500,Gasoline,365.0HP 3.5L V6 Cylinder Engine Gasoline Fuel,Dual Shift,Black,Black,None reported,Yes,"$20,000",365.0,3.5,V6,5.0
2118,2118,Cadillac,Escalade ESV Sport,2021,4283,Gasoline,6.2L V8 16V GDI OHV,Automatic,Black,Brandy,None reported,Yes,"$479,995",420.0,6.2,V8,7.0
2119,2119,Lexus,LX 570 Three-Row,2021,48300,Gasoline,383.0HP 5.7L 8 Cylinder Engine Gasoline Fuel,Automatic,White,Red,None reported,Yes,"$82,000",383.0,5.7,V8,8.0
2120,2120,BMW,M3 Base,2008,94000,Gasoline,414.0HP 4.0L 8 Cylinder Engine Gasoline Fuel,Manual,Gray,Red,None reported,Yes,"$25,999",414.0,4.0,I6,4.0
2121,2121,Nissan,Xterra Pro-4X,2011,183000,Gasoline,261.0HP 4.0L V6 Cylinder Engine Gasoline Fuel,Automatic,Black,Gray,At least 1 accident or damage reported,Yes,"$12,000",261.0,4.0,V6,5.0
2122,2122,Ford,Fusion Hybrid SE Hybrid,2013,126225,Hybrid,188.0HP 2.0L 4 Cylinder Engine Gas/Electric Hybrid,Automatic,Silver,Black,At least 1 accident or damage reported,Yes,"$11,500",188.0,2.0,I4,5.0
2123,2123,Volkswagen,Golf GTI 2.0T SE 4-Door,2016,87892,Gasoline,210.0HP 2.0L 4 Cylinder Engine Gasoline Fuel,Manual,Gray,Black,None reported,Yes,"$16,000",210.0,2.0,I4,5.0
2124,2124,Cadillac,CTS-V Base,2012,45000,Gasoline,556.0HP 6.2L 8 Cylinder Engine Gasoline Fuel,Automatic,Red,Black,None reported,Yes,"$41,500",556.0,6.2,V8,5.0
2125,2125,Aston,Martin Vantage Base,2022,1023,Gasoline,503.0HP 4.0L 8 Cylinder Engine Gasoline Fuel,Automatic,Blue,Brown,None reported,Yes,"$156,900",503.0,4.0,V8,2.0
2126,2126,Lexus,GX 460 Base,2015,106000,Gasoline,301.0HP 4.6L 8 Cylinder Engine Gasoline Fuel,Automatic,Black,Beige,None reported,Yes,"$37,500",301.0,4.6,V8,5.0
2127,2127,GMC,Acadia SLT-1,2019,51300,Gasoline,193.0HP 2.5L 4 Cylinder Engine Gasoline Fuel,Automatic,Black,Black,At least 1 accident or damage reported,Yes,"$25,500",193.0,2.5,I4,7.0
2128,2128,Ford,Bronco Sport Big Bend,2021,30176,Gasoline,1.5L I3 12V PDI DOHC Turbo,Automatic,Black,Medium Dark Slate,None reported,Yes,"$28,979",181.0,1.5,I3,5.0
2129,2129,Nissan,Titan SV,2021,27598,Gasoline,5.6L V8 32V GDI DOHC,Automatic,Black,Black,None reported,No,"$39,884",400.0,5.6,V8,5.0
2130,2130,Volkswagen,Jetta SportWagen SE,2012,107000,Gasoline,170.0HP 2.5L 5 Cylinder Engine Gasoline Fuel,Automatic,Black,Beige,None reported,Yes,"$9,499",170.0,2.5,I5,5.0
2131,2131,Land,Rover Range Rover 5.0L V8 Supercharged,2019,17500,Gasoline,518.0HP 5.0L 8 Cylinder Engine Gasoline Fuel,Automatic,Black,Black,None reported,Yes,"$65,000",518.0,5.0,V8,5.0
2132,2132,RAM,2500 Laramie,2017,117878,Diesel,350.0HP 6.7L Straight 6 Cylinder Engine Diesel Fuel,Dual Shift,Red,Black,None reported,Yes,"$42,000",350.0,6.7,Straight 6,5.0
2133,2133,Nissan,Murano SL,2010,138700,Gasoline,265.0HP 3.5L V6 Cylinder Engine Gasoline Fuel,Automatic,Gray,Black,At least 1 accident or damage reported,Yes,"$7,000",265.0,3.5,V6,5.0
2134,2134,Cadillac,Escalade ESV Base,2009,152068,E85 Flex Fuel,403.0HP 6.2L 8 Cylinder Engine Flex Fuel Capability,Automatic,White,Black,At least 1 accident or damage reported,Yes,"$12,350",403.0,6.2,V8,8.0
2135,2135,BMW,428 i xDrive SULEV,2016,77000,Gasoline,240.0HP 2.0L 4 Cylinder Engine Gasoline Fuel,Dual Shift,White,Red,At least 1 accident or damage reported,Yes,"$26,999",240.0,2.0,I4,5.0
2136,2136,Ford,Focus RS Base,2017,26000,Gasoline,350.0HP 2.3L 4 Cylinder Engine Gasoline Fuel,Manual,Gray,Black,None reported,Yes,"$37,000",350.0,2.3,I4,4.0
2137,2137,Lexus,CT 200h Premium,2014,131200,Hybrid,134.0HP 1.8L 4 Cylinder Engine Gas/Electric Hybrid,Automatic,Brown,Brown,None reported,Yes,"$14,000",134.0,1.8,I4,5.0
2138,2138,Buick,Enclave Leather,2017,83280,Gasoline,3.6L V6 24V GDI DOHC,Automatic,Quicksilver Metallic,Ebony,None reported,No,"$20,599",310.0,3.6,V6,7.0
2139,2139,BMW,M3 Base,2015,59000,Gasoline,425.0HP 3.0L Straight 6 Cylinder Engine Gasoline Fuel,Manual,Gray,Black,None reported,Yes,"$53,500",425.0,3.0,I6,4.0
2140,2140,Volkswagen,Arteon 2.0T SEL R-Line,2020,15500,Gasoline,268.0HP 2.0L 4 Cylinder Engine Gasoline Fuel,Automatic,Silver,Black,None reported,Yes,"$30,000",268.0,2.0,I4,5.0
2141,2141,BMW,X6 xDrive35i,2013,90000,Gasoline,300.0HP 3.0L Straight 6 Cylinder Engine Gasoline Fuel,Automatic,White,Red,None reported,Yes,"$19,950",300.0,3.0,I6,5.0
2142,2142,INFINITI,G35 Base,2006,94000,Gasoline,280.0HP 3.5L V6 Cylinder Engine Gasoline Fuel,Dual Shift,White,Gray,At least 1 accident or damage reported,Yes,"$10,995",280.0,3.5,V6,5.0
2143,2143,Hummer,H2 Base,2008,63750,Gasoline,393.0HP 6.2L 8 Cylinder Engine Gasoline Fuel,Automatic,White,Black,At least 1 accident or damage reported,Yes,"$55,000",393.0,6.2,V8,5.0
2144,2144,Mercedes-Benz,C-Class C 300 4MATIC Luxury,2011,95500,Gasoline,228.0HP 3.0L V6 Cylinder Engine Gasoline Fuel,Automatic,Black,Beige,At least 1 accident or damage reported,Yes,"$15,990",228.0,3.0,V6,5.0
2145,2145,Acura,ILX Premium Package,2019,37900,Gasoline,201.0HP 2.4L 4 Cylinder Engine Gasoline Fuel,Automatic,White,Black,None reported,Yes,"$26,000",201.0,2.4,I4,5.0
2146,2146,Porsche,911 GT3,2015,13250,Gasoline,475.0HP 3.8L Flat 6 Cylinder Engine Gasoline Fuel,Automatic,Brown,Gray,None reported,Yes,"$154,900",475.0,3.8,H6,2.0
2147,2147,RAM,1500 Longhorn,2019,76249,Gasoline,5.7L V8 16V MPFI OHV,Automatic,Diamond Black,Mountain Brown,At least 1 accident or damage reported,No,"$40,995",395.0,5.7,V8,5.0
2148,2148,BMW,M3 Base,2001,81000,Gasoline,333.0HP 3.2L Straight 6 Cylinder Engine Gasoline Fuel,Manual,Blue,Gray,None reported,Yes,"$39,000",333.0,3.2,I6,4.0
2149,2149,Chevrolet,Suburban LT,2022,37806,Gasoline,355.0HP 5.3L 8 Cylinder Engine Gasoline Fuel,Automatic,Black,Black,None reported,Yes,"$60,894",355.0,5.3,V8,8.0
2150,2150,Dodge,Ram 2500 ST,2010,151544,Gasoline,355.0HP 5.7L 8 Cylinder Engine Gasoline Fuel,Automatic,Brown,Gray,At least 1 accident or damage reported,Yes,"$17,700",355.0,5.7,V8,5.0
2151,2151,Chevrolet,Camaro 2SS,2012,60345,Gasoline,400.0HP 6.2L 8 Cylinder Engine Gasoline Fuel,Automatic,Yellow,Black,None reported,Yes,"$26,950",400.0,6.2,V8,4.0
2152,2152,Dodge,Challenger SE,2010,90305,Gasoline,250.0HP 3.5L V6 Cylinder Engine Gasoline Fuel,Automatic,Gray,Black,None reported,Yes,"$12,000",250.0,3.5,V6,4.0
2153,2153,Jeep,Grand Cherokee L Limited,2022,13275,Gasoline,3.6L V6 24V MPFI DOHC,Automatic,Velvet Red Pearlcoat,Global Black,None reported,No,"$42,599",290.0,3.6,V6,7.0
2154,2154,Chevrolet,Camaro 2SS,2018,8660,Gasoline,455.0HP 6.2L 8 Cylinder Engine Gasoline Fuel,Automatic,White,Black,None reported,Yes,"$45,000",455.0,6.2,V8,4.0
2155,2155,Ford,F-350 Lariat,2021,28220,Diesel,475.0HP 6.7L 8 Cylinder Engine Diesel Fuel,Automatic,Silver,Black,None reported,Yes,"$73,600",475.0,6.7,V8,5.0
2156,2156,Ford,F-250 King Ranch,2015,97700,Diesel,440.0HP 6.7L 8 Cylinder Engine Diesel Fuel,Automatic,Black,–,None reported,Yes,"$39,950",440.0,6.7,V8,5.0
2157,2157,Chevrolet,Corvette Stingray w/3LT,2023,4200,Gasoline,490.0HP 6.2L 8 Cylinder Engine Gasoline Fuel,Automatic,White,Black,None reported,Yes,"$98,000",490.0,6.2,V8,2.0
2158,2158,Bentley,Continental GT V8 First Edition,2020,27404,Gasoline,"4L V-8 gasoline direct injection, DOHC, variable valve control,",Automatic,Dark Sapphire,Linen,None reported,No,"$199,991",542.0,4.0,V8,4.0
2159,2159,Lincoln,MKC Reserve,2016,100000,Gasoline,240.0HP 2.0L 4 Cylinder Engine Gasoline Fuel,Dual Shift,White,White,None reported,Yes,"$24,000",240.0,2.0,I4,5.0
2160,2160,Ford,Excursion Limited,2001,333361,Diesel,250.0HP 7.3L 8 Cylinder Engine Diesel Fuel,Automatic,Black,Beige,At least 1 accident or damage reported,Yes,"$17,000",250.0,7.3,V10,8.0
2161,2161,Land,Rover Discovery SE,2018,63295,Gasoline,340.0HP 3.0L V6 Cylinder Engine Gasoline Fuel,Automatic,Blue,White,None reported,Yes,"$29,993",340.0,3.0,V6,7.0
2162,2162,Land,Rover Defender V8,2022,3000,Gasoline,518.0HP 5.0L 8 Cylinder Engine Gasoline Fuel,Automatic,Black,Black,None reported,Yes,"$96,500",518.0,5.0,V8,5.0
2163,2163,Chevrolet,Silverado 1500 2LT,2014,102604,E85 Flex Fuel,355.0HP 5.3L 8 Cylinder Engine Flex Fuel Capability,Automatic,Gray,Gray,None reported,Yes,"$25,500",355.0,5.3,V8,5.0
2164,2164,Mercedes-Benz,AMG G 63 Base,2017,39800,Gasoline,563.0HP 5.5L 8 Cylinder Engine Gasoline Fuel,Automatic,White,Red,None reported,Yes,"$99,000",563.0,5.5,V8,5.0
2165,2165,Ford,F-250 XLT,2019,124000,E85 Flex Fuel,385.0HP 6.2L 8 Cylinder Engine Flex Fuel Capability,Automatic,White,Gray,None reported,Yes,"$40,100",385.0,6.2,V8,5.0
2166,2166,Tesla,Model 3 Base,2022,12080,not defined,271.0HP Electric Motor Electric Fuel System,Automatic,Black,Black,None reported,Yes,"$36,750",271.0,0.0,Electric,5.0
2167,2167,Lexus,LX 570 Three-Row,2018,39300,Gasoline,383.0HP 5.7L 8 Cylinder Engine Gasoline Fuel,Dual Shift,Black,Black,None reported,Yes,"$69,500",383.0,5.7,V8,8.0
2168,2168,INFINITI,QX60 Luxe,2019,51000,Gasoline,295.0HP 3.5L V6 Cylinder Engine Gasoline Fuel,Automatic,Gray,–,At least 1 accident or damage reported,Yes,"$29,000",295.0,3.5,V6,7.0
2169,2169,Rivian,R1S Adventure Package,2023,250,not defined,835.0HP Electric Motor Electric Fuel System,Automatic,Green,Black,not defined,No,"$97,500",835.0,0.0,Electric,7.0
2170,2170,Land,Rover Range Rover Sport 3.0L Supercharged HSE,2017,67000,Gasoline,340.0HP 3.0L V6 Cylinder Engine Gasoline Fuel,Automatic,Gray,Beige,None reported,Yes,"$35,999",340.0,3.0,V6,5.0
2171,2171,INFINITI,QX60 Base,2014,95400,Gasoline,265.0HP 3.5L V6 Cylinder Engine Gasoline Fuel,Automatic,White,Beige,not defined,No,"$14,195",265.0,3.5,V6,7.0
2172,2172,Hyundai,Sonata GLS,2013,136991,Gasoline,198.0HP 2.4L 4 Cylinder Engine Gasoline Fuel,Automatic,Gray,Gray,None reported,Yes,"$11,000",198.0,2.4,I4,5.0
2173,2173,Toyota,Tundra Limited,2022,3959,Gasoline,389.0HP 3.4L V6 Cylinder Engine Gasoline Fuel,Automatic,Blue,Gray,None reported,Yes,"$55,000",389.0,3.4,V6,5.0
2174,2174,Jeep,Grand Cherokee Limited,2020,47500,Gasoline,293.0HP 3.6L V6 Cylinder Engine Gasoline Fuel,Automatic,Purple,Black,None reported,Yes,"$31,000",293.0,3.6,V6,5.0
2175,2175,Ford,F-350 Lariat Crew Cab Super Duty DRW,2005,176691,Diesel,325.0HP 6.0L 8 Cylinder Engine Diesel Fuel,Automatic,White,Beige,At least 1 accident or damage reported,Yes,"$13,000",325.0,6.0,V8,6.0
2176,2176,Tesla,Model 3 Performance,2021,33000,not defined,455.0HP Electric Motor Electric Fuel System,Automatic,Red,White,None reported,Yes,"$55,000",455.0,0.0,Electric,5.0
2177,2177,Mercedes-Benz,CLS-Class CLS 550,2014,34600,Gasoline,402.0HP 4.7L 8 Cylinder Engine Gasoline Fuel,Dual Shift,Black,Black,None reported,Yes,"$27,500",402.0,4.7,V8,5.0
2178,2178,RAM,2500 SLT,2014,84500,Gasoline,410.0HP 6.4L 8 Cylinder Engine Gasoline Fuel,Automatic,Black,Gray,None reported,Yes,"$34,000",410.0,6.4,I6,5.0
2179,2179,Kia,Sorento Hybrid EX,2022,36100,Hybrid,227.0HP 1.6L 4 Cylinder Engine Gas/Electric Hybrid,Automatic,Black,White,None reported,Yes,"$37,500",227.0,1.6,I4,5.0
2180,2180,Hyundai,Genesis 3.8,2015,92225,Gasoline,311.0HP 3.8L V6 Cylinder Engine Gasoline Fuel,Automatic,Black,Black,At least 1 accident or damage reported,Yes,"$17,000",311.0,3.8,V6,5.0
2181,2181,Jeep,Compass Latitude,2020,17500,Gasoline,180.0HP 2.4L 4 Cylinder Engine Gasoline Fuel,Automatic,Silver,Black,None reported,Yes,"$25,695",180.0,2.4,I4,5.0
2182,2182,Ford,Fusion SE,2011,114323,Gasoline,175.0HP 2.5L 4 Cylinder Engine Gasoline Fuel,Automatic,Black,Black,None reported,Yes,"$6,000",175.0,2.5,I4,5.0
2183,2183,Toyota,FJ Cruiser Base,2014,92000,Gasoline,260.0HP 4.0L V6 Cylinder Engine Gasoline Fuel,Automatic,Beige,Black,None reported,Yes,"$27,500",260.0,4.0,V6,5.0
2184,2184,BMW,430 Gran Coupe i xDrive,2018,29025,Gasoline,2.0 Liter DOHC T/C,Automatic,Carbon Black Metallic,Black,None reported,No,"$29,998",248.0,2.0,I4,4.0
2185,2185,Dodge,Durango SRT 392,2021,17000,Gasoline,475.0HP 6.4L 8 Cylinder Engine Gasoline Fuel,Dual Shift,Blue,Black,None reported,Yes,"$65,000",475.0,6.4,V8,7.0
2186,2186,Hyundai,Santa Fe GLS,2015,96476,Gasoline,290.0HP 3.3L V6 Cylinder Engine Gasoline Fuel,Automatic,White,Gray,None reported,Yes,"$13,000",290.0,3.3,V6,5.0
2187,2187,Volkswagen,Atlas 3.6L SEL Premium,2021,36311,Gasoline,3.6L V6 24V GDI DOHC,Automatic,Deep Black Pearl Effect,Titan Black / Quarzit,None reported,Yes,"$39,127",276.0,3.6,V6,7.0
2188,2188,Land,Rover Range Rover Sport 5.0L Supercharged Dynamic,2016,56842,Gasoline,510.0HP 5.0L 8 Cylinder Engine Gasoline Fuel,Dual Shift,Silver,Black,None reported,Yes,"$35,000",510.0,5.0,V8,5.0
2189,2189,Nissan,Murano SV,2021,23677,Gasoline,3.5L V6 24V MPFI DOHC,Automatic,Sunset Drift Chromaflair,Graphite,None reported,No,"$29,510",260.0,3.5,V6,5.0
2190,2190,Buick,Envision Essence,2020,27340,Gasoline,2.5L I4 16V GDI DOHC,Automatic,Summit White,Ebony,None reported,No,"$31,700",197.0,2.5,I4,5.0
2191,2191,Chevrolet,Silverado 1500 RST,2020,26177,Gasoline,5.3L V8 16V GDI OHV,Automatic,Shadow Gray Metallic,Jet Black,not defined,No,"$41,986",355.0,5.3,V8,5.0
2192,2192,Pontiac,Solstice GXP,2009,122348,Gasoline,260.0HP 2.0L 4 Cylinder Engine Gasoline Fuel,Automatic,Red,Black,At least 1 accident or damage reported,Yes,"$10,000",260.0,2.0,I4,2.0
2193,2193,BMW,640 Gran Coupe i xDrive,2015,98000,Gasoline,315.0HP 3.0L Straight 6 Cylinder Engine Gasoline Fuel,Dual Shift,Black,Beige,None reported,Yes,"$22,500",315.0,3.0,I6,4.0
2194,2194,Tesla,Model 3 Standard Range Plus,2019,32300,not defined,Electric Motor Electric Fuel System,Automatic,Black,Black,None reported,Yes,"$29,000",271.0,0.0,Electric,5.0
2195,2195,MINI,Countryman Cooper S,2019,18997,Gasoline,189.0HP 2.0L 4 Cylinder Engine Gasoline Fuel,Dual Shift,Red,Black,None reported,Yes,"$26,750",189.0,2.0,I4,5.0
2196,2196,Porsche,Boxster GTS,2016,40350,Gasoline,330.0HP 3.4L Flat 6 Cylinder Engine Gasoline Fuel,Automatic,Gray,Black,None reported,Yes,"$67,995",330.0,3.4,Flat 6,2.0
2197,2197,Ford,Expedition EL King Ranch,2011,156856,E85 Flex Fuel,310.0HP 5.4L 8 Cylinder Engine Flex Fuel Capability,Automatic,Black,Brown,None reported,Yes,"$14,300",310.0,5.4,V8,8.0
2198,2198,Bentley,Continental GT GT Speed,2022,1919,Gasoline,12 Cylinder Engine,Automatic,Granite,Porpoise,None reported,No,"$289,991",650.0,6.0,V12,4.0
2199,2199,BMW,X5 M Base,2017,61773,Gasoline,567.0HP 4.4L 8 Cylinder Engine Gasoline Fuel,Dual Shift,Gray,Black,None reported,Yes,"$46,000",567.0,4.4,V8,5.0
2200,2200,Ford,Mustang GT Premium,2011,74500,Gasoline,412.0HP 5.0L 8 Cylinder Engine Gasoline Fuel,Manual,Black,Black,None reported,Yes,"$22,000",412.0,5.0,V8,4.0
2201,2201,Jeep,Compass Sport,2016,99000,Gasoline,172.0HP 2.4L 4 Cylinder Engine Gasoline Fuel,Automatic,White,Gray,At least 1 accident or damage reported,Yes,"$5,000",172.0,2.4,I4,5.0
2202,2202,INFINITI,G37 Sport,2008,63496,Gasoline,330.0HP 3.7L V6 Cylinder Engine Gasoline Fuel,Manual,Black,Black,None reported,Yes,"$15,000",330.0,3.7,V6,4.0
2203,2203,Ford,F-150 XLT,2022,18465,Gasoline,400.0HP 3.5L V6 Cylinder Engine Gasoline Fuel,Automatic,Black,Gray,None reported,Yes,"$47,500",400.0,3.5,V6,5.0
2204,2204,Porsche,911 Carrera 4S,2007,42635,Gasoline,355.0HP 3.8L Flat 6 Cylinder Engine Gasoline Fuel,Dual Shift,Blue,Blue,None reported,Yes,"$72,995",355.0,3.8,H6,4.0
2205,2205,INFINITI,G35 Base,2005,99000,Gasoline,298.0HP 3.5L V6 Cylinder Engine Gasoline Fuel,Manual,Silver,Black,None reported,Yes,"$18,900",298.0,3.5,V6,5.0
2206,2206,Chrysler,300C Base,2013,87500,Gasoline,292.0HP 3.6L V6 Cylinder Engine Gasoline Fuel,Automatic,White,Beige,None reported,Yes,"$13,750",292.0,3.6,V6,5.0
2207,2207,Toyota,Camry Solara SLE,2007,138000,Gasoline,210.0HP 3.3L V6 Cylinder Engine Gasoline Fuel,Automatic,White,Beige,None reported,Yes,"$6,800",210.0,3.3,V6,5.0
2208,2208,Lexus,IS 300 Base,2018,70891,Gasoline,260.0HP 3.5L V6 Cylinder Engine Gasoline Fuel,Dual Shift,White,Black,None reported,Yes,"$28,995",260.0,3.5,V6,5.0
2209,2209,Buick,Enclave Essence,2020,55403,Gasoline,310.0HP 3.6L V6 Cylinder Engine Gasoline Fuel,Automatic,Red,Gray,At least 1 accident or damage reported,Yes,"$29,444",310.0,3.6,V6,7.0
2210,2210,BMW,M4 Competition xDrive,2022,3213,Gasoline,503.0HP 3.0L Straight 6 Cylinder Engine Gasoline Fuel,Automatic,Black,Red,None reported,Yes,"$89,995",503.0,3.0,Straight 6,4.0
2211,2211,Pontiac,GTO Base,2005,142314,Gasoline,400.0HP 6.0L 8 Cylinder Engine Gasoline Fuel,Manual,Red,Red,At least 1 accident or damage reported,Yes,"$21,999",400.0,6.0,V8,2.0
2212,2212,Toyota,FJ Cruiser Base,2013,53000,Gasoline,260.0HP 4.0L V6 Cylinder Engine Gasoline Fuel,Automatic,Blue,Black,None reported,Yes,"$36,740",260.0,4.0,V6,5.0
2213,2213,Hyundai,Elantra SE,2014,120250,Gasoline,145.0HP 1.8L 4 Cylinder Engine Gasoline Fuel,Automatic,Blue,Gray,None reported,Yes,"$7,500",145.0,1.8,I4,5.0
2214,2214,Porsche,Macan S,2015,72329,Gasoline,340.0HP 3.0L V6 Cylinder Engine Gasoline Fuel,Automatic,Silver,Black,None reported,Yes,"$29,500",340.0,3.0,V6,5.0
2215,2215,Hummer,H3 Base,2007,153692,Gasoline,242.0HP 3.7L 5 Cylinder Engine Gasoline Fuel,Automatic,Beige,Black,None reported,Yes,"$9,995",242.0,3.7,I5,5.0
2216,2216,Tesla,Model 3 Long Range,2021,32670,not defined,Electric Motor Electric Fuel System,Automatic,White,Black,None reported,Yes,"$37,000",346.0,0.0,Electric,5.0
2217,2217,Ford,Transit-350 Base,2018,235000,Gasoline,275.0HP 3.7L V6 Cylinder Engine Gasoline Fuel,Automatic,White,Gray,not defined,No,"$18,000",275.0,3.7,V6,12.0
2218,2218,Rivian,R1T Launch Edition,2022,8681,not defined,835.0HP Electric Motor Electric Fuel System,Automatic,Gray,Black,None reported,Yes,"$82,000",835.0,0.0,Electric,5.0
2219,2219,Audi,S4 3.0 Prestige,2012,98400,Gasoline,333.0HP 3.0L V6 Cylinder Engine Gasoline Fuel,Automatic,White,White,None reported,Yes,"$18,000",333.0,3.0,V6,5.0
2220,2220,Toyota,4Runner SR5 Premium,2023,1400,Gasoline,270.0HP 4.0L V6 Cylinder Engine Gasoline Fuel,Automatic,White,Black,None reported,Yes,"$46,500",270.0,4.0,V6,5.0
2221,2221,Tesla,Model 3 Mid Range,2018,32000,not defined,271.0HP Electric Motor Electric Fuel System,Automatic,Black,Black,None reported,Yes,"$29,999",271.0,0.0,Electric,5.0
2222,2222,Ford,F-250 Base,1997,92800,Gasoline,210.0HP 5.8L 8 Cylinder Engine Gasoline Fuel,Automatic,White,Gray,None reported,Yes,"$9,000",210.0,5.8,V8,5.0
2223,2223,Mercedes-Benz,G-Class G 550 4MATIC,2021,75151,Gasoline,416.0HP 4.0L 8 Cylinder Engine Gasoline Fuel,Automatic,Black,Black,None reported,Yes,"$130,000",416.0,4.0,V8,5.0
2224,2224,Subaru,Legacy 2.5 GT spec.B,2008,94000,Gasoline,243.0HP 2.5L 4 Cylinder Engine Gasoline Fuel,Manual,Gray,Blue,None reported,Yes,"$12,500",243.0,2.5,I4,5.0
2225,2225,Mercedes-Benz,E-Class E 350,2014,67350,Gasoline,302.0HP 3.5L V6 Cylinder Engine Gasoline Fuel,Automatic,Silver,–,At least 1 accident or damage reported,Yes,"$18,700",302.0,3.5,V6,5.0
2226,2226,BMW,M3 Base,2001,66500,Gasoline,333.0HP 3.2L Straight 6 Cylinder Engine Gasoline Fuel,Manual,Red,Black,None reported,Yes,"$21,000",333.0,3.2,I6,4.0
2227,2227,Mercedes-Benz,C-Class C 250 Sport,2014,70612,Gasoline,201.0HP 1.8L 4 Cylinder Engine Gasoline Fuel,Automatic,White,Beige,None reported,Yes,"$14,500",201.0,1.8,I4,5.0
2228,2228,Toyota,Sienna XLE Limited,2007,112630,Gasoline,266.0HP 3.5L V6 Cylinder Engine Gasoline Fuel,Automatic,Silver,Gray,At least 1 accident or damage reported,Yes,"$11,500",266.0,3.5,V6,7.0
2229,2229,Dodge,Avenger SE,2014,124705,E85 Flex Fuel,283.0HP 3.6L V6 Cylinder Engine Flex Fuel Capability,Automatic,Black,Black,None reported,Yes,"$6,499",283.0,3.6,V6,5.0
2230,2230,BMW,M240 i,2018,61000,Gasoline,335.0HP 3.0L Straight 6 Cylinder Engine Gasoline Fuel,Manual,Blue,Black,At least 1 accident or damage reported,Yes,"$34,000",335.0,3.0,I6,4.0
2231,2231,RAM,3500 SLT,2017,157272,Diesel,350.0HP 6.7L Straight 6 Cylinder Engine Diesel Fuel,Automatic,White,Gray,At least 1 accident or damage reported,Yes,"$32,999",350.0,6.7,I6,5.0
2232,2232,Mercedes-Benz,GL-Class GL 450 4MATIC,2015,84000,Gasoline,362.0HP 3.0L V6 Cylinder Engine Gasoline Fuel,Automatic,Blue,Gray,None reported,Yes,"$20,399",362.0,3.0,V6,7.0
2233,2233,Jeep,Gladiator Rubicon,2020,27981,Gasoline,285.0HP 3.6L V6 Cylinder Engine Gasoline Fuel,Automatic,Red,Black,None reported,Yes,"$47,500",285.0,3.6,V6,5.0
2234,2234,Bentley,Continental GT Base,2009,18000,Gasoline,552.0HP 6.0L 12 Cylinder Engine Gasoline Fuel,Automatic,Blue,Beige,None reported,Yes,"$63,000",552.0,6.0,V12,2.0
2235,2235,Tesla,Model 3 Long Range,2019,27123,not defined,425.0HP Electric Motor Electric Fuel System,Automatic,Red,Black,None reported,Yes,"$38,200",425.0,0.0,Electric,5.0
2236,2236,Chevrolet,Corvette Stingray w/2LT,2021,3053,Gasoline,490.0HP 6.2L 8 Cylinder Engine Gasoline Fuel,Dual Shift,Silver,Gray,None reported,Yes,"$83,900",490.0,6.2,V8,2.0
2237,2237,Audi,Q5 3.0T Premium Plus,2015,60251,Gasoline,272.0HP 3.0L V6 Cylinder Engine Gasoline Fuel,Automatic,Black,Black,At least 1 accident or damage reported,Yes,"$19,000",272.0,3.0,V6,5.0
2238,2238,Mazda,MX-5 Miata Club,2021,5093,Gasoline,181.0HP 2.0L 4 Cylinder Engine Gasoline Fuel,Manual,Gray,Black,None reported,Yes,"$28,000",181.0,2.0,I4,2.0
2239,2239,Bentley,Bentayga W12 Signature,2018,31875,Gasoline,600.0HP 6.0L 12 Cylinder Engine Gasoline Fuel,Automatic,White,Black,None reported,Yes,"$115,785",600.0,6.0,W12,5.0
2240,2240,Mercedes-Benz,S-Class S500,2005,175722,Gasoline,302.0HP 5.0L 8 Cylinder Engine Gasoline Fuel,Automatic,White,Beige,None reported,Yes,"$7,000",302.0,5.0,V8,5.0
2241,2241,BMW,M6 Base,2015,17900,Gasoline,560.0HP 4.4L 8 Cylinder Engine Gasoline Fuel,Dual Shift,Black,Black,None reported,Yes,"$59,900",560.0,4.4,V8,4.0
2242,2242,GMC,Yukon SLT,2015,142792,Gasoline,355.0HP 5.3L 8 Cylinder Engine Gasoline Fuel,Automatic,White,Brown,None reported,Yes,"$22,999",355.0,5.3,V8,7.0
2243,2243,BMW,750 iL,2001,53814,Gasoline,326.0HP 5.4L 12 Cylinder Engine Gasoline Fuel,Automatic,Gray,Gray,not defined,No,"$11,800",326.0,5.4,V12,5.0
2244,2244,Toyota,Tundra Limited,2010,89400,Gasoline,381.0HP 5.7L 8 Cylinder Engine Gasoline Fuel,Automatic,White,Gray,None reported,Yes,"$26,900",381.0,5.7,V8,5.0
2245,2245,Chrysler,300C Base,2007,86000,Gasoline,340.0HP 5.7L 8 Cylinder Engine Gasoline Fuel,Automatic,Gray,Black,None reported,Yes,"$15,000",340.0,5.7,V8,5.0
2246,2246,smart,ForTwo Pure,2008,61595,Gasoline,70.0HP 1.0L 3 Cylinder Engine Gasoline Fuel,Automatic,Blue,Gray,None reported,Yes,"$5,000",70.0,1.0,I3,2.0
2247,2247,Toyota,Tundra SR,2018,74000,E85 Flex Fuel,381.0HP 5.7L 8 Cylinder Engine Flex Fuel Capability,Automatic,Beige,Black,At least 1 accident or damage reported,Yes,"$38,000",381.0,5.7,V8,5.0
2248,2248,Hummer,H2 Base,2004,130000,Gasoline,316.0HP 6.0L 8 Cylinder Engine Gasoline Fuel,Automatic,Black,Black,At least 1 accident or damage reported,Yes,"$16,500",316.0,6.0,V8,5.0
2249,2249,BMW,ALPINA B7 Base,2015,86000,Gasoline,540.0HP 4.4L 8 Cylinder Engine Gasoline Fuel,Automatic,Black,White,At least 1 accident or damage reported,Yes,"$29,000",540.0,4.4,V8,5.0
2250,2250,Land,Rover Range Rover Sport Supercharged,2008,140600,Gasoline,390.0HP 4.2L 8 Cylinder Engine Gasoline Fuel,Automatic,Red,Beige,None reported,Yes,"$7,500",390.0,4.2,V8,5.0
2251,2251,Audi,A4 2.0T Tech Premium,2018,27532,Gasoline,252.0HP 2.0L 4 Cylinder Engine Gasoline Fuel,Automatic,Gray,Black,None reported,Yes,"$27,900",252.0,2.0,I4,5.0
2252,2252,Ford,Focus SE,2017,91000,E85 Flex Fuel,160.0HP 2.0L 4 Cylinder Engine Flex Fuel Capability,Automatic,Gray,Black,None reported,Yes,"$12,500",160.0,2.0,I4,5.0
2253,2253,Mercedes-Benz,E-Class E 550 4MATIC,2014,63000,Gasoline,402.0HP 4.7L 8 Cylinder Engine Gasoline Fuel,Automatic,Silver,Black,None reported,Yes,"$28,500",402.0,4.7,V8,5.0
2254,2254,Jeep,Wrangler Unlimited 4xe Sahara,2022,10500,Plug-In Hybrid,375.0HP 2.0L 4 Cylinder Engine Plug-In Electric/Gas,Automatic,Green,Beige,None reported,Yes,"$49,999",375.0,2.0,I4,5.0
2255,2255,Mercedes-Benz,M-Class ML 350 4MATIC,2014,75073,E85 Flex Fuel,302.0HP 3.5L V6 Cylinder Engine Flex Fuel Capability,Automatic,Gray,Black,None reported,Yes,"$21,500",302.0,3.5,V6,5.0
2256,2256,Jeep,Wrangler Sahara,2008,140000,Gasoline,202.0HP 3.8L V6 Cylinder Engine Gasoline Fuel,Automatic,Silver,–,At least 1 accident or damage reported,Yes,"$9,000",202.0,3.8,V6,5.0
2257,2257,Mercedes-Benz,A-Class A 220 4MATIC,2019,30300,Gasoline,188.0HP 2.0L 4 Cylinder Engine Gasoline Fuel,Automatic,Silver,Black,None reported,Yes,"$30,500",188.0,2.0,I4,5.0
2258,2258,Chevrolet,Malibu 1LT,2009,139000,Gasoline,169.0HP 2.4L 4 Cylinder Engine Gasoline Fuel,Automatic,White,Black,None reported,Yes,"$4,200",169.0,2.4,I4,5.0
2259,2259,Hummer,H3 Base,2006,118000,Gasoline,220.0HP 3.5L 5 Cylinder Engine Gasoline Fuel,Automatic,Gray,Black,None reported,Yes,"$17,900",220.0,3.5,I5,5.0
2260,2260,BMW,i8 Base,2015,51000,Plug-In Hybrid,357.0HP 1.5L 3 Cylinder Engine Plug-In Electric/Gas,Dual Shift,Gray,Brown,None reported,Yes,"$53,000",357.0,1.5,I3,4.0
2261,2261,Cadillac,XLR Base,2009,69423,Gasoline,320.0HP 4.6L 8 Cylinder Engine Gasoline Fuel,Automatic,Red,Beige,None reported,Yes,"$36,500",320.0,4.6,V8,2.0
2262,2262,Lincoln,MKZ Select,2017,52284,Gasoline,240.0HP 2.0L 4 Cylinder Engine Gasoline Fuel,Automatic,Blue,Beige,At least 1 accident or damage reported,Yes,"$12,500",240.0,2.0,I4,5.0
2263,2263,Chevrolet,Silverado 1500 W/T,2006,111228,Gasoline,195.0HP 4.3L V6 Cylinder Engine Gasoline Fuel,Automatic,Blue,Gray,At least 1 accident or damage reported,Yes,"$4,000",195.0,4.3,V6,5.0
2264,2264,Land,Rover Range Rover Sport HSE,2019,52300,Gasoline,340.0HP 3.0L V6 Cylinder Engine Gasoline Fuel,Dual Shift,Black,Black,None reported,Yes,"$49,900",340.0,3.0,V6,5.0
2265,2265,Nissan,Titan SL,2021,95993,Gasoline,5.6L V8 32V GDI DOHC,Automatic,White,Black,None reported,Yes,"$32,612",400.0,5.6,V8,5.0
2266,2266,Kia,Telluride SX,2022,26716,Gasoline,"LAMBDA II 3.8L V-6 gasoline direct injection, DOHC, D-CVVT varia",Automatic,Dark Moss,Black,None reported,No,"$47,541",291.0,3.8,V6,7.0
2267,2267,Chevrolet,Tahoe RST,2023,39517,Gasoline,5.3L V8 16V GDI OHV,Automatic,Black,Jet Black,At least 1 accident or damage reported,No,"$67,190",355.0,5.3,V8,7.0
2268,2268,Ford,Mustang GT Premium,2019,31600,Gasoline,460.0HP 5.0L 8 Cylinder Engine Gasoline Fuel,Manual,Blue,Gray,None reported,Yes,"$41,000",460.0,5.0,V8,4.0
2269,2269,BMW,330 i,2017,83298,Gasoline,248.0HP 2.0L 4 Cylinder Engine Gasoline Fuel,Automatic,Black,Black,None reported,Yes,"$18,300",248.0,2.0,I4,5.0
2270,2270,Land,Rover Range Rover Sport 3.0L Supercharged HSE,2017,95212,Gasoline,340.0HP 3.0L V6 Cylinder Engine Gasoline Fuel,Automatic,Brown,Beige,None reported,Yes,"$31,599",340.0,3.0,V6,5.0
2271,2271,Porsche,911 Carrera,2010,61600,Gasoline,345.0HP 3.6L Flat 6 Cylinder Engine Gasoline Fuel,Automatic,Black,Black,None reported,Yes,"$51,750",345.0,3.6,H6,2.0
2272,2272,INFINITI,QX56 Base,2011,130921,Gasoline,400.0HP 5.6L 8 Cylinder Engine Gasoline Fuel,Dual Shift,White,Beige,None reported,Yes,"$12,000",400.0,5.6,V8,8.0
2273,2273,RAM,2500 Tradesman,2020,41000,Gasoline,410.0HP 6.4L 8 Cylinder Engine Gasoline Fuel,Automatic,White,Gray,not defined,No,"$45,515",410.0,6.4,V8,5.0
2274,2274,BMW,840 i xDrive,2024,1500,Gasoline,335.0HP 3.0L Straight 6 Cylinder Engine Gasoline Fuel,Automatic,Gray,Brown,None reported,Yes,"$90,000",335.0,3.0,I6,4.0
2275,2275,MINI,Clubman Cooper S ALL4,2017,79950,Gasoline,189.0HP 2.0L 4 Cylinder Engine Gasoline Fuel,Automatic,Blue,Black,None reported,Yes,"$17,390",189.0,2.0,I4,5.0
2276,2276,Cadillac,Escalade ESV Premium Luxury Platinum,2021,31500,Gasoline,420.0HP 6.2L 8 Cylinder Engine Gasoline Fuel,Automatic,White,Beige,None reported,Yes,"$95,000",420.0,6.2,V8,8.0
2277,2277,Audi,R8 5.2 V10 plus,2017,61000,Gasoline,610.0HP 5.2L 10 Cylinder Engine Gasoline Fuel,Dual Shift,Gray,Black,None reported,Yes,"$140,000",610.0,5.2,V10,2.0
2278,2278,RAM,2500 Big Horn,2021,45867,Gasoline,6.4L V8 16V MPFI OHV,Automatic,Billet Silver Metallic Clearcoat,Diesel Gray / Black,None reported,Yes,"$43,449",350.0,6.4,V8,5.0
2279,2279,Porsche,911 Carrera 4,2014,22700,Gasoline,350.0HP 3.4L Flat 6 Cylinder Engine Gasoline Fuel,Manual,Silver,Black,At least 1 accident or damage reported,Yes,"$85,500",350.0,3.4,Flat 6,2.0
2280,2280,Bentley,Continental GT Base,2009,43000,Gasoline,552.0HP 6.0L 12 Cylinder Engine Gasoline Fuel,Automatic,Black,Black,None reported,Yes,"$48,500",552.0,6.0,V12,2.0
2281,2281,Toyota,Tundra SR5,2015,99000,Gasoline,310.0HP 4.6L 8 Cylinder Engine Gasoline Fuel,Automatic,Gray,Gray,None reported,Yes,"$27,000",310.0,4.6,V6,5.0
2282,2282,Toyota,4Runner SR5,2006,135000,Gasoline,236.0HP 4.0L V6 Cylinder Engine Gasoline Fuel,Automatic,White,Gray,None reported,Yes,"$16,900",236.0,4.0,V6,5.0
2283,2283,Cadillac,CTS 2.0L Turbo Luxury,2019,46000,Gasoline,265.0HP 2.0L 4 Cylinder Engine Gasoline Fuel,Automatic,Black,Beige,At least 1 accident or damage reported,Yes,"$29,000",265.0,2.0,I4,5.0
2284,2284,Ford,Focus SE,2014,79615,Gasoline,2.0L I4 16V GDI DOHC,Automatic,Black,Charcoal Black,None reported,Yes,"$10,995",160.0,2.0,I4,5.0
2285,2285,BMW,M5 Base,2021,13250,Gasoline,4.4L V8 32V GDI DOHC Twin Turbo,Automatic,Alpine White,Aragon Brown,None reported,No,"$86,900",560.0,4.4,V8,5.0
2286,2286,Land,Rover Range Rover 3.0L V6 Supercharged HSE,2019,41200,Gasoline,380.0HP 3.0L V6 Cylinder Engine Gasoline Fuel,Dual Shift,Black,Black,None reported,Yes,"$60,500",380.0,3.0,V6,5.0
2287,2287,Cadillac,Escalade ESV Luxury,2016,116500,Gasoline,420.0HP 6.2L 8 Cylinder Engine Gasoline Fuel,Automatic,Black,Brown,At least 1 accident or damage reported,Yes,"$30,500",420.0,6.2,V8,8.0
2288,2288,Acura,NSX Base,1993,75980,not defined,–,Automatic,Silver,Black,None reported,Yes,"$90,200",537.0,3.5,V6,2.0
2289,2289,Chevrolet,Corvette Z06,2018,24059,Gasoline,650.0HP 6.2L 8 Cylinder Engine Gasoline Fuel,Automatic,Gray,Black,None reported,Yes,"$87,150",650.0,6.2,V8,2.0
2290,2290,Audi,Q5 2.0T Premium Plus,2015,118500,E85 Flex Fuel,220.0HP 2.0L 4 Cylinder Engine Flex Fuel Capability,Automatic,Silver,Black,At least 1 accident or damage reported,Yes,"$15,400",220.0,2.0,I4,5.0
2291,2291,BMW,ALPINA B7 ALPINA B7 xDrive,2020,15097,Gasoline,4.4 Liter Twin Turbo,Automatic,Frozen Dark Silver Metallic,Black,None reported,No,"$99,998",600.0,4.4,V8,5.0
2292,2292,Maserati,Ghibli S Q4,2018,20000,Gasoline,424.0HP 3.0L V6 Cylinder Engine Gasoline Fuel,Automatic,White,Brown,None reported,Yes,"$43,000",424.0,3.0,V6,5.0
2293,2293,BMW,228 Gran Coupe i xDrive,2020,10426,Gasoline,2.0 Liter Turbo,Automatic,Black Sapphire Metallic,Oyster/Black,None reported,No,"$30,798",228.0,2.0,I4,5.0
2294,2294,Ford,Expedition Limited,2023,9500,Gasoline,400.0HP 3.5L V6 Cylinder Engine Gasoline Fuel,Automatic,Black,Red,At least 1 accident or damage reported,Yes,"$63,500",400.0,3.5,V6,8.0
2295,2295,Nissan,Frontier SE Crew Cab,2006,134000,Gasoline,265.0HP 4.0L V6 Cylinder Engine Gasoline Fuel,Automatic,Gray,Gray,At least 1 accident or damage reported,Yes,"$8,500",265.0,4.0,V6,5.0
2296,2296,Subaru,BRZ Limited,2022,10500,Gasoline,228.0HP 2.4L 4 Cylinder Engine Gasoline Fuel,Dual Shift,Gray,–,None reported,Yes,"$32,500",228.0,2.4,I4,2.0
2297,2297,Chevrolet,Malibu LT,2018,53100,Gasoline,160.0HP 1.5L 4 Cylinder Engine Gasoline Fuel,Automatic,Red,Black,None reported,Yes,"$17,500",160.0,1.5,I4,5.0
2298,2298,Ford,Focus SEL,2017,80134,E85 Flex Fuel,2.0L I4 16V GDI DOHC Flexible Fuel,Automatic,White,Charcoal Black,None reported,Yes,"$13,895",160.0,2.0,I4,5.0
2299,2299,Nissan,Rogue Sport S,2021,24000,Gasoline,141.0HP 2.0L 4 Cylinder Engine Gasoline Fuel,Automatic,Gray,Black,None reported,Yes,"$25,500",141.0,2.0,I4,5.0
2300,2300,Volvo,C70 T5,2006,61000,Gasoline,218.0HP 2.5L 5 Cylinder Engine Gasoline Fuel,Manual,Blue,Beige,None reported,Yes,"$10,299",218.0,2.5,I5,4.0
2301,2301,Lincoln,Nautilus Reserve,2021,19700,Gasoline,335.0HP 2.7L V6 Cylinder Engine Gasoline Fuel,Automatic,White,Beige,None reported,Yes,"$48,000",335.0,2.7,V6,5.0
2302,2302,Mercedes-Benz,AMG GT Base,2018,28182,Gasoline,469.0HP 4.0L 8 Cylinder Engine Gasoline Fuel,Automatic,White,Brown,At least 1 accident or damage reported,Yes,"$84,500",469.0,4.0,V8,2.0
2303,2303,Ford,Mustang EcoBoost Premium,2017,59500,Gasoline,310.0HP 2.3L 4 Cylinder Engine Gasoline Fuel,Automatic,Black,Black,At least 1 accident or damage reported,Yes,"$21,000",310.0,2.3,I4,4.0
2304,2304,Ford,Ranger XLT,1999,115402,E85 Flex Fuel,152.0HP 3.0L V6 Cylinder Engine Flex Fuel Capability,Automatic,Gold,Beige,None reported,Yes,"$8,000",152.0,3.0,V6,5.0
2305,2305,GMC,Yukon SLT,2018,85500,Gasoline,355.0HP 5.3L 8 Cylinder Engine Gasoline Fuel,Automatic,Black,Black,At least 1 accident or damage reported,Yes,"$35,899",355.0,5.3,V8,7.0
2306,2306,RAM,2500 Big Horn,2020,51000,Gasoline,410.0HP 6.4L 8 Cylinder Engine Gasoline Fuel,Automatic,Red,Black,None reported,Yes,"$44,900",410.0,6.4,I6,5.0
2307,2307,Tesla,Model Y Performance,2021,17500,not defined,455.0HP Electric Motor Electric Fuel System,Automatic,Gray,White,None reported,Yes,"$45,000",455.0,0.0,Electric,5.0
2308,2308,Lexus,ES 350 Base,2011,132000,Gasoline,272.0HP 3.5L V6 Cylinder Engine Gasoline Fuel,Automatic,Black,Beige,None reported,Yes,"$9,999",272.0,3.5,V6,5.0
2309,2309,Jeep,Wrangler Rubicon Hard Rock,2016,67882,Gasoline,3.6 Liter,Automatic,White,Black,None reported,No,"$32,798",285.0,3.6,V6,4.0
2310,2310,Volvo,XC90 T6 Momentum,2018,62000,Gasoline,316.0HP 2.0L 4 Cylinder Engine Gasoline Fuel,Automatic,Silver,Black,None reported,Yes,"$30,500",316.0,2.0,I4,7.0
2311,2311,Porsche,911 R,2016,12454,Gasoline,500.0HP 4.0L Flat 6 Cylinder Engine Gasoline Fuel,Manual,Purple,Black,None reported,Yes,"$210,000",500.0,4.0,H6,2.0
2312,2312,BMW,M6 Gran Coupe Base,2017,27965,Gasoline,560.0HP 4.4L 8 Cylinder Engine Gasoline Fuel,Automatic,Green,Black,None reported,Yes,"$58,000",560.0,4.4,V8,4.0
2313,2313,Cadillac,Escalade ESV Platinum Edition,2013,119000,E85 Flex Fuel,403.0HP 6.2L 8 Cylinder Engine Flex Fuel Capability,Automatic,Black,Black,not defined,No,"$20,500",403.0,6.2,V8,8.0
2314,2314,BMW,X5 xDrive35i,2018,48000,Gasoline,300.0HP 3.0L Straight 6 Cylinder Engine Gasoline Fuel,Automatic,Black,Black,None reported,Yes,"$32,000",300.0,3.0,Straight 6,5.0
2315,2315,BMW,X5 xDrive40i,2020,5541,Gasoline,3.0 Liter Turbo,Automatic,White,Black,None reported,No,"$56,598",335.0,3.0,I6,5.0
2316,2316,Mitsubishi,Outlander SEL,2018,29000,Gasoline,166.0HP 2.4L 4 Cylinder Engine Gasoline Fuel,Automatic,Red,Beige,None reported,Yes,"$19,500",166.0,2.4,I4,5.0
2317,2317,Dodge,Ram 1500 ST,2010,131100,E85 Flex Fuel,310.0HP 4.7L 8 Cylinder Engine Flex Fuel Capability,Automatic,White,Gray,At least 1 accident or damage reported,Yes,"$12,995",310.0,4.7,V8,5.0
2318,2318,Subaru,Impreza 2.0i,2015,102242,Gasoline,"2L H-4 DOHC, variable valve control, regular unleaded, engine wi",Manual,Quartz Blue Pearl,Black,At least 1 accident or damage reported,No,"$11,498",152.0,2.0,H-4,5.0
2319,2319,Mercedes-Benz,Maybach S S 600,2016,18069,Gasoline,523.0HP 6.0L 12 Cylinder Engine Gasoline Fuel,Automatic,Black,Black,None reported,Yes,"$79,999",523.0,6.0,V12,5.0
2320,2320,Kia,Sportage LX,2023,13000,Gasoline,187.0HP 2.5L 4 Cylinder Engine Gasoline Fuel,Automatic,White,Black,None reported,Yes,"$31,900",187.0,2.5,I4,5.0
2321,2321,Porsche,911 Turbo Cabriolet,2008,51000,Gasoline,480.0HP 3.6L Flat 6 Cylinder Engine Gasoline Fuel,Dual Shift,Silver,Black,At least 1 accident or damage reported,Yes,"$69,500",480.0,3.6,Flat 6,2.0
2322,2322,Hummer,H3 Base,2007,137333,Gasoline,242.0HP 3.7L 5 Cylinder Engine Gasoline Fuel,Automatic,Blue,Black,At least 1 accident or damage reported,Yes,"$10,000",242.0,3.7,I5,5.0
2323,2323,Buick,LaCrosse Leather,2014,125559,Gasoline,304.0HP 3.6L V6 Cylinder Engine Gasoline Fuel,Automatic,White,Beige,At least 1 accident or damage reported,Yes,"$11,200",304.0,3.6,V6,5.0
2324,2324,Chevrolet,Silverado 1500 High Country,2020,88161,Gasoline,6.2L V8 16V GDI OHV,Automatic,Iridescent Pearl Tricoat,Jet Black,At least 1 accident or damage reported,Yes,"$48,889",420.0,6.2,V8,5.0
2325,2325,Toyota,4Runner SR5,2016,101900,Gasoline,270.0HP 4.0L V6 Cylinder Engine Gasoline Fuel,Automatic,Black,Black,None reported,Yes,"$29,000",270.0,4.0,V6,5.0
2326,2326,Cadillac,Escalade ESV Luxury,2015,159500,Gasoline,420.0HP 6.2L 8 Cylinder Engine Gasoline Fuel,Automatic,Black,Black,At least 1 accident or damage reported,Yes,"$18,800",420.0,6.2,V8,8.0
2327,2327,Subaru,Legacy 2.5i Premium,2015,68860,Gasoline,175.0HP 2.5L 4 Cylinder Engine Gasoline Fuel,Automatic,Silver,Beige,At least 1 accident or damage reported,Yes,"$15,000",175.0,2.5,I4,5.0
2328,2328,Tesla,Model 3 Long Range,2018,43000,not defined,271.0HP Electric Motor Electric Fuel System,Automatic,Red,Black,At least 1 accident or damage reported,Yes,"$30,499",271.0,0.0,Electric,5.0
2329,2329,Ford,Expedition EL XLT,2017,182000,Gasoline,365.0HP 3.5L V6 Cylinder Engine Gasoline Fuel,Automatic,Black,Black,At least 1 accident or damage reported,Yes,"$16,500",365.0,3.5,V6,8.0
2330,2330,Tesla,Model Y Long Range,2022,21404,not defined,425.0HP Electric Motor Electric Fuel System,Automatic,White,White,None reported,Yes,"$49,500",425.0,0.0,Electric,5.0
2331,2331,Ford,Expedition EL Limited,2017,81000,Gasoline,365.0HP 3.5L V6 Cylinder Engine Gasoline Fuel,Dual Shift,Black,Black,None reported,Yes,"$27,000",365.0,3.5,V6,8.0
2332,2332,Chevrolet,Silverado 1500 LTZ,2021,62257,Gasoline,5.3L V8 16V GDI OHV,Automatic,Satin Steel Metallic,Gideon,None reported,No,"$42,590",355.0,5.3,V8,5.0
2333,2333,BMW,X5 xDrive40e,2016,91798,Hybrid,Electric,Automatic,Alpine White,Black,None reported,No,"$22,998",308.0,0.0,Electric,5.0
2334,2334,BMW,335 is,2011,82000,Gasoline,320.0HP 3.0L Straight 6 Cylinder Engine Gasoline Fuel,Automatic,Gray,Black,At least 1 accident or damage reported,Yes,"$20,000",320.0,3.0,Straight 6,5.0
2335,2335,Ford,F-150 XLT,2012,207100,Gasoline,365.0HP 3.5L V6 Cylinder Engine Gasoline Fuel,Automatic,Black,Gray,At least 1 accident or damage reported,Yes,"$15,000",365.0,3.5,V6,5.0
2336,2336,Land,Rover Range Rover Sport P400 SE Dynamic,2023,450,Hybrid,395.0HP 3.0L Straight 6 Cylinder Engine Gasoline/Mild Electric Hybrid,Automatic,Blue,Black,None reported,Yes,"$124,000",395.0,3.0,Straight 6,5.0
2337,2337,Porsche,Panamera Edition,2016,77945,Gasoline,310.0HP 3.6L V6 Cylinder Engine Gasoline Fuel,Automatic,Blue,Beige,At least 1 accident or damage reported,Yes,"$30,000",310.0,3.6,V6,4.0
2338,2338,Kia,Sorento Plug-In Hybrid SX,2022,15583,Hybrid,1.6L I4 16V GDI DOHC Turbo Hybrid,Automatic,Aurora Black,Gray,None reported,No,"$40,599",227.0,1.6,I4,5.0
2339,2339,BMW,M240 i,2017,37100,Gasoline,335.0HP 3.0L Straight 6 Cylinder Engine Gasoline Fuel,Automatic,White,Black,At least 1 accident or damage reported,Yes,"$26,125",335.0,3.0,I6,4.0
2340,2340,Maserati,Quattroporte Base,2006,51000,Gasoline,394.0HP 4.2L 8 Cylinder Engine Gasoline Fuel,Dual Shift,Blue,Beige,At least 1 accident or damage reported,Yes,"$18,000",394.0,4.2,V8,5.0
2341,2341,Ford,F-150 XLT,2017,94000,Gasoline,325.0HP 2.7L V6 Cylinder Engine Gasoline Fuel,Automatic,White,Black,None reported,Yes,"$26,000",325.0,2.7,V6,5.0
2342,2342,Land,Rover Discovery S,2003,121886,Gasoline,217.0HP 4.6L 8 Cylinder Engine Gasoline Fuel,Automatic,White,Beige,At least 1 accident or damage reported,Yes,"$6,000",217.0,4.6,V8,5.0
2343,2343,Ford,F-250 XLT Crew Cab Super Duty,2008,157500,Gasoline,300.0HP 5.4L 8 Cylinder Engine Gasoline Fuel,Automatic,Green,Gray,At least 1 accident or damage reported,Yes,"$15,000",300.0,5.4,V8,6.0
2344,2344,Ford,Taurus SHO,2014,138415,Gasoline,365.0HP 3.5L V6 Cylinder Engine Gasoline Fuel,Automatic,Silver,Black,At least 1 accident or damage reported,Yes,"$15,500",365.0,3.5,V6,5.0
2345,2345,Land,Rover Range Rover Sport HSE,2012,110000,Gasoline,375.0HP 5.0L 8 Cylinder Engine Gasoline Fuel,Automatic,Silver,Black,None reported,Yes,"$10,200",375.0,5.0,V8,5.0
2346,2346,Cadillac,Escalade Sport,2023,8532,Diesel,3.0L I6 24V DDI DOHC Turbo Diesel,Automatic,Black Raven,Jet Black,None reported,No,"$109,900",277.0,3.0,I6,7.0
2347,2347,GMC,Sierra 1500 SLT,2021,12941,Gasoline,355.0HP 5.3L 8 Cylinder Engine Gasoline Fuel,Automatic,White,Black,At least 1 accident or damage reported,Yes,"$51,500",355.0,5.3,V8,5.0
2348,2348,BMW,335 i xDrive,2009,69764,Gasoline,300.0HP 3.0L Straight 6 Cylinder Engine Gasoline Fuel,Manual,Black,Black,None reported,Yes,"$19,500",300.0,3.0,Straight 6,5.0
2349,2349,Porsche,911 Carrera 4S,2003,90000,Gasoline,315.0HP 3.6L Flat 6 Cylinder Engine Gasoline Fuel,Manual,Silver,Black,not defined,No,"$24,000",315.0,3.6,H6,4.0
2350,2350,Audi,Q5 S line Premium,2022,8193,Hybrid,2.0 Liter TFSI,Automatic,Florett Silver,Black,None reported,No,"$42,598",248.0,2.0,I4,5.0
2351,2351,Lexus,RX 350 F Sport Performance,2020,43277,Gasoline,3.5L V6 24V PDI DOHC,Automatic,Caviar,Black,None reported,No,"$43,599",295.0,3.5,V6,5.0
2352,2352,Audi,S4 3.0T Premium Plus,2018,26500,Gasoline,354.0HP 3.0L V6 Cylinder Engine Gasoline Fuel,Automatic,Gray,Black,At least 1 accident or damage reported,Yes,"$38,000",354.0,3.0,V6,5.0
2353,2353,Chevrolet,Silverado 1500 LT,2019,36021,Gasoline,2.7L I4 16V GDI DOHC Turbo,Automatic,Cajun Red Tintcoat,Jet Black,not defined,No,"$35,670",355.0,2.7,I4,5.0
2354,2354,Chevrolet,Colorado Z71,2019,25462,Gasoline,3.6L V6 24V GDI DOHC,Automatic,Shadow Gray Metallic,Jet Black,None reported,No,"$36,139",308.0,3.6,V6,5.0
2355,2355,Audi,A5 2.0T Prestige,2018,35850,Gasoline,252.0HP 2.0L 4 Cylinder Engine Gasoline Fuel,Automatic,White,Black,None reported,Yes,"$33,000",252.0,2.0,I4,4.0
2356,2356,Mazda,Mazda3 s Sport,2008,77700,Gasoline,156.0HP 2.3L 4 Cylinder Engine Gasoline Fuel,Manual,Red,Black,None reported,Yes,"$6,300",156.0,2.3,I4,5.0
2357,2357,Jaguar,E-PACE 300 Sport,2021,23600,Hybrid,296.0HP 2.0L 4 Cylinder Engine Gasoline/Mild Electric Hybrid,Automatic,Black,Black,None reported,Yes,"$42,999",296.0,2.0,I4,5.0
2358,2358,Ferrari,GTC4Lusso T,2019,8870,Gasoline,3.9L V8 32V GDI DOHC Twin Turbo,Automatic,Nero Daytona,–,None reported,Yes,"$215,000",610.0,3.9,V8,4.0
2359,2359,Toyota,Celica GT,2001,122000,Gasoline,140.0HP 1.8L 4 Cylinder Engine Gasoline Fuel,Manual,Blue,Gray,None reported,Yes,"$7,800",140.0,1.8,I4,4.0
2360,2360,Ford,Excursion Limited 4WD,2003,245000,Diesel,325.0HP 6.0L 8 Cylinder Engine Diesel Fuel,Automatic,Black,Beige,At least 1 accident or damage reported,Yes,"$17,999",325.0,6.0,V8,8.0
2361,2361,Porsche,718 Spyder Base,2022,4700,Gasoline,414.0HP 4.0L Flat 6 Cylinder Engine Gasoline Fuel,Manual,White,Black,None reported,Yes,"$134,000",414.0,4.0,Flat 6,2.0
2362,2362,Subaru,WRX STI Base,2016,84100,Gasoline,305.0HP 2.5L 4 Cylinder Engine Gasoline Fuel,Manual,Gray,Black,None reported,Yes,"$34,000",305.0,2.5,I4,5.0
2363,2363,Audi,A6 45 Premium Plus,2021,33000,Hybrid,248.0HP 2.0L 4 Cylinder Engine Gasoline/Mild Electric Hybrid,Automatic,Black,Black,None reported,Yes,"$40,000",248.0,2.0,I4,5.0
2364,2364,Tesla,Model S P100D,2018,10065,not defined,Electric,Automatic,Red Multi,White,None reported,No,"$59,999",518.0,0.0,Electric,5.0
2365,2365,Mercedes-Benz,AMG GT R,2018,3811,Gasoline,577.0HP 4.0L 8 Cylinder Engine Gasoline Fuel,Automatic,Black,Black,None reported,Yes,"$148,500",577.0,4.0,V8,2.0
2366,2366,Audi,S4 3.0T Premium Plus,2013,139355,Gasoline,333.0HP 3.0L V6 Cylinder Engine Gasoline Fuel,Automatic,Black,Black,None reported,Yes,"$20,900",333.0,3.0,V6,5.0
2367,2367,Lotus,Evora Base,2010,9100,Gasoline,276.0HP 3.5L V6 Cylinder Engine Gasoline Fuel,Manual,Black,White,None reported,Yes,"$55,000",276.0,3.5,V6,2.0
2368,2368,Mercedes-Benz,S-Class S 560 4MATIC,2019,10500,Gasoline,463.0HP 4.0L 8 Cylinder Engine Gasoline Fuel,Automatic,Silver,Brown,None reported,Yes,"$77,900",463.0,4.0,V8,5.0
2369,2369,Chevrolet,Silverado 1500 RST,2023,5006,Gasoline,5.3L V8 16V GDI OHV,Automatic,Dark Ash Metallic,Black,None reported,No,"$59,590",355.0,5.3,V8,5.0
2370,2370,Hyundai,Genesis Coupe 2.0T R-Spec,2013,55000,Gasoline,260.0HP 2.0L 4 Cylinder Engine Gasoline Fuel,Manual,White,Red,not defined,No,"$18,000",260.0,2.0,I4,4.0
2371,2371,BMW,M3 Competition,2021,33500,Gasoline,503.0HP 3.0L Straight 6 Cylinder Engine Gasoline Fuel,Automatic,Gray,Black,None reported,Yes,"$71,000",503.0,3.0,Straight 6,4.0
2372,2372,BMW,435 i,2014,126500,Gasoline,300.0HP 3.0L Straight 6 Cylinder Engine Gasoline Fuel,Automatic,White,Black,None reported,Yes,"$15,000",300.0,3.0,I6,4.0
2373,2373,Land,Rover Range Rover Evoque HSE Dynamic,2016,79000,Gasoline,240.0HP 2.0L 4 Cylinder Engine Gasoline Fuel,Automatic,Red,Red,None reported,Yes,"$24,000",240.0,2.0,I4,5.0
2374,2374,Porsche,911 Targa 4 GTS,2018,19000,Gasoline,450.0HP 3.0L Flat 6 Cylinder Engine Gasoline Fuel,Automatic,Gray,Black,None reported,Yes,"$145,000",450.0,3.0,Flat 6,4.0
2375,2375,RAM,3500 Tradesman,2021,57000,Diesel,400.0HP 6.7L Straight 6 Cylinder Engine Diesel Fuel,Automatic,Blue,Gray,None reported,Yes,"$52,000",400.0,6.7,I6,5.0
2376,2376,BMW,X5 xDrive40i,2020,4880,Gasoline,3.0 Liter Turbo,Automatic,White,Black,None reported,No,"$57,998",335.0,3.0,I6,5.0
2377,2377,Acura,NSX Base,2018,6523,Hybrid,3.5L V6 24V PDI DOHC Twin Turbo Hybrid,Automatic,White,Ebony,None reported,No,"$143,900",537.0,3.5,V6,2.0
2378,2378,Mercedes-Benz,SL-Class SL500 Roadster,2005,127000,Gasoline,302.0HP 5.0L 8 Cylinder Engine Gasoline Fuel,Automatic,White,Beige,None reported,Yes,"$14,000",302.0,5.0,V8,2.0
2379,2379,Lexus,SC 430 Base,2002,89500,Gasoline,300.0HP 4.3L 8 Cylinder Engine Gasoline Fuel,Automatic,Black,Black,None reported,Yes,"$15,999",300.0,4.3,V8,2.0
2380,2380,Chevrolet,Silverado 1500 Base,2000,97000,Gasoline,200.0HP 4.3L V6 Cylinder Engine Gasoline Fuel,Automatic,White,Gray,None reported,Yes,"$27,500",200.0,4.3,V6,5.0
2381,2381,Buick,Enclave Avenir,2021,31181,Gasoline,3.6L V6 24V GDI DOHC,Automatic,Rich Garnet Metallic,Chestnut,At least 1 accident or damage reported,Yes,"$42,442",310.0,3.6,V6,7.0
2382,2382,Lexus,NX 300h Base,2020,16425,Hybrid,2.5L I4 16V MPFI DOHC Hybrid,Automatic,Gray,Black,At least 1 accident or damage reported,No,"$33,200",194.0,2.5,I4,5.0
2383,2383,Lexus,RX 350 RX 350 F SPORT Handling,2022,11238,Gasoline,3.5 Liter DOHC,Automatic,Atomic Silver,Black,None reported,No,"$54,798",295.0,3.5,V6,5.0
2384,2384,Chevrolet,Avalanche 1500 LS,2005,97146,E85 Flex Fuel,295.0HP 5.3L 8 Cylinder Engine Flex Fuel Capability,Dual Shift,Black,Gray,At least 1 accident or damage reported,Yes,"$7,999",295.0,5.3,V8,5.0
2385,2385,Mercedes-Benz,SL-Class SL400,2015,36670,Gasoline,3.0 Liter,Automatic,White,Tan,None reported,No,"$39,998",329.0,3.0,V6,2.0
2386,2386,Chevrolet,Suburban Premier,2019,44800,Gasoline,420.0HP 6.2L 8 Cylinder Engine Gasoline Fuel,Automatic,Black,Black,None reported,Yes,"$52,500",420.0,6.2,V8,8.0
2387,2387,Ford,Transit-350 Base,2015,150000,Gasoline,310.0HP 3.5L V6 Cylinder Engine Gasoline Fuel,Automatic,Black,Gray,At least 1 accident or damage reported,Yes,"$17,100",310.0,3.5,V6,12.0
2388,2388,INFINITI,QX60 Luxe,2020,38400,Gasoline,295.0HP 3.5L V6 Cylinder Engine Gasoline Fuel,Automatic,Blue,Beige,None reported,Yes,"$32,100",295.0,3.5,V6,7.0
2389,2389,Bentley,Continental GTC Base,2008,7960,Gasoline,552.0HP 6.0L 12 Cylinder Engine Gasoline Fuel,Automatic,White,White,None reported,Yes,"$81,500",552.0,6.0,V12,4.0
2390,2390,Nissan,350Z Enthusiast,2007,117000,Gasoline,306.0HP 3.5L V6 Cylinder Engine Gasoline Fuel,Automatic,Silver,Black,At least 1 accident or damage reported,Yes,"$9,975",306.0,3.5,V6,2.0
2391,2391,Rivian,R1S Adventure Package,2023,159,not defined,533.0HP Electric Motor Electric Fuel System,Automatic,White,Black,None reported,Yes,"$95,500",533.0,0.0,Electric,7.0
2392,2392,McLaren,570S Base,2017,30200,Gasoline,562.0HP 3.8L 8 Cylinder Engine Gasoline Fuel,Dual Shift,Orange,Black,None reported,Yes,"$139,000",562.0,3.8,V8,2.0
2393,2393,Nissan,Altima 2.5 SL,2012,91545,Gasoline,175.0HP 2.5L 4 Cylinder Engine Gasoline Fuel,Automatic,Silver,Black,None reported,Yes,"$8,999",175.0,2.5,I4,5.0
2394,2394,Land,Rover Range Rover 5.0L Supercharged,2015,110000,E85 Flex Fuel,510.0HP 5.0L 8 Cylinder Engine Flex Fuel Capability,Automatic,Black,–,At least 1 accident or damage reported,Yes,"$26,499",510.0,5.0,V8,5.0
2395,2395,BMW,X5 xDrive35i,2017,105100,Gasoline,300.0HP 3.0L Straight 6 Cylinder Engine Gasoline Fuel,Automatic,Gray,Black,At least 1 accident or damage reported,Yes,"$23,300",300.0,3.0,Straight 6,5.0
2396,2396,INFINITI,QX56 Base,2012,110000,Gasoline,400.0HP 5.6L 8 Cylinder Engine Gasoline Fuel,Dual Shift,White,Beige,None reported,Yes,"$15,600",400.0,5.6,V8,8.0
2397,2397,Ford,F-150 XLT,2019,81778,Gasoline,3.5L V6 24V PDI DOHC Twin Turbo,Automatic,Black,Medium Earth Gray,None reported,Yes,"$32,769",400.0,3.5,V6,5.0
2398,2398,Lexus,RX 450h Base,2010,168422,Hybrid,245.0HP 3.5L V6 Cylinder Engine Gas/Electric Hybrid,Automatic,Black,Beige,At least 1 accident or damage reported,Yes,"$10,900",245.0,3.5,V6,5.0
2399,2399,Maserati,Ghibli S Q4 GranSport,2018,80500,Gasoline,424.0HP 3.0L V6 Cylinder Engine Gasoline Fuel,Automatic,Black,Black,None reported,Yes,"$34,900",424.0,3.0,V6,5.0
2400,2400,Volvo,XC90 T6 Momentum,2018,81200,Gasoline,316.0HP 2.0L 4 Cylinder Engine Gasoline Fuel,Automatic,Black,Black,At least 1 accident or damage reported,Yes,"$28,825",316.0,2.0,I4,7.0
2401,2401,Lamborghini,Huracan EVO Base,2020,6246,Gasoline,5.2L V10 40V GDI DOHC,Automatic,Nero Noctis,Nero Ade,None reported,Yes,"$267,950",630.0,5.2,V10,2.0
2402,2402,Jeep,Wrangler Unlimited Rubicon,2017,20172,Gasoline,285.0HP 3.6L V6 Cylinder Engine Gasoline Fuel,Dual Shift,Gray,Black,None reported,Yes,"$47,500",285.0,3.6,V6,5.0
2403,2403,Hummer,H2 Base,2005,145000,Gasoline,325.0HP 6.0L 8 Cylinder Engine Gasoline Fuel,Automatic,Green,Black,None reported,Yes,"$22,500",325.0,6.0,V8,5.0
2404,2404,Ford,Flex Limited,2009,162000,Gasoline,262.0HP 3.5L V6 Cylinder Engine Gasoline Fuel,Automatic,Gray,Black,At least 1 accident or damage reported,Yes,"$7,500",262.0,3.5,V6,7.0
2405,2405,Porsche,718 Cayman GT4,2020,13554,Gasoline,414.0HP 4.0L Flat 6 Cylinder Engine Gasoline Fuel,Manual,Blue,Black,None reported,Yes,"$124,995",414.0,4.0,Flat 6,2.0
2406,2406,Toyota,Camry XLE,2007,59700,Gasoline,268.0HP 3.5L V6 Cylinder Engine Gasoline Fuel,Automatic,Green,Gray,None reported,Yes,"$9,500",268.0,3.5,V6,5.0
2407,2407,Mercedes-Benz,A-Class A 220 4MATIC,2020,30930,Gasoline,2.0L I4 16V GDI DOHC Turbo,Automatic,Midnight Black,Black,None reported,No,"$28,900",188.0,2.0,I4,5.0
2408,2408,BMW,335 i,2009,51983,Gasoline,300.0HP 3.0L Straight 6 Cylinder Engine Gasoline Fuel,Manual,Gray,White,None reported,Yes,"$19,999",300.0,3.0,I6,5.0
2409,2409,Chevrolet,Camaro 2SS,2022,22000,Gasoline,455.0HP 6.2L 8 Cylinder Engine Gasoline Fuel,Manual,Blue,Black,None reported,Yes,"$50,000",455.0,6.2,V8,4.0
2410,2410,Volkswagen,ID.4 Pro S,2023,16800,not defined,295.0HP Electric Motor Electric Fuel System,Automatic,Gray,Black,None reported,Yes,"$45,000",295.0,0.0,Electric,5.0
2411,2411,Chevrolet,Silverado 2500 High Country,2022,16000,Diesel,445.0HP 6.6L 8 Cylinder Engine Diesel Fuel,Automatic,Black,Black,At least 1 accident or damage reported,Yes,"$73,995",445.0,6.6,V8,5.0
2412,2412,Nissan,Altima 2.5 SV,2020,22295,Gasoline,2.5L I4 16V GDI DOHC,Automatic,Scarlet Ember,Gray,None reported,No,"$23,599",188.0,2.5,I4,5.0
2413,2413,Bentley,Continental GT V8,2020,33000,Gasoline,542.0HP 4.0L 8 Cylinder Engine Gasoline Fuel,Automatic,Beige,Beige,None reported,Yes,"$188,500",542.0,4.0,V8,4.0
2414,2414,Toyota,Sequoia Platinum,2023,1025,Hybrid,437.0HP 3.4L V6 Cylinder Engine Gas/Electric Hybrid,Automatic,Black,Black,None reported,Yes,"$85,000",437.0,3.4,V6,8.0
2415,2415,Acura,TL Technology,2013,89190,Gasoline,305.0HP 3.7L V6 Cylinder Engine Gasoline Fuel,Automatic,Gray,White,At least 1 accident or damage reported,Yes,"$15,499",305.0,3.7,V6,5.0
2416,2416,Toyota,Highlander Limited,2020,53550,Gasoline,3.5L V6 24V PDI DOHC,Automatic,Blue,Gray,None reported,Yes,"$39,687",295.0,3.5,V6,7.0
2417,2417,Ford,Edge SEL,2021,56946,Gasoline,2.0L I4 16V GDI DOHC Turbo,Automatic,Silver,Ebony,None reported,Yes,"$26,299",250.0,2.0,I4,5.0
2418,2418,Jaguar,F-TYPE R,2016,11684,Gasoline,550.0HP 5.0L 8 Cylinder Engine Gasoline Fuel,Automatic,Black,Black,None reported,Yes,"$54,900",550.0,5.0,V8,2.0
2419,2419,GMC,Yukon XL Denali,2018,45617,Gasoline,420.0HP 6.2L 8 Cylinder Engine Gasoline Fuel,Automatic,White,Gray,None reported,Yes,"$51,000",420.0,6.2,V8,8.0
2420,2420,Chevrolet,Suburban LT,2018,75466,Gasoline,355.0HP 5.3L 8 Cylinder Engine Gasoline Fuel,Automatic,Gray,Black,None reported,Yes,"$34,500",355.0,5.3,V8,8.0
2421,2421,Maserati,Levante GTS,2021,19513,Gasoline,3.8L V8 32V GDI DOHC Twin Turbo,Automatic,Black,Red / Black,At least 1 accident or damage reported,Yes,"$84,645",550.0,3.8,V8,5.0
2422,2422,Subaru,Outback Limited,2021,15636,Gasoline,2.5L H4 16V GDI DOHC,Automatic,Crystal Black Silica,Black,None reported,No,"$33,531",182.0,2.5,H4,5.0
2423,2423,Mercedes-Benz,S-Class S 450,2018,69600,Gasoline,362.0HP 3.0L V6 Cylinder Engine Gasoline Fuel,Automatic,Black,Black,None reported,Yes,"$40,888",362.0,3.0,V6,5.0
2424,2424,Mercedes-Benz,GL-Class GL 450,2011,138050,Gasoline,335.0HP 4.7L 8 Cylinder Engine Gasoline Fuel,Automatic,White,Beige,None reported,Yes,"$16,500",335.0,4.7,V8,7.0
2425,2425,Ford,F-250 Lariat,2017,132269,E85 Flex Fuel,385.0HP 6.2L 8 Cylinder Engine Flex Fuel Capability,Automatic,Gray,Black,None reported,Yes,"$35,900",385.0,6.2,V8,5.0
2426,2426,Hyundai,Palisade Limited,2020,45815,Gasoline,291.0HP 3.8L V6 Cylinder Engine Gasoline Fuel,Dual Shift,Silver,Black,None reported,Yes,"$37,700",291.0,3.8,V6,7.0
2427,2427,Ford,F-150 XLT,2021,25352,Gasoline,3.5L V6 24V PDI DOHC Twin Turbo,Automatic,Gray,Black,None reported,Yes,"$48,459",400.0,3.5,V6,5.0
2428,2428,Mercedes-Benz,R-Class R 350 4MATIC,2008,120000,Gasoline,268.0HP 3.5L V6 Cylinder Engine Gasoline Fuel,Automatic,Silver,Black,None reported,Yes,"$8,995",268.0,3.5,V6,6.0
2429,2429,Chevrolet,Camaro 2SS,2018,75151,Gasoline,455.0HP 6.2L 8 Cylinder Engine Gasoline Fuel,Manual,Gray,Black,At least 1 accident or damage reported,Yes,"$45,000",455.0,6.2,V8,4.0
2430,2430,Jeep,Wrangler Sport,2016,74139,Gasoline,285.0HP 3.6L V6 Cylinder Engine Gasoline Fuel,Manual,Red,Black,None reported,Yes,"$23,000",285.0,3.6,V6,5.0
2431,2431,Chevrolet,1500 Cheyenne,1994,170443,not defined,–,Automatic,Red,–,At least 1 accident or damage reported,Yes,"$6,000",355.0,5.3,V8,5.0
2432,2432,Jaguar,XJ6 Vanden Plas,1995,70000,not defined,–,Automatic,Gold,–,None reported,Yes,"$19,000",240.0,4.0,I6,5.0
2433,2433,BMW,550 i xDrive,2012,68500,Gasoline,400.0HP 4.4L 8 Cylinder Engine Gasoline Fuel,Dual Shift,Black,Black,None reported,Yes,"$17,800",400.0,4.4,V8,5.0
2434,2434,Lexus,GX 460 Luxury,2020,37366,Gasoline,4.6L V8 32V MPFI DOHC,Automatic,White,–,not defined,No,"$51,890",301.0,4.6,V8,7.0
2435,2435,Tesla,Model S Long Range,2021,35315,not defined,670.0HP Electric Motor Electric Fuel System,Automatic,White,Black,None reported,Yes,"$66,900",670.0,0.0,Electric,5.0
2436,2436,Volkswagen,Jetta 1.4T SE,2017,61000,Gasoline,150.0HP 1.4L 4 Cylinder Engine Gasoline Fuel,Automatic,White,Black,None reported,Yes,"$15,995",150.0,1.4,I4,5.0
2437,2437,Jeep,Grand Cherokee Limited,2022,12050,Gasoline,3.6L V6 24V MPFI DOHC,Automatic,Bright White Clearcoat,Global Black,None reported,No,"$41,599",295.0,3.6,V6,5.0
2438,2438,Jaguar,XK8 Base,2001,150000,Gasoline,290.0HP 4.0L 8 Cylinder Engine Gasoline Fuel,Automatic,Green,White,At least 1 accident or damage reported,Yes,"$9,875",290.0,4.0,V8,2.0
2439,2439,Porsche,Macan S,2016,46200,Gasoline,340.0HP 3.0L V6 Cylinder Engine Gasoline Fuel,Dual Shift,Gray,Gray,At least 1 accident or damage reported,Yes,"$41,500",340.0,3.0,V6,5.0
2440,2440,Mercedes-Benz,E-Class E 350,2014,88000,Gasoline,302.0HP 3.5L V6 Cylinder Engine Gasoline Fuel,Automatic,Silver,Black,None reported,Yes,"$15,500",302.0,3.5,V6,5.0
2441,2441,Mercedes-Benz,GL-Class GL 450 4MATIC,2015,47000,Gasoline,362.0HP 3.0L V6 Cylinder Engine Gasoline Fuel,Automatic,Silver,Black,None reported,Yes,"$30,089",362.0,3.0,V6,7.0
2442,2442,Land,Rover Range Rover 3.0L Supercharged HSE,2017,50340,Gasoline,380.0HP 3.0L V6 Cylinder Engine Gasoline Fuel,Automatic,White,Beige,At least 1 accident or damage reported,Yes,"$47,000",380.0,3.0,V6,5.0
2443,2443,Mercedes-Benz,E-Class E 350 4MATIC,2010,67800,Gasoline,268.0HP 3.5L V6 Cylinder Engine Gasoline Fuel,Automatic,Black,Black,None reported,Yes,"$13,999",268.0,3.5,V6,5.0
2444,2444,Dodge,Dakota Sport,2002,150000,Gasoline,175.0HP 3.9L V6 Cylinder Engine Gasoline Fuel,Manual,Black,Gray,At least 1 accident or damage reported,Yes,"$5,500",175.0,3.9,V6,5.0
2445,2445,Chevrolet,Camaro ZL1,2018,13500,Gasoline,650.0HP 6.2L 8 Cylinder Engine Gasoline Fuel,Manual,Black,Black,At least 1 accident or damage reported,Yes,"$54,000",650.0,6.2,V8,4.0
2446,2446,Hummer,H3 Base,2007,101750,Gasoline,242.0HP 3.7L 5 Cylinder Engine Gasoline Fuel,Automatic,White,Black,None reported,Yes,"$12,900",242.0,3.7,I5,5.0
2447,2447,Honda,Odyssey EX-L,2022,18385,Gasoline,280.0HP 3.5L V6 Cylinder Engine Gasoline Fuel,Automatic,Red,Beige,None reported,Yes,"$37,950",280.0,3.5,V6,7.0
2448,2448,Nissan,350Z Touring,2008,123500,Gasoline,306.0HP 3.5L V6 Cylinder Engine Gasoline Fuel,Automatic,Gray,Beige,At least 1 accident or damage reported,Yes,"$13,500",306.0,3.5,V6,2.0
2449,2449,GMC,Savana 2500 Work Van,2017,117000,E85 Flex Fuel,342.0HP 6.0L 8 Cylinder Engine Flex Fuel Capability,Automatic,Silver,Silver,None reported,Yes,"$38,000",342.0,6.0,V8,2.0
2450,2450,Mercedes-Benz,E-Class E 350 4MATIC,2010,86121,Gasoline,268.0HP 3.5L V6 Cylinder Engine Gasoline Fuel,Automatic,Gray,Black,None reported,Yes,"$13,600",268.0,3.5,V6,5.0
2451,2451,Lexus,GX 460 Premium,2020,22466,Gasoline,301.0HP 4.6L 8 Cylinder Engine Gasoline Fuel,Automatic,White,Black,None reported,Yes,"$45,900",301.0,4.6,V8,7.0
2452,2452,Nissan,Titan XD SV,2017,80000,Gasoline,390.0HP 5.6L 8 Cylinder Engine Gasoline Fuel,Automatic,Silver,Black,None reported,Yes,"$23,800",390.0,5.6,V8,5.0
2453,2453,Chrysler,300 Touring,2020,23152,Gasoline,292.0HP 3.6L V6 Cylinder Engine Gasoline Fuel,Automatic,White,White,None reported,Yes,"$28,250",292.0,3.6,V6,5.0
2454,2454,Dodge,Charger R/T,2006,91300,Gasoline,350.0HP 5.7L 8 Cylinder Engine Gasoline Fuel,Automatic,Yellow,–,None reported,Yes,"$9,200",350.0,5.7,V8,5.0
2455,2455,Nissan,Pathfinder SL,2020,45000,Gasoline,284.0HP 3.5L V6 Cylinder Engine Gasoline Fuel,Automatic,Black,Black,None reported,Yes,"$28,999",284.0,3.5,V6,7.0
2456,2456,Rivian,R1S Launch Edition,2023,1885,not defined,835.0HP Electric Motor Electric Fuel System,Automatic,Green,White,None reported,Yes,"$93,500",835.0,0.0,Electric,7.0
2457,2457,Ford,Explorer Platinum,2018,73049,Gasoline,3.5L V6 24V GDI DOHC Twin Turbo,Automatic,Gray,Ebony Black,At least 1 accident or damage reported,Yes,"$30,510",365.0,3.5,V6,7.0
2458,2458,Nissan,Titan SV,2021,7250,Gasoline,400.0HP 5.6L 8 Cylinder Engine Gasoline Fuel,Automatic,Black,Black,None reported,Yes,"$38,000",400.0,5.6,V8,5.0
2459,2459,Jaguar,E-PACE S,2019,44000,Gasoline,246.0HP 2.0L 4 Cylinder Engine Gasoline Fuel,Automatic,Black,Black,None reported,Yes,"$29,000",246.0,2.0,I4,5.0
2460,2460,Ford,F-150 FX4,2014,85500,Gasoline,411.0HP 6.2L 8 Cylinder Engine Gasoline Fuel,Dual Shift,Black,Black,None reported,Yes,"$26,900",411.0,6.2,V8,5.0
2461,2461,GMC,Acadia Denali,2021,18083,Gasoline,3.6L V6 24V GDI DOHC,Automatic,Ebony Twilight Metallic,Jet Black,None reported,Yes,"$43,999",310.0,3.6,V6,7.0
2462,2462,Lamborghini,Murcielago Base,2005,22703,Gasoline,571.0HP 6.2L 12 Cylinder Engine Gasoline Fuel,Manual,Black,Black,None reported,Yes,"$220,000",571.0,6.2,V12,2.0
2463,2463,Chevrolet,Camaro 1LT,2011,111000,Gasoline,312.0HP 3.6L V6 Cylinder Engine Gasoline Fuel,Automatic,Blue,Black,None reported,Yes,"$10,900",312.0,3.6,V6,4.0
2464,2464,GMC,Acadia SLT-2,2013,115000,Gasoline,288.0HP 3.6L V6 Cylinder Engine Gasoline Fuel,Automatic,White,Brown,None reported,Yes,"$14,000",288.0,3.6,V6,7.0
2465,2465,Chevrolet,Malibu Premier,2021,33400,Gasoline,250.0HP 2.0L 4 Cylinder Engine Gasoline Fuel,Automatic,White,Black,None reported,Yes,"$28,000",250.0,2.0,I4,5.0
2466,2466,Toyota,Sequoia SR5,2007,136000,Gasoline,273.0HP 4.7L 8 Cylinder Engine Gasoline Fuel,Automatic,Black,Beige,None reported,Yes,"$12,500",273.0,4.7,V8,8.0
2467,2467,Lexus,IS 350 F Sport,2021,26800,Gasoline,311.0HP 3.5L V6 Cylinder Engine Gasoline Fuel,Automatic,Black,Red,None reported,Yes,"$44,000",311.0,3.5,V6,5.0
2468,2468,Tesla,Model Y Performance,2022,30000,not defined,455.0HP Electric Motor Electric Fuel System,Automatic,White,White,None reported,Yes,"$51,999",455.0,0.0,Electric,5.0
2469,2469,Dodge,Challenger SRT8,2008,251634,Gasoline,425.0HP 6.1L 8 Cylinder Engine Gasoline Fuel,Automatic,Silver,Black,None reported,Yes,"$10,500",425.0,6.1,V8,4.0
2470,2470,Chrysler,300 Touring,2005,119000,Gasoline,250.0HP 3.5L V6 Cylinder Engine Gasoline Fuel,Automatic,Blue,Beige,None reported,Yes,"$3,500",250.0,3.5,V6,5.0
2471,2471,Cadillac,Escalade Sport Platinum,2021,28121,Gasoline,6.2L V8 16V GDI OHV,Automatic,Black Raven,Jet Black,None reported,No,"$89,000",277.0,6.2,V8,7.0
2472,2472,Chrysler,Town & Country Touring,2009,111000,Gasoline,197.0HP 3.8L V6 Cylinder Engine Gasoline Fuel,Automatic,Blue,Gray,None reported,Yes,"$7,900",197.0,3.8,V6,7.0
2473,2473,Mazda,CX-5 Touring,2016,116500,Gasoline,2.5L I4 16V GDI DOHC,Automatic,Blue Reflex Mica,Black,None reported,Yes,"$14,311",187.0,2.5,I4,5.0
2474,2474,Acura,TL 3.2,2005,199296,Gasoline,270.0HP 3.2L V6 Cylinder Engine Gasoline Fuel,Automatic,Black,Gray,None reported,Yes,"$4,900",270.0,3.2,V6,5.0
2475,2475,Chevrolet,Corvette Z06 w/2LZ,2023,202,Gasoline,670.0HP 5.5L 8 Cylinder Engine Gasoline Fuel,Dual Shift,White,Red,None reported,Yes,"$179,000",670.0,5.5,V8,2.0
2476,2476,Tesla,Model Y Performance,2021,11200,not defined,455.0HP Electric Motor Electric Fuel System,Automatic,White,Black,None reported,Yes,"$47,500",455.0,0.0,Electric,5.0
2477,2477,Volvo,XC40 T5 Momentum,2020,56536,Gasoline,2.0L I4 16V GDI DOHC Turbo,Automatic,White,Charcoal,None reported,No,"$26,599",248.0,2.0,I4,5.0
2478,2478,Chevrolet,Camaro 2SS,2016,49600,Gasoline,455.0HP 6.2L 8 Cylinder Engine Gasoline Fuel,Automatic,Blue,Black,None reported,Yes,"$32,500",455.0,6.2,V8,4.0
2479,2479,Acura,TLX Type S PMC Edition,2023,13600,Gasoline,355.0HP 3.0L V6 Cylinder Engine Gasoline Fuel,Automatic,Blue,White,None reported,Yes,"$65,000",355.0,3.0,V6,5.0
2480,2480,Volkswagen,Eos 2.0T,2007,59700,Gasoline,200.0HP 2.0L 4 Cylinder Engine Gasoline Fuel,Automatic,Blue,White,None reported,Yes,"$10,000",200.0,2.0,I4,4.0
2481,2481,Dodge,Charger R/T Scat Pack,2018,19000,Gasoline,485.0HP 6.4L 8 Cylinder Engine Gasoline Fuel,Dual Shift,Purple,Gray,None reported,Yes,"$44,888",485.0,6.4,V8,5.0
2482,2482,Chevrolet,Corvette Z06,2002,17300,Gasoline,405.0HP 5.7L 8 Cylinder Engine Gasoline Fuel,Manual,Black,Black,None reported,Yes,"$33,999",405.0,5.7,V8,2.0
2483,2483,Mercedes-Benz,CLA-Class CLA 250,2014,91140,Gasoline,208.0HP 2.0L 4 Cylinder Engine Gasoline Fuel,Automatic,Gray,Black,None reported,Yes,"$13,500",208.0,2.0,I4,5.0
2484,2484,BMW,M5 Base,2015,33000,Gasoline,560.0HP 4.4L 8 Cylinder Engine Gasoline Fuel,Automatic,Gray,Black,None reported,Yes,"$65,000",560.0,4.4,V8,5.0
2485,2485,Jeep,Wrangler Unlimited Sport,2019,52775,Gasoline,285.0HP 3.6L V6 Cylinder Engine Gasoline Fuel,Automatic,Gray,Black,None reported,Yes,"$39,799",285.0,3.6,V6,5.0
2486,2486,Mitsubishi,Lancer Sportback ES,2011,113000,Gasoline,148.0HP 2.0L 4 Cylinder Engine Gasoline Fuel,Manual,White,Black,None reported,Yes,"$5,800",148.0,2.0,I4,5.0
2487,2487,Porsche,Macan Base,2022,13000,Gasoline,261.0HP 2.0L 4 Cylinder Engine Gasoline Fuel,Automatic,Black,Beige,None reported,Yes,"$60,000",261.0,2.0,I4,5.0
2488,2488,Mercedes-Benz,CLK-Class CLK 350,2009,77925,Gasoline,268.0HP 3.5L V6 Cylinder Engine Gasoline Fuel,Dual Shift,Silver,Black,None reported,Yes,"$16,500",268.0,3.5,V6,4.0
2489,2489,Dodge,Challenger SRT8,2011,106500,not defined,–,Automatic,White,White,At least 1 accident or damage reported,Yes,"$22,500",425.0,6.1,V8,4.0
2490,2490,Mazda,Mazda3 Grand Touring,2018,15175,Gasoline,2.5L I4 16V GDI DOHC,Automatic,Snowflake White Pearl Metallic,Parchment,At least 1 accident or damage reported,No,"$19,212",186.0,2.5,I4,5.0
2491,2491,Audi,A3 2.0T Premium,2017,137000,Gasoline,186.0HP 2.0L 4 Cylinder Engine Gasoline Fuel,Automatic,White,Gray,None reported,Yes,"$10,995",186.0,2.0,I4,5.0
2492,2492,BMW,528 i,2015,111000,Gasoline,240.0HP 2.0L 4 Cylinder Engine Gasoline Fuel,Automatic,Gray,–,At least 1 accident or damage reported,Yes,"$15,000",240.0,2.0,I4,5.0
2493,2493,Land,Rover Range Rover 3.0L V6 Supercharged HSE,2019,49208,Gasoline,380.0HP 3.0L V6 Cylinder Engine Gasoline Fuel,Dual Shift,Black,Black,None reported,Yes,"$62,425",380.0,3.0,V6,5.0
2494,2494,Audi,S5 3.0T Prestige,2018,44000,Gasoline,354.0HP 3.0L V6 Cylinder Engine Gasoline Fuel,Automatic,Gray,Black,None reported,Yes,"$39,000",354.0,3.0,V6,4.0
2495,2495,Porsche,718 Boxster Base,2017,26000,Gasoline,300.0HP 2.0L 4 Cylinder Engine Gasoline Fuel,Automatic,Gray,Black,None reported,Yes,"$45,500",300.0,2.0,I4,2.0
2496,2496,Chevrolet,Corvette Stingray w/2LT,2020,1800,Gasoline,490.0HP 6.2L 8 Cylinder Engine Gasoline Fuel,Automatic,Blue,Black,None reported,Yes,"$76,000",490.0,6.2,V8,2.0
2497,2497,Lamborghini,Urus Pearl Capsule,2021,3771,Gasoline,"4L V-8 gasoline direct injection, DOHC, variable valve control,",Automatic,Grigio Nimbus,Bianco Polar,None reported,No,"$259,991",641.0,4.0,V8,5.0
2498,2498,Maserati,Quattroporte S,2012,50000,Gasoline,425.0HP 4.7L 8 Cylinder Engine Gasoline Fuel,Automatic,White,Black,None reported,Yes,"$26,497",425.0,4.7,V8,5.0
2499,2499,Subaru,Impreza 2.0i,2018,93000,Gasoline,152.0HP 2.0L 4 Cylinder Engine Gasoline Fuel,Automatic,Silver,Black,At least 1 accident or damage reported,Yes,"$16,000",152.0,2.0,H-4,5.0
2500,2500,Mercedes-Benz,AMG GT C,2020,15000,Gasoline,550.0HP 4.0L 8 Cylinder Engine Gasoline Fuel,Automatic,Gray,Black,None reported,Yes,"$129,000",550.0,4.0,V8,2.0
2501,2501,Mazda,Mazda6 i Touring,2016,119500,Gasoline,184.0HP 2.5L 4 Cylinder Engine Gasoline Fuel,Dual Shift,Silver,Black,None reported,Yes,"$15,000",184.0,2.5,I4,5.0
2502,2502,Porsche,Macan S,2016,50000,Gasoline,340.0HP 3.0L V6 Cylinder Engine Gasoline Fuel,Automatic,Blue,Red,None reported,Yes,"$36,000",340.0,3.0,V6,5.0
2503,2503,Porsche,Panamera 4,2011,85000,Gasoline,300.0HP 3.6L V6 Cylinder Engine Gasoline Fuel,Automatic,Gray,Beige,not defined,No,"$21,500",300.0,3.6,V6,4.0
2504,2504,Genesis,G70 3.3T Advanced,2019,48000,Gasoline,365.0HP 3.3L V6 Cylinder Engine Gasoline Fuel,Automatic,Black,Black,None reported,Yes,"$29,999",365.0,3.3,V6,5.0
2505,2505,Jeep,Wrangler Sport,2021,11756,Gasoline,"2L I-4 gasoline direct injection, DOHC, intercooled turbo, engin",Automatic,Granite Crystal Metallic Clearcoat,Black,At least 1 accident or damage reported,No,"$33,400",190.0,2.0,I6,5.0
2506,2506,Audi,Q5 2.0T Premium Plus,2018,50400,Gasoline,252.0HP 2.0L 4 Cylinder Engine Gasoline Fuel,Dual Shift,White,Beige,None reported,Yes,"$28,500",252.0,2.0,I4,5.0
2507,2507,BMW,335 i xDrive,2012,153600,Gasoline,300.0HP 3.0L Straight 6 Cylinder Engine Gasoline Fuel,Manual,Black,Black,None reported,Yes,"$17,500",300.0,3.0,Straight 6,5.0
2508,2508,Land,Rover Range Rover P530 SE,2023,1869,Gasoline,4.4L V8 32V GDI DOHC Twin Turbo,Automatic,Eiger Grey,Deep Garnet,None reported,Yes,"$164,725",523.0,4.4,V8,5.0
2509,2509,Dodge,Durango SRT 392,2022,31917,Gasoline,475.0HP 6.4L 8 Cylinder Engine Gasoline Fuel,Automatic,Gray,Black,None reported,Yes,"$64,683",475.0,6.4,V8,7.0
2510,2510,BMW,M3 Base,2016,56235,Gasoline,425.0HP 3.0L Straight 6 Cylinder Engine Gasoline Fuel,Manual,Orange,Orange,None reported,Yes,"$50,500",425.0,3.0,I6,4.0
2511,2511,Ford,Fiesta ST,2019,28724,Gasoline,197.0HP 1.6L 4 Cylinder Engine Gasoline Fuel,Manual,Gray,Black,At least 1 accident or damage reported,Yes,"$18,300",197.0,1.6,I4,5.0
2512,2512,Lincoln,MKS Base,2015,124400,Gasoline,305.0HP 3.7L V6 Cylinder Engine Gasoline Fuel,Automatic,White,Black,At least 1 accident or damage reported,Yes,"$9,500",305.0,3.7,V6,5.0
2513,2513,Chevrolet,Tahoe Premier,2020,137000,Gasoline,355.0HP 5.3L 8 Cylinder Engine Gasoline Fuel,Automatic,Black,Black,None reported,Yes,"$46,000",355.0,5.3,V8,8.0
2514,2514,Ferrari,F430 Berlinetta,2005,38686,Gasoline,483.0HP 4.3L 8 Cylinder Engine Gasoline Fuel,Dual Shift,White,Red,None reported,Yes,"$99,999",483.0,4.3,V8,2.0
2515,2515,Ford,F-250 Platinum,2022,6600,Gasoline,430.0HP 7.3L 8 Cylinder Engine Gasoline Fuel,Automatic,Blue,Black,At least 1 accident or damage reported,Yes,"$72,900",430.0,7.3,V8,5.0
2516,2516,Mercedes-Benz,SLK-Class SLK280 Roadster,2007,67200,Gasoline,228.0HP 3.0L V6 Cylinder Engine Gasoline Fuel,Automatic,Silver,Black,None reported,Yes,"$11,500",228.0,3.0,V6,2.0
2517,2517,Porsche,Macan,2021,16554,Gasoline,2.0 Liter,Automatic,White,Beige,None reported,No,"$51,698",248.0,2.0,I4,5.0
2518,2518,BMW,X5 PHEV xDrive45e,2023,15736,Plug-In Hybrid,389.0HP 3.0L Straight 6 Cylinder Engine Plug-In Electric/Gas,Automatic,Blue,Brown,None reported,Yes,"$67,900",389.0,3.0,I6,5.0
2519,2519,Mercedes-Benz,E-Class E500,2005,153460,Gasoline,302.0HP 5.0L 8 Cylinder Engine Gasoline Fuel,Automatic,Gold,Gold,At least 1 accident or damage reported,Yes,"$5,800",302.0,5.0,V8,5.0
2520,2520,Acura,TL 3.7,2012,70000,Gasoline,305.0HP 3.7L V6 Cylinder Engine Gasoline Fuel,Automatic,Black,Black,At least 1 accident or damage reported,Yes,"$15,051",305.0,3.7,V6,5.0
2521,2521,Hyundai,Equus Signature,2011,143898,Gasoline,378.0HP 4.6L 8 Cylinder Engine Gasoline Fuel,Automatic,Gray,Brown,None reported,Yes,"$9,950",378.0,4.6,V8,5.0
2522,2522,Mercedes-Benz,SL-Class SL500 Roadster,2003,26190,Gasoline,302.0HP 5.0L 8 Cylinder Engine Gasoline Fuel,Automatic,Gold,Beige,None reported,Yes,"$22,000",302.0,5.0,V8,2.0
2523,2523,Toyota,Land Cruiser Base,2000,209193,Gasoline,230.0HP 4.7L 8 Cylinder Engine Gasoline Fuel,Automatic,Black,Beige,None reported,Yes,"$15,900",230.0,4.7,Straight 6,8.0
2524,2524,RAM,2500 Big Horn,2018,27839,Gasoline,6.4L V8 16V MPFI OHV,Automatic,Granite Crystal Clearcoat Metallic,Diesel Gray / Black,None reported,Yes,"$41,688",350.0,6.4,V8,5.0
2525,2525,Chevrolet,Silverado 2500 WT,2018,141195,E85 Flex Fuel,6.0L V8 16V MPFI OHV Flexible Fuel,Automatic,Summit White,Dark Ash,not defined,No,"$28,499",360.0,6.0,V8,5.0
2526,2526,Porsche,Macan S,2022,20250,Gasoline,375.0HP 2.9L V6 Cylinder Engine Gasoline Fuel,Automatic,White,Beige,None reported,Yes,"$68,500",375.0,2.9,V6,5.0
2527,2527,Jeep,Grand Cherokee L Limited,2022,18333,Gasoline,3.6L V6 24V MPFI DOHC,Automatic,Velvet Red Pearlcoat,Global Black,None reported,No,"$41,599",290.0,3.6,V6,7.0
2528,2528,Mercedes-Benz,E-Class E 350,2014,35000,Gasoline,302.0HP 3.5L V6 Cylinder Engine Gasoline Fuel,Automatic,Red,Beige,None reported,Yes,"$29,998",302.0,3.5,V6,5.0
2529,2529,Dodge,Magnum Base,2006,133255,Gasoline,250.0HP 3.5L V6 Cylinder Engine Gasoline Fuel,Automatic,Silver,Gray,None reported,Yes,"$4,000",250.0,3.5,V6,5.0
2530,2530,Porsche,Macan Turbo,2021,14526,Gasoline,2.9 Liter Turbo,Automatic,Black,–,None reported,No,"$79,998",375.0,2.9,V6,5.0
2531,2531,Mercedes-Benz,E-Class E 550,2014,43690,Gasoline,402.0HP 4.7L 8 Cylinder Engine Gasoline Fuel,Automatic,Black,Black,None reported,Yes,"$23,500",402.0,4.7,V8,5.0
2532,2532,Porsche,Macan S,2020,29136,Gasoline,3.0 Liter Turbo,Automatic,White,Red,None reported,No,"$58,598",348.0,3.0,V6,5.0
2533,2533,Cadillac,XT5 Luxury,2017,72060,Gasoline,3.6L V6 24V GDI DOHC,Automatic,Stellar Black Metallic,Shara Beige,None reported,No,"$24,590",310.0,3.6,V6,5.0
2534,2534,Toyota,Tundra Platinum,2023,8800,Gasoline,389.0HP 3.4L V6 Cylinder Engine Gasoline Fuel,Automatic,Silver,Black,None reported,Yes,"$68,500",389.0,3.4,V6,5.0
2535,2535,Nissan,Versa 1.6 SL,2015,85768,Gasoline,109.0HP 1.6L 4 Cylinder Engine Gasoline Fuel,Automatic,White,Black,At least 1 accident or damage reported,Yes,"$8,250",109.0,1.6,I4,5.0
2536,2536,Mercedes-Benz,AMG GT 53 Base,2022,2235,Hybrid,429.0HP 3.0L Straight 6 Cylinder Engine Gasoline/Mild Electric Hybrid,Dual Shift,Gray,Red,None reported,Yes,"$110,000",429.0,3.0,I6,4.0
2537,2537,Buick,Enclave Avenir,2019,121521,Gasoline,3.6L V6 24V GDI DOHC,Automatic,Dark Slate Metallic,Ebony / Ebony Accents,None reported,Yes,"$26,772",310.0,3.6,V6,7.0
2538,2538,Porsche,911 GT3,2015,23700,Gasoline,475.0HP 3.8L Flat 6 Cylinder Engine Gasoline Fuel,Dual Shift,Black,Black,None reported,Yes,"$144,940",475.0,3.8,H6,2.0
2539,2539,BMW,328 i,2013,124000,Gasoline,230.0HP 3.0L Straight 6 Cylinder Engine Gasoline Fuel,Automatic,White,Beige,None reported,Yes,"$11,900",230.0,3.0,I6,5.0
2540,2540,Acura,ILX Premium Package,2018,32260,Gasoline,201.0HP 2.4L 4 Cylinder Engine Gasoline Fuel,Automatic,Black,Black,None reported,Yes,"$20,999",201.0,2.4,I4,5.0
2541,2541,Lexus,GX 460 Base,2015,92000,Gasoline,301.0HP 4.6L 8 Cylinder Engine Gasoline Fuel,Automatic,Black,Black,None reported,Yes,"$28,000",301.0,4.6,V8,5.0
2542,2542,Toyota,Land Cruiser Base,2010,269885,Gasoline,381.0HP 5.7L 8 Cylinder Engine Gasoline Fuel,Automatic,Black,Beige,At least 1 accident or damage reported,Yes,"$22,500",381.0,5.7,Straight 6,8.0
2543,2543,Chevrolet,Corvette Base,2008,51855,Gasoline,430.0HP 6.2L 8 Cylinder Engine Gasoline Fuel,Automatic,Red,Red,None reported,Yes,"$35,900",430.0,6.2,V8,2.0
2544,2544,Mazda,Mazda6 i Touring,2015,124000,Gasoline,184.0HP 2.5L 4 Cylinder Engine Gasoline Fuel,Manual,White,Beige,At least 1 accident or damage reported,Yes,"$12,900",184.0,2.5,I4,5.0
2545,2545,Jaguar,F-TYPE R,2015,26000,Gasoline,550.0HP 5.0L 8 Cylinder Engine Gasoline Fuel,Automatic,Blue,Red,None reported,Yes,"$52,500",550.0,5.0,V8,2.0
2546,2546,Audi,A3 2.0T Premium,2018,36500,Gasoline,220.0HP 2.0L 4 Cylinder Engine Gasoline Fuel,Automatic,Gray,Silver,At least 1 accident or damage reported,Yes,"$25,500",220.0,2.0,I4,5.0
2547,2547,Chevrolet,Camaro 2SS,2022,1400,Gasoline,455.0HP 6.2L 8 Cylinder Engine Gasoline Fuel,Automatic,Black,Black,None reported,Yes,"$54,900",455.0,6.2,V8,4.0
2548,2548,Jeep,Wrangler Unlimited Sport S,2018,17000,Gasoline,285.0HP 3.6L V6 Cylinder Engine Gasoline Fuel,Automatic,Black,Black,None reported,Yes,"$38,500",285.0,3.6,V6,5.0
2549,2549,Honda,Civic Sport,2021,42750,Gasoline,1.5L I4 16V GDI DOHC Turbo,Automatic,Black,Black,None reported,Yes,"$25,698",158.0,1.5,I4,5.0
2550,2550,Porsche,Cayman Base,2011,67998,Gasoline,265.0HP 2.9L Flat 6 Cylinder Engine Gasoline Fuel,Manual,White,Beige,None reported,Yes,"$30,000",265.0,2.9,Flat 6,2.0
2551,2551,Ford,Mustang GT,2008,64500,Gasoline,300.0HP 4.6L 8 Cylinder Engine Gasoline Fuel,Manual,Black,Red,At least 1 accident or damage reported,Yes,"$16,000",300.0,4.6,V8,4.0
2552,2552,Toyota,FJ Cruiser Base,2007,102000,Gasoline,239.0HP 4.0L V6 Cylinder Engine Gasoline Fuel,Manual,Blue,Black,None reported,Yes,"$24,900",239.0,4.0,V6,5.0
2553,2553,Land,Rover Discovery SE,2004,145000,Gasoline,217.0HP 4.6L 8 Cylinder Engine Gasoline Fuel,Automatic,Green,Beige,None reported,Yes,"$15,500",217.0,4.6,V8,7.0
2554,2554,Porsche,718 Boxster S,2018,50000,Gasoline,350.0HP 2.5L 4 Cylinder Engine Gasoline Fuel,Automatic,Blue,Black,At least 1 accident or damage reported,Yes,"$55,000",350.0,2.5,I4,2.0
2555,2555,Chevrolet,Corvette Base,2004,37622,Gasoline,350.0HP 5.7L 8 Cylinder Engine Gasoline Fuel,Automatic,Blue,Beige,None reported,Yes,"$25,500",350.0,5.7,V8,2.0
2556,2556,Toyota,Avalon Limited,2006,89987,Gasoline,268.0HP 3.5L V6 Cylinder Engine Gasoline Fuel,Automatic,Green,Beige,None reported,Yes,"$9,499",268.0,3.5,V6,5.0
2557,2557,INFINITI,QX80 Base,2015,136390,Gasoline,5.6L V8 32V GDI DOHC,Automatic,Black Obsidian,Black,None reported,Yes,"$20,470",400.0,5.6,V8,8.0
2558,2558,Cadillac,DeVille Base,1994,90000,not defined,–,Automatic,Green,Beige,At least 1 accident or damage reported,Yes,"$2,990",250.0,4.6,V8,5.0
2559,2559,Chevrolet,Camaro 2SS,2015,27000,Gasoline,426.0HP 6.2L 8 Cylinder Engine Gasoline Fuel,Dual Shift,Black,Beige,None reported,Yes,"$33,000",426.0,6.2,V8,4.0
2560,2560,Jeep,Liberty Renegade,2004,144770,Gasoline,210.0HP 3.7L V6 Cylinder Engine Gasoline Fuel,Automatic,Beige,Beige,At least 1 accident or damage reported,Yes,"$6,500",210.0,3.7,V6,5.0
2561,2561,Toyota,4Runner Trail,2011,157000,Gasoline,270.0HP 4.0L V6 Cylinder Engine Gasoline Fuel,Dual Shift,Black,Beige,None reported,Yes,"$23,500",270.0,4.0,V6,5.0
2562,2562,BMW,328 i xDrive,2010,132000,Gasoline,230.0HP 3.0L Straight 6 Cylinder Engine Gasoline Fuel,Dual Shift,Silver,Black,At least 1 accident or damage reported,Yes,"$8,500",230.0,3.0,I4,5.0
2563,2563,Ford,Excursion Limited Ultimate,2002,137000,Diesel,250.0HP 7.3L 8 Cylinder Engine Diesel Fuel,Automatic,Gold,Gold,None reported,Yes,"$15,000",250.0,7.3,V8,8.0
2564,2564,Lexus,IS 300 Base,2018,50992,Gasoline,260.0HP 3.5L V6 Cylinder Engine Gasoline Fuel,Automatic,White,Gray,At least 1 accident or damage reported,Yes,"$28,000",260.0,3.5,V6,5.0
2565,2565,Cadillac,CTS Performance,2010,105760,Gasoline,270.0HP 3.0L V6 Cylinder Engine Gasoline Fuel,Automatic,Black,Black,None reported,Yes,"$12,900",270.0,3.0,V6,5.0
2566,2566,Lexus,LC 500 Base,2018,29800,Gasoline,471.0HP 5.0L 8 Cylinder Engine Gasoline Fuel,Automatic,Black,Black,None reported,Yes,"$68,495",471.0,5.0,V8,2.0
2567,2567,BMW,540 i xDrive,2019,21000,Gasoline,335.0HP 3.0L Straight 6 Cylinder Engine Gasoline Fuel,Dual Shift,Blue,Black,At least 1 accident or damage reported,Yes,"$42,000",335.0,3.0,I4,5.0
2568,2568,Chevrolet,Corvette Base,1998,152195,Gasoline,340.0HP 5.7L 8 Cylinder Engine Gasoline Fuel,Automatic,Black,Black,None reported,Yes,"$9,900",340.0,5.7,V8,2.0
2569,2569,Hummer,H2 Base,2006,169900,Gasoline,325.0HP 6.0L 8 Cylinder Engine Gasoline Fuel,Automatic,Orange,Black,At least 1 accident or damage reported,Yes,"$16,900",325.0,6.0,V8,5.0
2570,2570,Volvo,XC90 3.2,2008,196000,Gasoline,235.0HP 3.2L Straight 6 Cylinder Engine Gasoline Fuel,Automatic,Black,Beige,None reported,Yes,"$6,499",235.0,3.2,Straight 6,7.0
2571,2571,Jeep,Wrangler Unlimited Sahara,2009,180036,Gasoline,202.0HP 3.8L V6 Cylinder Engine Gasoline Fuel,Automatic,Black,Black,At least 1 accident or damage reported,Yes,"$9,100",202.0,3.8,V6,5.0
2572,2572,Land,Rover Discovery HSE LUXURY,2017,57918,Gasoline,340.0HP 3.0L V6 Cylinder Engine Gasoline Fuel,Dual Shift,Gray,Gray,None reported,Yes,"$33,500",340.0,3.0,V6,7.0
2573,2573,BMW,340 i,2017,98600,Gasoline,320.0HP 3.0L Straight 6 Cylinder Engine Gasoline Fuel,Automatic,Silver,Black,None reported,Yes,"$26,500",320.0,3.0,I6,5.0
2574,2574,Ford,F-250 Lariat,2018,120000,Diesel,450.0HP 6.7L 8 Cylinder Engine Diesel Fuel,Automatic,Silver,Black,At least 1 accident or damage reported,Yes,"$55,000",450.0,6.7,V8,5.0
2575,2575,BMW,M3 Competition,2022,14269,Gasoline,503.0HP 3.0L Straight 6 Cylinder Engine Gasoline Fuel,Automatic,Gray,Orange,None reported,Yes,"$80,000",503.0,3.0,Straight 6,4.0
2576,2576,Lexus,LC 500 Base,2022,6875,Gasoline,471.0HP 5.0L 8 Cylinder Engine Gasoline Fuel,Automatic,White,Black,None reported,Yes,"$89,000",471.0,5.0,V8,2.0
2577,2577,Honda,CR-V Touring,2019,55100,Gasoline,1.5L I4 16V GDI DOHC Turbo,Automatic,White,Gray,None reported,No,"$28,324",190.0,1.5,I4,5.0
2578,2578,Porsche,Panamera S,2012,49000,Gasoline,400.0HP 4.8L 8 Cylinder Engine Gasoline Fuel,Automatic,White,Black,not defined,No,"$41,500",400.0,4.8,V8,4.0
2579,2579,BMW,750 i,2009,74600,Gasoline,400.0HP 4.4L 8 Cylinder Engine Gasoline Fuel,Automatic,White,Brown,None reported,Yes,"$15,000",400.0,4.4,V8,5.0
2580,2580,Audi,A7 3.0T Premium,2019,45900,Hybrid,335.0HP 3.0L V6 Cylinder Engine Gasoline/Mild Electric Hybrid,Dual Shift,Black,Black,At least 1 accident or damage reported,Yes,"$41,500",335.0,3.0,V6,5.0
2581,2581,Chrysler,200 Limited,2015,95271,E85 Flex Fuel,184.0HP 2.4L 4 Cylinder Engine Flex Fuel Capability,Automatic,Black,Black,not defined,No,"$12,468",184.0,2.4,I4,5.0
2582,2582,Ford,F-150 XL,2021,88883,Gasoline,2.7L V6 24V PDI DOHC Twin Turbo,Automatic,Agate Black Metallic,Black,None reported,Yes,"$33,172",385.0,2.7,V6,5.0
2583,2583,Dodge,Grand Caravan R/T,2013,43000,E85 Flex Fuel,283.0HP 3.6L V6 Cylinder Engine Flex Fuel Capability,Automatic,Red,Black,None reported,Yes,"$35,000",283.0,3.6,V6,7.0
2584,2584,Ford,Focus SE,2018,33700,E85 Flex Fuel,160.0HP 2.0L 4 Cylinder Engine Flex Fuel Capability,Automatic,Gray,Black,At least 1 accident or damage reported,Yes,"$12,000",160.0,2.0,I4,5.0
2585,2585,RAM,2500 Big Horn,2016,95115,Diesel,6.7L I6 24V DDI OHV Turbo Diesel,Automatic,Bright White Clearcoat,Diesel Gray / Black,None reported,Yes,"$43,640",350.0,6.7,I6,5.0
2586,2586,Lotus,Elise Base,2005,25250,Gasoline,190.0HP 1.8L 4 Cylinder Engine Gasoline Fuel,Manual,Red,Black,not defined,No,"$44,000",190.0,1.8,I4,2.0
2587,2587,Chevrolet,Corvette Base,2007,20200,Gasoline,400.0HP 6.0L 8 Cylinder Engine Gasoline Fuel,Automatic,Red,Red,None reported,Yes,"$27,500",400.0,6.0,V8,2.0
2588,2588,Audi,allroad 2.0T Prestige,2013,104457,Gasoline,211.0HP 2.0L 4 Cylinder Engine Gasoline Fuel,Automatic,Silver,Black,None reported,Yes,"$17,900",211.0,2.0,I4,5.0
2589,2589,McLaren,570S Spider,2018,8984,Gasoline,3.8L V8 32V MPFI DOHC Twin Turbo,Automatic,Vega Blue,Black,None reported,No,"$171,900",562.0,3.8,V8,2.0
2590,2590,Chevrolet,Express 2500 Work Van,2017,76000,Gasoline,285.0HP 4.8L 8 Cylinder Engine Gasoline Fuel,Automatic,Silver,–,None reported,Yes,"$41,400",285.0,4.8,V8,2.0
2591,2591,Chevrolet,Traverse High Country,2020,56247,Gasoline,3.6L V6 24V GDI DOHC,Automatic,Stone Gray Metallic,Jet Black,None reported,Yes,"$39,244",310.0,3.6,V6,7.0
2592,2592,Jeep,Wrangler S,1994,50750,not defined,–,Manual,Blue,Gray,None reported,Yes,"$15,000",270.0,3.6,V6,4.0
2593,2593,Acura,ILX Technology Plus Package,2016,61000,Gasoline,201.0HP 2.4L 4 Cylinder Engine Gasoline Fuel,Automatic,Black,Black,At least 1 accident or damage reported,Yes,"$21,000",201.0,2.4,I4,5.0
2594,2594,Chevrolet,Camaro 1LT,2019,9111,Gasoline,3.6L V6 GDI DOHC,Automatic,Summit White,Jet Black,None reported,No,"$27,599",275.0,3.6,V6,4.0
2595,2595,Lexus,ES 350 Base,2015,100900,Gasoline,3.5 Liter,Automatic,Matador Red Mica,Parchment,None reported,No,"$21,998",268.0,3.5,V6,5.0
2596,2596,Ford,F-150 XLT,2021,24207,Gasoline,2.7L V6 24V PDI DOHC Twin Turbo,Automatic,Black,–,None reported,Yes,"$43,430",400.0,2.7,V6,5.0
2597,2597,Tesla,Model Y Long Range,2022,9411,not defined,Dual Motor - Standard,Automatic,Silver,Black,None reported,No,"$47,998",425.0,0.0,Electric,5.0
2598,2598,Chevrolet,Corvette Z06,2006,21000,Gasoline,505.0HP 7.0L 8 Cylinder Engine Gasoline Fuel,Manual,Silver,Black,None reported,Yes,"$47,500",505.0,7.0,V8,2.0
2599,2599,Cadillac,CTS 3.6L Premium Luxury,2019,136150,Gasoline,335.0HP 3.6L V6 Cylinder Engine Gasoline Fuel,Dual Shift,Silver,Black,At least 1 accident or damage reported,Yes,"$22,500",335.0,3.6,V6,5.0
2600,2600,BMW,M3 Base,2009,78414,Gasoline,420.0HP 4.0L 8 Cylinder Engine Gasoline Fuel,Automatic,Silver,Gray,At least 1 accident or damage reported,Yes,"$28,750",420.0,4.0,I6,4.0
2601,2601,Mazda,Mazda3 FWD w/Preferred Package,2019,60800,Gasoline,186.0HP 2.5L 4 Cylinder Engine Gasoline Fuel,Automatic,Red,Beige,None reported,Yes,"$19,900",186.0,2.5,I4,5.0
2602,2602,Ford,Maverick XLT,2022,16400,Hybrid,191.0HP 2.5L 4 Cylinder Engine Gas/Electric Hybrid,Automatic,Gray,Gray,None reported,Yes,"$34,000",191.0,2.5,I4,5.0
2603,2603,Toyota,Highlander Hybrid Limited,2018,62200,Hybrid,306.0HP 3.5L V6 Cylinder Engine Gas/Electric Hybrid,Automatic,Brown,Beige,None reported,Yes,"$35,707",306.0,3.5,V6,7.0
2604,2604,Lincoln,Town Car Signature,2003,142215,Gasoline,239.0HP 4.6L 8 Cylinder Engine Gasoline Fuel,Automatic,Gray,Beige,None reported,Yes,"$5,000",239.0,4.6,V8,5.0
2605,2605,Mercedes-Benz,SL-Class SL550 Roadster,2007,150000,Gasoline,382.0HP 5.5L 8 Cylinder Engine Gasoline Fuel,Automatic,Black,Black,None reported,Yes,"$8,000",382.0,5.5,V8,2.0
2606,2606,Ford,Mustang GT,1998,49170,Gasoline,225.0HP 4.6L 8 Cylinder Engine Gasoline Fuel,Automatic,Silver,Black,None reported,Yes,"$12,500",225.0,4.6,V8,4.0
2607,2607,Chevrolet,Suburban 1500 LT,2015,167500,Gasoline,355.0HP 5.3L 8 Cylinder Engine Gasoline Fuel,Automatic,Silver,Black,None reported,Yes,"$18,000",355.0,5.3,V8,8.0
2608,2608,Ford,Fusion SE,2016,110450,Gasoline,231.0HP 2.0L 4 Cylinder Engine Gasoline Fuel,Automatic,Silver,Brown,None reported,Yes,"$11,000",231.0,2.0,I4,5.0
2609,2609,Audi,S4 3.0T Premium Plus,2014,106000,Gasoline,333.0HP 3.0L V6 Cylinder Engine Gasoline Fuel,Manual,Gray,Black,At least 1 accident or damage reported,Yes,"$23,000",333.0,3.0,V6,5.0
2610,2610,Chevrolet,Suburban Premier,2017,92728,Gasoline,355.0HP 5.3L 8 Cylinder Engine Gasoline Fuel,Automatic,White,Black,None reported,Yes,"$34,900",355.0,5.3,V8,8.0
2611,2611,Ford,Bronco Big Bend,2022,17000,Gasoline,275.0HP 2.3L 4 Cylinder Engine Gasoline Fuel,Automatic,Gray,–,None reported,Yes,"$44,000",275.0,2.3,I4,5.0
2612,2612,Ford,F-250 XL,2016,75200,E85 Flex Fuel,385.0HP 6.2L 8 Cylinder Engine Flex Fuel Capability,Automatic,White,Gray,None reported,Yes,"$22,000",385.0,6.2,V8,5.0
2613,2613,Dodge,Challenger SRT Hellcat,2015,1800,Gasoline,707.0HP 6.2L 8 Cylinder Engine Gasoline Fuel,Automatic,Green,Black,None reported,Yes,"$64,990",707.0,6.2,V8,4.0
2614,2614,Toyota,Tacoma TRD Sport,2019,36283,Gasoline,3.5 Liter,Automatic,Barcelona Red,Black,None reported,No,"$39,598",278.0,3.5,V6,5.0
2615,2615,Audi,Q5 S line Premium Plus,2023,6682,Hybrid,2.0 Liter TFSI,Automatic,Mythos Black Metallic,Rock Gray,None reported,No,"$47,798",248.0,2.0,I4,5.0
2616,2616,Jeep,Wrangler Sport,2018,23399,Gasoline,2.0L I4 16V GDI DOHC Turbo,Automatic,Black Clearcoat,Black,None reported,No,"$28,999",190.0,2.0,I4,5.0
2617,2617,Genesis,G80 3.8,2017,29720,Gasoline,311.0HP 3.8L V6 Cylinder Engine Gasoline Fuel,Automatic,Brown,Beige,None reported,Yes,"$29,500",311.0,3.8,V6,5.0
2618,2618,Mercedes-Benz,SL-Class SL63 AMG Roadster,2009,56000,Gasoline,518.0HP 6.3L 8 Cylinder Engine Gasoline Fuel,Automatic,Black,Black,None reported,Yes,"$44,850",518.0,6.3,V8,2.0
2619,2619,Lexus,LX 570 Three-Row,2020,59419,Gasoline,383.0HP 5.7L 8 Cylinder Engine Gasoline Fuel,Automatic,Silver,Beige,None reported,Yes,"$73,000",383.0,5.7,V8,8.0
2620,2620,Kia,Stinger GT2,2018,69100,Gasoline,365.0HP 3.3L V6 Cylinder Engine Gasoline Fuel,Automatic,Red,Black,None reported,Yes,"$32,500",365.0,3.3,V6,5.0
2621,2621,Nissan,GT-R Premium,2021,22185,Gasoline,3.8L V6 24V MPFI DOHC Twin Turbo,Automatic,Bayside Blue,Gray,None reported,Yes,"$131,999",565.0,3.8,V6,2.0
2622,2622,Chevrolet,Trailblazer SS,2008,29586,Gasoline,390.0HP 6.0L 8 Cylinder Engine Gasoline Fuel,Automatic,White,Black,None reported,Yes,"$47,900",390.0,6.0,V8,5.0
2623,2623,Chevrolet,Silverado 2500 WT,2021,63866,Gasoline,6.6L V8 16V GDI OHV,Automatic,Silver Ice Metallic,Jet Black,None reported,Yes,"$41,885",360.0,6.6,V8,5.0
2624,2624,Chevrolet,Suburban LTZ,2016,135484,Gasoline,5.3L V8 16V GDI OHV,Automatic,Tungsten Metallic,Cocoa / Dune,not defined,No,"$29,748",355.0,5.3,V8,8.0
2625,2625,Mercedes-Benz,E-Class E 350,2014,78500,Gasoline,302.0HP 3.5L V6 Cylinder Engine Gasoline Fuel,Automatic,Silver,Black,At least 1 accident or damage reported,Yes,"$17,900",302.0,3.5,V6,5.0
2626,2626,BMW,M3 Base,2012,7982,Gasoline,414.0HP 4.0L 8 Cylinder Engine Gasoline Fuel,Automatic,Silver,Red,not defined,No,"$51,900",414.0,4.0,I6,4.0
2627,2627,Bentley,Continental GT V8,2022,1795,Gasoline,"4L V-8 gasoline direct injection, DOHC, variable valve control,",Automatic,Onyx Black,Beluga,None reported,No,"$269,991",542.0,4.0,V8,4.0
2628,2628,Volkswagen,Golf R Base,2022,1067,Gasoline,315.0HP 2.0L 4 Cylinder Engine Gasoline Fuel,Automatic,White,Blue,None reported,Yes,"$48,000",315.0,2.0,I4,4.0
2629,2629,Ford,Explorer Limited,2017,152000,Gasoline,290.0HP 3.5L V6 Cylinder Engine Gasoline Fuel,Automatic,Gray,Black,None reported,Yes,"$15,499",290.0,3.5,V6,7.0
2630,2630,Honda,Odyssey LX,2011,185000,Gasoline,248.0HP 3.5L V6 Cylinder Engine Gasoline Fuel,Automatic,Purple,–,None reported,Yes,"$8,900",248.0,3.5,V6,8.0
2631,2631,Dodge,Ram 2500 SLT Mega Cab,2007,97724,Diesel,350.0HP 6.7L Straight 6 Cylinder Engine Diesel Fuel,Automatic,Red,Gray,None reported,Yes,"$19,998",350.0,6.7,Straight 6,6.0
2632,2632,Honda,Civic Sport,2020,22227,Gasoline,2.0L I4 16V MPFI DOHC,Automatic,Red,Black,not defined,No,"$25,980",158.0,2.0,I4,5.0
2633,2633,Honda,Civic LX,2016,111000,Gasoline,158.0HP 2.0L 4 Cylinder Engine Gasoline Fuel,Automatic,Blue,Black,None reported,Yes,"$13,000",158.0,2.0,I4,5.0
2634,2634,Ford,F-250 XLT,2019,32268,E85 Flex Fuel,385.0HP 6.2L 8 Cylinder Engine Flex Fuel Capability,Automatic,White,Gray,None reported,Yes,"$46,500",385.0,6.2,V8,5.0
2635,2635,Nissan,Pathfinder SV,2019,122009,Gasoline,3.5 Liter,Automatic,Gray,Black,None reported,No,"$18,998",284.0,3.5,V6,7.0
2636,2636,Land,Rover Range Rover HSE SWB,2020,57785,Hybrid,395.0HP 3.0L Straight 6 Cylinder Engine Gasoline/Mild Electric Hybrid,Automatic,Black,Black,None reported,Yes,"$63,995",395.0,3.0,Straight 6,5.0
2637,2637,BMW,M3 Base,2002,204884,Gasoline,333.0HP 3.2L Straight 6 Cylinder Engine Gasoline Fuel,Manual,Silver,Black,At least 1 accident or damage reported,Yes,"$21,500",333.0,3.2,I6,4.0
2638,2638,Hummer,H2 Base,2003,179400,Gasoline,316.0HP 6.0L 8 Cylinder Engine Gasoline Fuel,Automatic,White,Brown,At least 1 accident or damage reported,Yes,"$15,000",316.0,6.0,V8,5.0
2639,2639,Mazda,RX-8 R3,2009,57000,Gasoline,232.0HP 1.3L Rotary engine Gasoline Fuel,Manual,Red,Black,None reported,Yes,"$14,000",232.0,1.3,Rotary,4.0
2640,2640,Lexus,LX 570 Three-Row,2021,25997,Gasoline,383.0HP 5.7L 8 Cylinder Engine Gasoline Fuel,Automatic,Green,Brown,None reported,Yes,"$87,000",383.0,5.7,V8,8.0
2641,2641,Chevrolet,Suburban Z71,2022,36555,Gasoline,5.3L V8 16V GDI OHV,Automatic,Summit White,Jet Black,None reported,Yes,"$64,288",355.0,5.3,V8,8.0
2642,2642,Mercedes-Benz,S-Class S 580 4MATIC,2023,989,Gasoline,4.0L V8 32V GDI DOHC Twin Turbo,Automatic,Black,Black,None reported,Yes,"$122,950",496.0,4.0,V8,5.0
2643,2643,Chevrolet,Corvette Base,2007,28514,Gasoline,400.0HP 6.0L 8 Cylinder Engine Gasoline Fuel,Dual Shift,Red,Gray,None reported,Yes,"$32,000",400.0,6.0,V8,2.0
2644,2644,Ford,Mustang GT Premium,2019,10400,Gasoline,460.0HP 5.0L 8 Cylinder Engine Gasoline Fuel,Automatic,Red,Gray,None reported,Yes,"$40,000",460.0,5.0,V8,4.0
2645,2645,Chevrolet,Equinox Premier w/2LZ,2020,51133,Gasoline,2.0L I4 16V GDI DOHC Turbo,Automatic,Iridescent Pearl Tricoat,Jet Black,At least 1 accident or damage reported,No,"$25,800",252.0,2.0,I4,5.0
2646,2646,Chevrolet,Camaro Z28,1999,58800,Gasoline,305.0HP 5.7L 8 Cylinder Engine Gasoline Fuel,Automatic,White,White,None reported,Yes,"$15,000",305.0,5.7,V8,4.0
2647,2647,Land,Rover Discovery HSE,2018,85000,Gasoline,340.0HP 3.0L V6 Cylinder Engine Gasoline Fuel,Automatic,Gray,Black,None reported,Yes,"$33,000",340.0,3.0,V6,7.0
2648,2648,Jeep,Wrangler SE,2000,95200,Gasoline,120.0HP 2.5L 4 Cylinder Engine Gasoline Fuel,Manual,Black,Black,None reported,Yes,"$11,999",120.0,2.5,I4,4.0
2649,2649,Toyota,Highlander XLE,2015,68575,Gasoline,270.0HP 3.5L V6 Cylinder Engine Gasoline Fuel,Automatic,Silver,Gray,At least 1 accident or damage reported,Yes,"$26,000",270.0,3.5,V6,7.0
2650,2650,Chevrolet,Corvette Grand Sport,2011,12300,Gasoline,430.0HP 6.2L 8 Cylinder Engine Gasoline Fuel,Automatic,Red,Black,None reported,Yes,"$45,000",430.0,6.2,V8,2.0
2651,2651,Chevrolet,Corvette Stingray,2018,13900,Gasoline,455.0HP 6.2L 8 Cylinder Engine Gasoline Fuel,Automatic,White,Red,None reported,Yes,"$54,490",455.0,6.2,V8,2.0
2652,2652,Mercedes-Benz,SLK-Class SLK230 Kompressor,2001,58800,Gasoline,190.0HP 2.3L 4 Cylinder Engine Gasoline Fuel,Automatic,Silver,Black,None reported,Yes,"$9,000",190.0,2.3,I4,2.0
2653,2653,Nissan,Juke NISMO RS,2016,30700,Gasoline,215.0HP 1.6L 4 Cylinder Engine Gasoline Fuel,Manual,Black,Black,At least 1 accident or damage reported,Yes,"$21,500",215.0,1.6,I4,4.0
2654,2654,Porsche,911 Carrera C2S,2005,104000,Gasoline,355.0HP 3.8L Flat 6 Cylinder Engine Gasoline Fuel,Manual,Silver,Black,None reported,Yes,"$44,800",355.0,3.8,Flat 6,2.0
2655,2655,Chevrolet,Colorado LT,2019,139116,Gasoline,3.6L V6 24V GDI DOHC,Automatic,Red,Jet Black,At least 1 accident or damage reported,Yes,"$24,899",308.0,3.6,V6,5.0
2656,2656,Porsche,Macan S,2019,36700,Gasoline,348.0HP 3.0L V6 Cylinder Engine Gasoline Fuel,Automatic,Blue,Blue,At least 1 accident or damage reported,Yes,"$48,990",348.0,3.0,V6,5.0
2657,2657,Mercedes-Benz,GLE 350 Base 4MATIC,2022,24500,Gasoline,255.0HP 2.0L 4 Cylinder Engine Gasoline Fuel,Automatic,White,Beige,None reported,Yes,"$82,150",255.0,2.0,I4,5.0
2658,2658,Toyota,Land Cruiser Base,2017,65000,Gasoline,381.0HP 5.7L 8 Cylinder Engine Gasoline Fuel,Automatic,Black,Brown,At least 1 accident or damage reported,Yes,"$65,000",381.0,5.7,Straight 6,8.0
2659,2659,BMW,X6 xDrive40i,2021,27654,Hybrid,3.0 Liter Turbo,Automatic,Mineral White,Black,None reported,No,"$61,998",335.0,3.0,I6,5.0
2660,2660,Rivian,R1S Adventure Package,2023,542,not defined,835.0HP Electric Motor Electric Fuel System,Automatic,Black,Black,None reported,Yes,"$92,500",835.0,0.0,Electric,7.0
2661,2661,Toyota,Highlander Platinum,2020,41000,Gasoline,295.0HP 3.5L V6 Cylinder Engine Gasoline Fuel,Automatic,Blue,Black,None reported,Yes,"$38,700",295.0,3.5,V6,7.0
2662,2662,Mercedes-Benz,SL-Class SL 63 AMG,2011,47400,Gasoline,518.0HP 6.3L 8 Cylinder Engine Gasoline Fuel,Automatic,White,Black,At least 1 accident or damage reported,Yes,"$41,000",518.0,6.3,V8,2.0
2663,2663,Ford,Thunderbird Deluxe,2002,40110,Gasoline,252.0HP 3.9L 8 Cylinder Engine Gasoline Fuel,Automatic,Yellow,Black,None reported,Yes,"$18,500",252.0,3.9,V8,4.0
2664,2664,RAM,2500 Big Horn,2014,124700,Gasoline,410.0HP 6.4L 8 Cylinder Engine Gasoline Fuel,Automatic,Silver,–,None reported,Yes,"$30,000",410.0,6.4,I6,5.0
2665,2665,Ford,F-350 XLT,2013,31000,E85 Flex Fuel,316.0HP 6.2L 8 Cylinder Engine Flex Fuel Capability,Automatic,Black,Gray,At least 1 accident or damage reported,Yes,"$35,000",316.0,6.2,V8,5.0
2666,2666,Toyota,RAV4 Prime XSE,2022,7100,Plug-In Hybrid,302.0HP 2.5L 4 Cylinder Engine Plug-In Electric/Gas,Automatic,Gray,Black,None reported,Yes,"$49,000",302.0,2.5,I4,5.0
2667,2667,Jeep,Grand Cherokee Limited,2018,91677,Gasoline,3.6L V6 24V MPFI DOHC,Automatic,Granite Crystal Clearcoat Metallic,Black,None reported,No,"$26,816",295.0,3.6,V6,5.0
2668,2668,Ford,Focus SE,2009,107500,Gasoline,132.0HP 2.0L 4 Cylinder Engine Gasoline Fuel,Automatic,White,Black,None reported,Yes,"$9,500",132.0,2.0,I4,5.0
2669,2669,Porsche,911 Carrera 4 GTS,2023,1518,Gasoline,473.0HP 3.0L Flat 6 Cylinder Engine Gasoline Fuel,Automatic,Beige,Brown,None reported,Yes,"$194,965",473.0,3.0,Flat 6,2.0
2670,2670,Chevrolet,Corvette Stingray w/2LT,2023,5200,Gasoline,490.0HP 6.2L 8 Cylinder Engine Gasoline Fuel,Automatic,White,Red,None reported,Yes,"$88,900",490.0,6.2,V8,2.0
2671,2671,Ford,F-150 XLT SuperCab,1999,48054,Gasoline,220.0HP 4.6L 8 Cylinder Engine Gasoline Fuel,Automatic,White,Gray,None reported,Yes,"$9,500",220.0,4.6,V8,5.0
2672,2672,Porsche,Macan Base,2018,87500,Gasoline,252.0HP 2.0L 4 Cylinder Engine Gasoline Fuel,Dual Shift,Blue,Beige,None reported,Yes,"$28,000",252.0,2.0,I4,5.0
2673,2673,Acura,ZDX Base,2012,106335,Gasoline,300.0HP 3.7L V6 Cylinder Engine Gasoline Fuel,Automatic,White,Gray,None reported,Yes,"$19,000",300.0,3.7,V6,5.0
2674,2674,Chevrolet,Suburban Premier,2017,133598,Gasoline,5.3L V8 16V GDI OHV,Automatic,Siren Red Tintcoat,Jet Black,At least 1 accident or damage reported,Yes,"$29,999",355.0,5.3,V8,8.0
2675,2675,Chevrolet,Traverse Premier,2018,68455,Gasoline,3.6L V6 24V GDI DOHC,Automatic,Silver Ice Metallic,Jet Black,None reported,Yes,"$30,989",310.0,3.6,V6,7.0
2676,2676,Mercedes-Benz,E-Class E 400,2018,28690,Gasoline,329.0HP 3.0L V6 Cylinder Engine Gasoline Fuel,Automatic,White,Beige,None reported,Yes,"$38,880",329.0,3.0,V6,5.0
2677,2677,BMW,M3 Base,2012,83000,Gasoline,414.0HP 4.0L 8 Cylinder Engine Gasoline Fuel,Automatic,Black,Red,At least 1 accident or damage reported,Yes,"$31,000",414.0,4.0,I6,4.0
2678,2678,Ford,F-250 XLT,2019,38600,Diesel,450.0HP 6.7L 8 Cylinder Engine Diesel Fuel,Automatic,Blue,–,None reported,Yes,"$54,500",450.0,6.7,V8,5.0
2679,2679,Toyota,Highlander SE,2019,92000,Gasoline,295.0HP 3.5L V6 Cylinder Engine Gasoline Fuel,Automatic,Red,Beige,At least 1 accident or damage reported,Yes,"$30,000",295.0,3.5,V6,7.0
2680,2680,Saturn,Sky Red Line,2009,134000,Gasoline,260.0HP 2.0L 4 Cylinder Engine Gasoline Fuel,Manual,Blue,Black,At least 1 accident or damage reported,Yes,"$9,500",260.0,2.0,I4,2.0
2681,2681,Lexus,LS 460 Base,2012,103000,Gasoline,380.0HP 4.6L 8 Cylinder Engine Gasoline Fuel,Automatic,White,Beige,None reported,Yes,"$20,500",380.0,4.6,V8,5.0
2682,2682,Honda,CR-V LX,2004,176261,Gasoline,160.0HP 2.4L 4 Cylinder Engine Gasoline Fuel,Manual,Gray,Gray,None reported,Yes,"$3,750",160.0,2.4,I4,5.0
2683,2683,Ford,Mustang GT Premium,2010,58500,Gasoline,315.0HP 4.6L 8 Cylinder Engine Gasoline Fuel,Manual,White,Red,At least 1 accident or damage reported,Yes,"$20,000",315.0,4.6,V8,4.0
2684,2684,Ford,F-250 Limited,2018,64000,Diesel,450.0HP 6.7L 8 Cylinder Engine Diesel Fuel,Automatic,Red,Beige,None reported,Yes,"$64,000",450.0,6.7,V8,5.0
2685,2685,Porsche,Boxster Black Edition,2016,24881,Gasoline,265.0HP 2.7L Flat 6 Cylinder Engine Gasoline Fuel,Dual Shift,Black,Black,At least 1 accident or damage reported,Yes,"$49,999",265.0,2.7,Flat 6,2.0
2686,2686,Chevrolet,Corvette Base,1998,134000,Gasoline,340.0HP 5.7L 8 Cylinder Engine Gasoline Fuel,Automatic,Red,Beige,None reported,Yes,"$11,500",340.0,5.7,V8,2.0
2687,2687,Ford,Explorer XLT,2013,82900,Gasoline,290.0HP 3.5L V6 Cylinder Engine Gasoline Fuel,Automatic,White,Gray,At least 1 accident or damage reported,Yes,"$16,000",290.0,3.5,V6,7.0
2688,2688,BMW,Z4 3.0si,2008,59257,Gasoline,255.0HP 3.0L Straight 6 Cylinder Engine Gasoline Fuel,Manual,Gray,Black,None reported,Yes,"$18,200",255.0,3.0,I6,2.0
2689,2689,Lexus,RX 350 F Sport,2016,81400,Gasoline,295.0HP 3.5L V6 Cylinder Engine Gasoline Fuel,Automatic,Gray,Red,At least 1 accident or damage reported,Yes,"$26,000",295.0,3.5,V6,5.0
2690,2690,Hyundai,Accent SEL,2022,5100,Gasoline,120.0HP 1.6L 4 Cylinder Engine Gasoline Fuel,Automatic,Blue,Black,None reported,Yes,"$19,500",120.0,1.6,I4,5.0
2691,2691,Ford,Expedition Max XLT,2020,67072,Gasoline,375.0HP 3.5L V6 Cylinder Engine Gasoline Fuel,Automatic,Purple,Black,None reported,Yes,"$38,500",375.0,3.5,V6,8.0
2692,2692,BMW,328 i xDrive,2016,65000,Gasoline,240.0HP 2.0L 4 Cylinder Engine Gasoline Fuel,Dual Shift,Silver,Black,None reported,Yes,"$19,500",240.0,2.0,I4,5.0
2693,2693,Ford,Fusion SE,2014,80800,Gasoline,175.0HP 2.5L 4 Cylinder Engine Gasoline Fuel,Automatic,Blue,Beige,None reported,Yes,"$10,000",175.0,2.5,I4,5.0
2694,2694,Ford,F-150 XLT,2020,53401,Gasoline,375.0HP 3.5L V6 Cylinder Engine Gasoline Fuel,Automatic,Gray,Black,None reported,Yes,"$39,500",375.0,3.5,V6,5.0
2695,2695,Ford,F-150 Platinum,2021,15555,Gasoline,5.0L 8 Cylinder,Automatic,Blue,Black,None reported,Yes,"$62,890",395.0,5.0,V8,5.0
2696,2696,Dodge,Ram 1500 SLT Mega Cab,2006,201509,Gasoline,345.0HP 5.7L 8 Cylinder Engine Gasoline Fuel,Automatic,Gray,Gray,At least 1 accident or damage reported,Yes,"$11,000",345.0,5.7,V8,6.0
2697,2697,Honda,Civic EX,2013,107000,Gasoline,140.0HP 1.8L 4 Cylinder Engine Gasoline Fuel,Automatic,Silver,Black,None reported,Yes,"$14,000",140.0,1.8,I4,5.0
2698,2698,Land,Rover Range Rover Velar P250 S R-Dynamic,2020,30500,Gasoline,247.0HP 2.0L 4 Cylinder Engine Gasoline Fuel,Automatic,Silver,Beige,None reported,Yes,"$44,000",247.0,2.0,I4,5.0
2699,2699,Toyota,Tacoma Base,2011,36000,Gasoline,159.0HP 2.7L 4 Cylinder Engine Gasoline Fuel,Manual,Gray,Gray,None reported,Yes,"$20,000",159.0,2.7,V6,5.0
2700,2700,Ford,F-250 XLT,2019,38514,E85 Flex Fuel,385.0HP 6.2L 8 Cylinder Engine Flex Fuel Capability,Automatic,Black,Gray,At least 1 accident or damage reported,Yes,"$45,998",385.0,6.2,V8,5.0
2701,2701,Mercedes-Benz,Sprinter 2500 Standard Roof,2022,4590,Gasoline,188.0HP 2.0L 4 Cylinder Engine Gasoline Fuel,Automatic,White,Black,None reported,Yes,"$64,000",188.0,2.0,I4,2.0
2702,2702,RAM,2500 Big Horn,2019,97000,Diesel,370.0HP 6.7L Straight 6 Cylinder Engine Diesel Fuel,Automatic,White,Gray,At least 1 accident or damage reported,Yes,"$45,000",370.0,6.7,I6,5.0
2703,2703,BMW,328 i xDrive,2011,110000,Gasoline,230.0HP 3.0L Straight 6 Cylinder Engine Gasoline Fuel,Automatic,Black,Beige,At least 1 accident or damage reported,Yes,"$6,000",230.0,3.0,I4,5.0
2704,2704,Ford,Explorer XLT,2017,53000,E85 Flex Fuel,290.0HP 3.5L V6 Cylinder Engine Flex Fuel Capability,Automatic,Red,Gray,At least 1 accident or damage reported,Yes,"$25,000",290.0,3.5,V6,7.0
2705,2705,Chevrolet,Suburban LTZ,2016,110000,E85 Flex Fuel,355.0HP 5.3L 8 Cylinder Engine Flex Fuel Capability,Automatic,Brown,Brown,None reported,Yes,"$30,999",355.0,5.3,V8,8.0
2706,2706,Mazda,MX-5 Miata Sport,2006,218000,Gasoline,170.0HP 2.0L 4 Cylinder Engine Gasoline Fuel,Manual,Black,Black,At least 1 accident or damage reported,Yes,"$4,999",170.0,2.0,I4,2.0
2707,2707,INFINITI,G35 Base,2003,106500,Gasoline,280.0HP 3.5L V6 Cylinder Engine Gasoline Fuel,Manual,Red,Beige,None reported,Yes,"$9,500",280.0,3.5,V6,5.0
2708,2708,Chevrolet,Express 2500 Work Van,2012,140500,E85 Flex Fuel,324.0HP 6.0L 8 Cylinder Engine Flex Fuel Capability,Automatic,White,Gray,None reported,Yes,"$11,800",324.0,6.0,V8,2.0
2709,2709,Ford,Explorer Eddie Bauer,2010,144200,Gasoline,210.0HP 4.0L V6 Cylinder Engine Gasoline Fuel,Automatic,Black,Beige,None reported,Yes,"$9,999",210.0,4.0,V6,7.0
2710,2710,Chevrolet,Suburban RST,2022,21400,Diesel,277.0HP 3.0L Straight 6 Cylinder Engine Diesel Fuel,Automatic,Gray,Black,None reported,Yes,"$69,000",277.0,3.0,V8,8.0
2711,2711,Mercedes-Benz,GL-Class GL 550 4MATIC,2015,130000,Gasoline,429.0HP 4.7L 8 Cylinder Engine Gasoline Fuel,Automatic,Blue,Black,None reported,Yes,"$24,500",429.0,4.7,V8,7.0
2712,2712,Ford,Focus SE,2012,108045,Gasoline,160.0HP 2.0L 4 Cylinder Engine Gasoline Fuel,Automatic,Blue,Gray,None reported,Yes,"$6,500",160.0,2.0,I4,5.0
2713,2713,Subaru,Crosstrek Premium,2022,10000,Gasoline,152.0HP 2.0L 4 Cylinder Engine Gasoline Fuel,Automatic,White,Black,None reported,Yes,"$28,000",152.0,2.0,I4,5.0
2714,2714,Hyundai,Genesis Coupe 3.8 Track,2011,75000,Gasoline,306.0HP 3.8L V6 Cylinder Engine Gasoline Fuel,Dual Shift,Red,Black,At least 1 accident or damage reported,Yes,"$12,000",306.0,3.8,V6,4.0
2715,2715,Chrysler,Town & Country LX,2009,73500,Gasoline,170.0HP 3.3L V6 Cylinder Engine Gasoline Fuel,Automatic,Silver,Gray,At least 1 accident or damage reported,Yes,"$7,858",170.0,3.3,V6,7.0
2716,2716,Porsche,Panamera Turbo,2018,29850,Gasoline,550.0HP 4.0L 8 Cylinder Engine Gasoline Fuel,Automatic,Silver,Red,None reported,Yes,"$89,750",550.0,4.0,V8,4.0
2717,2717,Honda,Pilot EX-L,2016,135350,Gasoline,280.0HP 3.5L V6 Cylinder Engine Gasoline Fuel,Automatic,White,Beige,At least 1 accident or damage reported,Yes,"$19,900",280.0,3.5,V6,8.0
2718,2718,Mercedes-Benz,GLC 300 GLC 300,2022,16983,Gasoline,2.0 Liter Turbo,Automatic,Black,Black,None reported,No,"$40,998",255.0,2.0,I4,5.0
2719,2719,Audi,A8 L 55,2019,35580,Hybrid,335.0HP 3.0L V6 Cylinder Engine Gasoline/Mild Electric Hybrid,Automatic,Black,Black,None reported,Yes,"$49,500",335.0,3.0,V6,5.0
2720,2720,Ford,Edge SE,2020,71200,Gasoline,250.0HP 2.0L 4 Cylinder Engine Gasoline Fuel,Automatic,White,Beige,None reported,Yes,"$18,900",250.0,2.0,I4,5.0
2721,2721,Dodge,Durango GT,2022,24778,Gasoline,3.6L V6 24V MPFI DOHC,Automatic,Octane Red Pearlcoat,Black,At least 1 accident or damage reported,No,"$36,599",295.0,3.6,V6,7.0
2722,2722,BMW,328 i,2015,109330,Gasoline,240.0HP 2.0L 4 Cylinder Engine Gasoline Fuel,Automatic,Black,Beige,None reported,Yes,"$13,349",240.0,2.0,I6,5.0
2723,2723,Alfa,Romeo Stelvio Ti,2023,6645,Gasoline,2.0L I4 16V GDI SOHC Turbo,Automatic,Alfa White,Black,None reported,No,"$43,900",280.0,2.0,I4,5.0
2724,2724,Mercedes-Benz,GL-Class GL 450 4MATIC,2007,90400,Gasoline,335.0HP 4.7L 8 Cylinder Engine Gasoline Fuel,Automatic,Silver,Beige,None reported,Yes,"$10,199",335.0,4.7,V8,7.0
2725,2725,Ford,Ranger XLT SuperCab,2002,192100,Gasoline,207.0HP 4.0L V6 Cylinder Engine Gasoline Fuel,Automatic,Gold,Beige,At least 1 accident or damage reported,Yes,"$6,450",207.0,4.0,V6,5.0
2726,2726,BMW,M3 CS,2018,32000,Gasoline,453.0HP 3.0L Straight 6 Cylinder Engine Gasoline Fuel,Dual Shift,White,Black,None reported,Yes,"$70,000",453.0,3.0,I6,4.0
2727,2727,Volkswagen,Golf GTI 2.0T Autobahn,2022,6400,Gasoline,241.0HP 2.0L 4 Cylinder Engine Gasoline Fuel,Automatic,Green,Black,None reported,Yes,"$41,500",241.0,2.0,I4,5.0
2728,2728,Toyota,4Runner SR5 Premium,2021,36180,Gasoline,270.0HP 4.0L V6 Cylinder Engine Gasoline Fuel,Automatic,Black,–,None reported,Yes,"$36,990",270.0,4.0,V6,5.0
2729,2729,GMC,Yukon SLT,2014,142400,E85 Flex Fuel,320.0HP 5.3L 8 Cylinder Engine Flex Fuel Capability,Automatic,Black,Black,At least 1 accident or damage reported,Yes,"$13,500",320.0,5.3,V8,7.0
2730,2730,Cadillac,ATS 2.0L Turbo Luxury,2016,83000,Gasoline,272.0HP 2.0L 4 Cylinder Engine Gasoline Fuel,Automatic,Red,Beige,None reported,Yes,"$16,500",272.0,2.0,I4,5.0
2731,2731,Nissan,Xterra S,2012,80000,Gasoline,261.0HP 4.0L V6 Cylinder Engine Gasoline Fuel,Automatic,Black,Gray,None reported,Yes,"$14,800",261.0,4.0,V6,5.0
2732,2732,Ford,Bronco Badlands,2021,32437,Gasoline,315.0HP 2.7L V6 Cylinder Engine Gasoline Fuel,Automatic,Gray,Black,None reported,Yes,"$51,000",315.0,2.7,V6,5.0
2733,2733,BMW,328 i,2011,67500,Gasoline,230.0HP 3.0L Straight 6 Cylinder Engine Gasoline Fuel,Automatic,White,Beige,None reported,Yes,"$18,000",230.0,3.0,I6,5.0
2734,2734,Toyota,4Runner Limited,2021,25882,Gasoline,"4L V-6 DOHC, VVT-i variable valve control, engine with 270HP",Automatic,Midnight Black Metallic,–,None reported,No,"$43,837",270.0,4.0,V6,5.0
2735,2735,Porsche,911 Turbo,2018,12088,Gasoline,540.0HP 3.8L Flat 6 Cylinder Engine Gasoline Fuel,Automatic,Gray,Black,None reported,Yes,"$169,000",540.0,3.8,Flat 6,2.0
2736,2736,Toyota,Tundra SR5 Double Cab,2005,170000,Gasoline,282.0HP 4.7L 8 Cylinder Engine Gasoline Fuel,Automatic,Silver,Beige,At least 1 accident or damage reported,Yes,"$11,200",282.0,4.7,V8,5.0
2737,2737,Ford,F-250 Lariat,2023,3763,Diesel,475.0HP 6.7L 8 Cylinder Engine Diesel Fuel,Automatic,Red,Black,None reported,Yes,"$92,000",475.0,6.7,V8,5.0
2738,2738,Land,Rover Range Rover Velar P380 S,2018,46000,Gasoline,380.0HP 3.0L V6 Cylinder Engine Gasoline Fuel,Automatic,Red,Beige,None reported,Yes,"$40,000",380.0,3.0,V6,5.0
2739,2739,Ford,F-250 XLT Crew Cab Super Duty,2008,190321,Diesel,350.0HP 6.4L 8 Cylinder Engine Diesel Fuel,Automatic,White,Beige,None reported,Yes,"$15,900",350.0,6.4,V8,6.0
2740,2740,Porsche,Macan S,2018,40950,Gasoline,340.0HP 3.0L V6 Cylinder Engine Gasoline Fuel,Automatic,Black,Black,None reported,Yes,"$39,750",340.0,3.0,V6,5.0
2741,2741,Mercedes-Benz,C-Class C 63 AMG,2014,42000,Gasoline,451.0HP 6.2L 8 Cylinder Engine Gasoline Fuel,Automatic,Gray,Black,None reported,Yes,"$45,000",451.0,6.2,V8,5.0
2742,2742,Nissan,Pathfinder S,2014,135000,Gasoline,260.0HP 3.5L V6 Cylinder Engine Gasoline Fuel,Automatic,White,Brown,None reported,Yes,"$8,500",260.0,3.5,V6,7.0
2743,2743,Jeep,Gladiator Overland,2020,20655,Gasoline,3.6L V6 24V MPFI DOHC,Automatic,Firecracker Red Clearcoat,Black,not defined,No,"$42,850",285.0,3.6,V6,5.0
2744,2744,Porsche,911 Carrera S,2023,1877,Gasoline,443.0HP 3.0L Flat 6 Cylinder Engine Gasoline Fuel,Automatic,Red,Red,None reported,Yes,"$185,950",443.0,3.0,Flat 6,2.0
2745,2745,Ford,F-250 XLT,2019,33000,Diesel,450.0HP 6.7L 8 Cylinder Engine Diesel Fuel,Automatic,Black,Gray,None reported,Yes,"$59,000",450.0,6.7,V8,5.0
2746,2746,Ford,Fusion SE,2016,68000,Gasoline,175.0HP 2.5L 4 Cylinder Engine Gasoline Fuel,Automatic,Black,Black,None reported,Yes,"$12,500",175.0,2.5,I4,5.0
2747,2747,Honda,Accord Sport,2013,405000,Gasoline,185.0HP 2.4L 4 Cylinder Engine Gasoline Fuel,Automatic,Black,Black,None reported,Yes,"$6,000",185.0,2.4,I4,5.0
2748,2748,BMW,330 i xDrive,2018,117000,Gasoline,248.0HP 2.0L 4 Cylinder Engine Gasoline Fuel,Automatic,Black,Beige,None reported,Yes,"$17,000",248.0,2.0,I4,5.0
2749,2749,Acura,MDX Sport,2007,183455,Gasoline,300.0HP 3.7L V6 Cylinder Engine Gasoline Fuel,Automatic,White,Beige,At least 1 accident or damage reported,Yes,"$7,700",300.0,3.7,V6,7.0
2750,2750,Chevrolet,Suburban Premier,2021,51890,Gasoline,5.3L V8 16V GDI OHV,Automatic,Shadow Gray Metallic,Jet Black,None reported,Yes,"$59,980",355.0,5.3,V8,8.0
2751,2751,Chevrolet,Suburban High Country,2021,59528,Gasoline,6.2L V8 16V GDI OHV,Automatic,Satin Steel Metallic,Jet Black,None reported,Yes,"$68,995",420.0,6.2,V8,8.0
2752,2752,Cadillac,CTS-V Base,2006,123000,Gasoline,400.0HP 6.0L 8 Cylinder Engine Gasoline Fuel,Manual,Black,Black,None reported,Yes,"$15,000",400.0,6.0,V8,5.0
2753,2753,Kia,Niro EV EX,2022,20000,not defined,201.0HP Electric Motor Electric Fuel System,Automatic,Silver,Black,None reported,Yes,"$29,998",201.0,0.0,Electric,5.0
2754,2754,BMW,X3 xDrive30i,2021,38352,Gasoline,2.0L I4 16V GDI DOHC Turbo,Automatic,Phytonic Blue Metallic,Canberra Beige,None reported,No,"$37,400",248.0,2.0,I4,5.0
2755,2755,Porsche,Taycan Base,2021,13344,not defined,321.0HP Electric Motor Electric Fuel System,Automatic,Black,Beige,At least 1 accident or damage reported,Yes,"$83,499",321.0,3.8,V6,4.0
2756,2756,Honda,S2000 CR,2008,44300,Gasoline,237.0HP 2.2L 4 Cylinder Engine Gasoline Fuel,Manual,Yellow,Black,None reported,Yes,"$62,000",237.0,2.2,I4,2.0
2757,2757,Lexus,HS 250h Premium,2010,123500,Hybrid,147.0HP 2.4L 4 Cylinder Engine Gas/Electric Hybrid,Automatic,Red,Black,At least 1 accident or damage reported,Yes,"$9,500",147.0,2.4,I4,5.0
2758,2758,Lincoln,Navigator Base,2013,134000,E85 Flex Fuel,310.0HP 5.4L 8 Cylinder Engine Flex Fuel Capability,Automatic,Red,Black,None reported,Yes,"$21,500",310.0,5.4,V8,8.0
2759,2759,Ford,F-150 XLT,2020,57000,Gasoline,375.0HP 3.5L V6 Cylinder Engine Gasoline Fuel,Automatic,Gray,Gray,At least 1 accident or damage reported,Yes,"$37,500",375.0,3.5,V6,5.0
2760,2760,Kia,K5 GT-Line,2021,100312,Gasoline,1.6L I4 16V GDI DOHC Turbo,Automatic,Wolf Gray,Black,None reported,No,"$19,980",180.0,1.6,I4,5.0
2761,2761,Bentley,Continental GT W12,2021,16146,Gasoline,"6L W-12 port/direct injection, DOHC, variable valve control, twi",Automatic,Fountain Blue,Linen,None reported,No,"$239,991",582.0,6.0,V12,4.0
2762,2762,Tesla,Model S Performance,2012,61000,not defined,416.0HP Electric Motor Electric Fuel System,Automatic,Green,Black,None reported,Yes,"$29,000",416.0,0.0,Electric,5.0
2763,2763,BMW,Z4 sDrive28i,2014,15889,Gasoline,240.0HP 2.0L 4 Cylinder Engine Gasoline Fuel,Automatic,Blue,Beige,None reported,Yes,"$34,500",240.0,2.0,I4,2.0
2764,2764,BMW,528 i xDrive,2015,125500,Gasoline,240.0HP 2.0L 4 Cylinder Engine Gasoline Fuel,Automatic,Black,Black,At least 1 accident or damage reported,Yes,"$12,950",240.0,2.0,I4,5.0
2765,2765,Ford,Expedition Limited,2013,163500,E85 Flex Fuel,310.0HP 5.4L 8 Cylinder Engine Flex Fuel Capability,Automatic,Gray,Black,None reported,Yes,"$16,490",310.0,5.4,V6,8.0
2766,2766,Buick,Enclave Leather,2015,89726,Gasoline,288.0HP 3.6L V6 Cylinder Engine Gasoline Fuel,Automatic,White,Brown,None reported,Yes,"$16,000",288.0,3.6,V6,7.0
2767,2767,Mercedes-Benz,SL-Class SL600 Roadster,2005,93000,Gasoline,493.0HP 5.5L 12 Cylinder Engine Gasoline Fuel,Automatic,Black,Black,None reported,Yes,"$22,500",493.0,5.5,V12,2.0
2768,2768,MINI,Cooper S Base,2012,128000,Gasoline,181.0HP 1.6L 4 Cylinder Engine Gasoline Fuel,Automatic,Black,Black,None reported,Yes,"$8,500",181.0,1.6,I4,4.0
2769,2769,Porsche,Cayenne Turbo,2017,70800,Gasoline,520.0HP 4.8L 8 Cylinder Engine Gasoline Fuel,Dual Shift,White,Black,None reported,Yes,"$52,999",520.0,4.8,V8,5.0
2770,2770,Saturn,Vue Hybrid Base,2009,115000,Hybrid,172.0HP 2.4L 4 Cylinder Engine Gas/Electric Hybrid,Automatic,Blue,Beige,None reported,Yes,"$4,400",172.0,2.4,I4,5.0
2771,2771,RAM,2500 Laramie,2018,98650,Diesel,350.0HP 6.7L Straight 6 Cylinder Engine Diesel Fuel,Automatic,Black,Black,None reported,Yes,"$56,750",350.0,6.7,Straight 6,5.0
2772,2772,RAM,1500 Limited,2019,87768,Hybrid,395.0HP 5.7L 8 Cylinder Engine Gasoline/Mild Electric Hybrid,Automatic,Silver,Black,None reported,Yes,"$44,000",395.0,5.7,V8,5.0
2773,2773,Chevrolet,Traverse RS,2023,6000,Gasoline,310.0HP 3.6L V6 Cylinder Engine Gasoline Fuel,Automatic,Gray,Black,None reported,Yes,"$48,500",310.0,3.6,V6,7.0
2774,2774,Lexus,RX 350 F SPORT Appearance,2021,28262,Gasoline,3.5 Liter,Automatic,Obsidian,–,None reported,No,"$49,998",295.0,3.5,V6,5.0
2775,2775,Mazda,CX-50 2.5 Turbo Premium Package,2023,16200,Gasoline,227.0HP 2.5L 4 Cylinder Engine Gasoline Fuel,Automatic,Blue,Beige,None reported,Yes,"$36,900",227.0,2.5,I4,5.0
2776,2776,Cadillac,SRX Luxury Collection,2012,87500,E85 Flex Fuel,308.0HP 3.6L V6 Cylinder Engine Flex Fuel Capability,Automatic,White,Beige,None reported,Yes,"$11,499",308.0,3.6,V6,5.0
2777,2777,FIAT,500 Lounge,2013,85458,Gasoline,101.0HP 1.4L 4 Cylinder Engine Gasoline Fuel,Automatic,White,Beige,None reported,Yes,"$9,000",101.0,1.4,I4,4.0
2778,2778,Mercedes-Benz,EQS 450+ Base,2022,16500,not defined,329.0HP Electric Motor Electric Fuel System,Automatic,Blue,White,None reported,Yes,"$69,500",329.0,0.0,Electric,5.0
2779,2779,MINI,Cooper S Clubman Base,2009,83853,Gasoline,172.0HP 1.6L 4 Cylinder Engine Gasoline Fuel,Manual,Gray,Black,At least 1 accident or damage reported,Yes,"$6,950",172.0,1.6,I4,5.0
2780,2780,BMW,X6 M50i,2022,22500,Gasoline,523.0HP 4.4L 8 Cylinder Engine Gasoline Fuel,Dual Shift,Black,–,At least 1 accident or damage reported,Yes,"$74,999",523.0,4.4,V8,5.0
2781,2781,Lexus,LS 460 Base,2013,99524,Gasoline,386.0HP 4.6L 8 Cylinder Engine Gasoline Fuel,Automatic,Gray,Black,At least 1 accident or damage reported,Yes,"$24,900",386.0,4.6,V8,5.0
2782,2782,Genesis,GV80 2.5T,2023,8100,Gasoline,300.0HP 2.5L 4 Cylinder Engine Gasoline Fuel,Dual Shift,Silver,Beige,None reported,Yes,"$57,300",300.0,2.5,I4,5.0
2783,2783,MINI,Hardtop Cooper S,2016,43073,Gasoline,2.0L I4 16V GDI DOHC Turbo,Automatic,Volcanic Orange,Carbon Black,None reported,No,"$17,999",189.0,2.0,I4,4.0
2784,2784,Land,Rover Range Rover Velar R-Dynamic S,2023,12425,Gasoline,I4,Automatic,Firenze Red,Ebony,None reported,No,"$57,619",247.0,2.0,I4,5.0
2785,2785,BMW,530 i xDrive,2020,23195,Gasoline,2.0L I4 16V GDI DOHC Turbo,Automatic,Dark Graphite Metallic,Black,None reported,No,"$38,900",248.0,2.0,I4,5.0
2786,2786,Jeep,Grand Cherokee Laredo,2011,118000,Gasoline,360.0HP 5.7L 8 Cylinder Engine Gasoline Fuel,Automatic,Gold,Black,At least 1 accident or damage reported,Yes,"$12,500",360.0,5.7,V8,5.0
2787,2787,Toyota,Tacoma SR5,2018,65290,Gasoline,278.0HP 3.5L V6 Cylinder Engine Gasoline Fuel,Automatic,Blue,Black,At least 1 accident or damage reported,Yes,"$26,450",278.0,3.5,V6,5.0
2788,2788,Porsche,911 Carrera Cabriolet,2001,47885,Gasoline,300.0HP 3.4L Flat 6 Cylinder Engine Gasoline Fuel,Manual,Gray,Black,not defined,No,"$31,995",300.0,3.4,Flat 6,2.0
2789,2789,Jeep,Gladiator Sport S,2020,13000,Gasoline,285.0HP 3.6L V6 Cylinder Engine Gasoline Fuel,Automatic,Gray,–,None reported,Yes,"$39,500",285.0,3.6,V6,5.0
2790,2790,Dodge,Challenger SRT Hellcat,2018,29475,Gasoline,707.0HP 6.2L 8 Cylinder Engine Gasoline Fuel,Automatic,Orange,Black,None reported,Yes,"$62,999",707.0,6.2,V8,4.0
2791,2791,Jeep,Renegade Trailhawk,2017,78717,Gasoline,180.0HP 2.4L 4 Cylinder Engine Gasoline Fuel,Automatic,Black,Black,None reported,Yes,"$17,500",180.0,2.4,I4,5.0
2792,2792,Ford,F-150 Lariat,2021,9142,Hybrid,430.0HP 3.5L V6 Cylinder Engine Gas/Electric Hybrid,Automatic,Black,Gray,None reported,Yes,"$61,500",430.0,3.5,V6,5.0
2793,2793,Jaguar,XF Premium,2011,106000,Gasoline,385.0HP 5.0L 8 Cylinder Engine Gasoline Fuel,Automatic,Brown,Beige,At least 1 accident or damage reported,Yes,"$9,400",385.0,5.0,V8,5.0
2794,2794,RAM,1500 Laramie,2022,3521,Gasoline,5.7L V8 16V MPFI OHV,Automatic,Diamond Black,Black,None reported,Yes,"$51,074",395.0,5.7,V8,5.0
2795,2795,Volkswagen,Golf GTI 2.0T SE 4-Door,2016,90000,Gasoline,210.0HP 2.0L 4 Cylinder Engine Gasoline Fuel,Automatic,Gray,Black,None reported,Yes,"$16,750",210.0,2.0,I4,5.0
2796,2796,Porsche,Macan Turbo,2016,46000,Gasoline,400.0HP 3.6L V6 Cylinder Engine Gasoline Fuel,Dual Shift,Gray,–,None reported,Yes,"$38,000",400.0,3.6,V6,5.0
2797,2797,BMW,X4 M Competition,2020,18362,Gasoline,503.0HP 3.0L Straight 6 Cylinder Engine Gasoline Fuel,Automatic,Black,Orange,None reported,Yes,"$60,000",503.0,3.0,Straight 6,5.0
2798,2798,Lexus,RX 350 Base,2013,164500,Gasoline,270.0HP 3.5L V6 Cylinder Engine Gasoline Fuel,Automatic,White,Black,At least 1 accident or damage reported,Yes,"$16,500",270.0,3.5,V6,5.0
2799,2799,GMC,Terrain SLT,2020,55018,Gasoline,170.0HP 1.5L 4 Cylinder Engine Gasoline Fuel,Automatic,Black,Black,At least 1 accident or damage reported,Yes,"$25,500",170.0,1.5,I4,5.0
2800,2800,Nissan,Maxima SV,2022,36466,Gasoline,3.5L V6 24V GDI DOHC,Automatic,Brilliant Silver Metallic,Charcoal,None reported,No,"$24,980",300.0,3.5,V6,5.0
2801,2801,Volvo,S60 B5 Inscription,2022,14280,Hybrid,247.0HP 2.0L 4 Cylinder Engine Gasoline/Mild Electric Hybrid,Automatic,Blue,Black,None reported,Yes,"$36,500",247.0,2.0,I4,5.0
2802,2802,Subaru,Outback 2.5i Premium,2013,116000,Gasoline,173.0HP 2.5L 4 Cylinder Engine Gasoline Fuel,Automatic,Blue,Beige,At least 1 accident or damage reported,Yes,"$12,500",173.0,2.5,I4,5.0
2803,2803,RAM,1500 Laramie,2022,16184,Gasoline,5.7L V8 16V MPFI OHV,Automatic,Granite Crystal Clearcoat Metallic,Black,None reported,No,"$46,999",395.0,5.7,V8,5.0
2804,2804,Porsche,Boxster Base,1997,132800,Gasoline,201.0HP 2.5L Flat 6 Cylinder Engine Gasoline Fuel,Manual,Red,Beige,not defined,No,"$8,500",201.0,2.5,Flat 6,2.0
2805,2805,Ford,Explorer XLT,2020,45000,Gasoline,300.0HP 2.3L 4 Cylinder Engine Gasoline Fuel,Automatic,Silver,Black,None reported,Yes,"$33,500",300.0,2.3,I4,7.0
2806,2806,Ford,F-150 Lariat,2013,102000,Gasoline,365.0HP 3.5L V6 Cylinder Engine Gasoline Fuel,Automatic,White,Black,None reported,Yes,"$23,000",365.0,3.5,V6,5.0
2807,2807,Ford,Excursion XLS,2004,163000,Diesel,325.0HP 6.0L 8 Cylinder Engine Diesel Fuel,Automatic,Silver,Gray,At least 1 accident or damage reported,Yes,"$18,000",325.0,6.0,V8,8.0
2808,2808,BMW,M8 Competition,2023,3500,Gasoline,617.0HP 4.4L 8 Cylinder Engine Gasoline Fuel,Automatic,Gray,Gray,None reported,Yes,"$129,000",617.0,4.4,V8,4.0
2809,2809,Porsche,Panamera GTS,2016,42526,Gasoline,440.0HP 4.8L 8 Cylinder Engine Gasoline Fuel,Automatic,Blue,Black,None reported,Yes,"$66,200",440.0,4.8,V8,4.0
2810,2810,Mazda,Mazda3 i Touring,2012,144900,Gasoline,155.0HP 2.0L 4 Cylinder Engine Gasoline Fuel,Dual Shift,Black,–,None reported,Yes,"$6,000",155.0,2.0,I4,5.0
2811,2811,GMC,Sierra 1500 SLT,2016,85000,Gasoline,355.0HP 5.3L 8 Cylinder Engine Gasoline Fuel,Automatic,White,Black,None reported,Yes,"$32,750",355.0,5.3,V8,5.0
2812,2812,Mercedes-Benz,Sprinter 2500 Standard Roof,2022,16113,Diesel,188.0HP 3.0L V6 Cylinder Engine Diesel Fuel,Automatic,Gray,Black,None reported,Yes,"$111,000",188.0,3.0,V6,2.0
2813,2813,Mercedes-Benz,GL-Class GL 450,2011,93000,Gasoline,335.0HP 4.7L 8 Cylinder Engine Gasoline Fuel,Automatic,Gray,Beige,At least 1 accident or damage reported,Yes,"$11,900",335.0,4.7,V8,7.0
2814,2814,RAM,1500 Big Horn,2022,11468,Gasoline,5.7L V8 16V MPFI OHV,Automatic,Bright White Clearcoat,Black,None reported,Yes,"$50,204",395.0,5.7,V8,5.0
2815,2815,Lexus,NX 300 Base,2019,25470,Gasoline,235.0HP 2.0L 4 Cylinder Engine Gasoline Fuel,Dual Shift,Silver,Red,None reported,Yes,"$32,500",235.0,2.0,I4,5.0
2816,2816,BMW,435 i xDrive,2014,90347,Gasoline,300.0HP 3.0L Straight 6 Cylinder Engine Gasoline Fuel,Automatic,Silver,Black,None reported,Yes,"$21,800",300.0,3.0,I6,4.0
2817,2817,GMC,Yukon SLE,2017,96000,Gasoline,355.0HP 5.3L 8 Cylinder Engine Gasoline Fuel,Automatic,Gray,Black,None reported,Yes,"$34,000",355.0,5.3,V8,8.0
2818,2818,Honda,Pilot EX-L,2016,80500,Gasoline,280.0HP 3.5L V6 Cylinder Engine Gasoline Fuel,Automatic,Gray,Black,None reported,Yes,"$23,000",280.0,3.5,V6,8.0
2819,2819,Audi,A5 Sportback S line Premium Plus,2021,35000,Hybrid,261.0HP 2.0L 4 Cylinder Engine Gasoline/Mild Electric Hybrid,Automatic,Black,Black,None reported,Yes,"$37,499",261.0,2.0,I4,5.0
2820,2820,Porsche,911 Carrera,1995,49900,not defined,–,Manual,Silver,Gray,At least 1 accident or damage reported,Yes,"$97,993",350.0,3.0,H6,2.0
2821,2821,Honda,Civic Sport,2020,121212,Gasoline,1.5L I4 16V GDI DOHC Turbo,Automatic,White,Sport,At least 1 accident or damage reported,Yes,"$18,387",158.0,1.5,I4,5.0
2822,2822,Mercedes-Benz,G 550 4x4 Squared Base,2018,14381,Gasoline,4.0L V8 32V GDI DOHC Twin Turbo,Automatic,Designo Magno Matte,Black,None reported,No,"$204,900",416.0,4.0,V8,5.0
2823,2823,Porsche,Panamera Platinum Edition,2022,13500,Gasoline,325.0HP 2.9L V6 Cylinder Engine Gasoline Fuel,Automatic,Green,Black,None reported,Yes,"$86,999",325.0,2.9,V6,4.0
2824,2824,BMW,740e xDrive iPerformance,2019,33214,Plug-In Hybrid,322.0HP 2.0L 4 Cylinder Engine Plug-In Electric/Gas,Automatic,White,Black,None reported,Yes,"$43,500",322.0,2.0,I4,5.0
2825,2825,Ford,F-250 XLT,2017,29719,E85 Flex Fuel,385.0HP 6.2L 8 Cylinder Engine Flex Fuel Capability,Automatic,White,Gray,None reported,Yes,"$31,000",385.0,6.2,V8,5.0
2826,2826,Lincoln,Corsair Standard,2022,4520,Gasoline,250.0HP 2.0L 4 Cylinder Engine Gasoline Fuel,Automatic,Beige,Beige,None reported,Yes,"$38,500",250.0,2.0,I4,5.0
2827,2827,Hyundai,Sonata Sport,2017,84129,Gasoline,2.4L I4 16V GDI DOHC,Automatic,Phantom Black,Graphite,None reported,No,"$14,599",185.0,2.4,I4,5.0
2828,2828,Nissan,Maxima 3.5 SR,2019,72150,Gasoline,300.0HP 3.5L V6 Cylinder Engine Gasoline Fuel,Automatic,White,Black,At least 1 accident or damage reported,Yes,"$26,999",300.0,3.5,V6,5.0
2829,2829,GMC,Yukon SLT,2015,94500,Gasoline,355.0HP 5.3L 8 Cylinder Engine Gasoline Fuel,Automatic,White,Beige,At least 1 accident or damage reported,Yes,"$30,000",355.0,5.3,V8,7.0
2830,2830,Mercedes-Benz,GLS 550 Base 4MATIC,2017,88454,Gasoline,449.0HP 4.7L 8 Cylinder Engine Gasoline Fuel,Automatic,White,Beige,None reported,Yes,"$39,999",449.0,4.7,V8,7.0
2831,2831,Cadillac,CTS Base,2010,81696,Gasoline,270.0HP 3.0L V6 Cylinder Engine Gasoline Fuel,Automatic,Silver,Beige,At least 1 accident or damage reported,Yes,"$9,499",270.0,3.0,V6,5.0
2832,2832,Cadillac,CTS Base,2005,94100,Gasoline,255.0HP 3.6L V6 Cylinder Engine Gasoline Fuel,Manual,White,Beige,None reported,Yes,"$6,099",255.0,3.6,V6,5.0
2833,2833,Ford,Explorer Limited,2022,17500,Hybrid,318.0HP 3.3L V6 Cylinder Engine Gas/Electric Hybrid,Automatic,White,Black,None reported,Yes,"$46,000",318.0,3.3,V6,7.0
2834,2834,Acura,RDX,2016,132252,Gasoline,3.5 Liter,Automatic,Crystal Black,Black,None reported,No,"$18,998",280.0,3.5,V6,5.0
2835,2835,Toyota,Highlander XLE,2022,4437,Gasoline,295.0HP 3.5L V6 Cylinder Engine Gasoline Fuel,Dual Shift,Gray,Black,None reported,Yes,"$42,000",295.0,3.5,V6,7.0
2836,2836,Volkswagen,Golf GTI 2.0T SE 4-Door,2018,70500,Gasoline,220.0HP 2.0L 4 Cylinder Engine Gasoline Fuel,Dual Shift,White,Black,None reported,Yes,"$23,000",220.0,2.0,I4,5.0
2837,2837,Nissan,Pickup Truck XE,1994,89144,not defined,–,Automatic,Red,Gray,None reported,Yes,"$5,899",152.0,2.4,I4,5.0
2838,2838,Toyota,Corolla CE,2008,170000,Gasoline,126.0HP 1.8L 4 Cylinder Engine Gasoline Fuel,Automatic,Gray,Gray,None reported,Yes,"$5,199",126.0,1.8,I4,5.0
2839,2839,Honda,Element EX,2008,122000,Gasoline,166.0HP 2.4L 4 Cylinder Engine Gasoline Fuel,Automatic,Blue,Gray,None reported,Yes,"$10,500",166.0,2.4,I4,5.0
2840,2840,Toyota,Camry Solara SE,2008,57852,Gasoline,210.0HP 3.3L V6 Cylinder Engine Gasoline Fuel,Automatic,Silver,Gray,not defined,No,"$13,900",210.0,3.3,V6,5.0
2841,2841,Hyundai,Genesis 4.6,2010,120321,Gasoline,378.0HP 4.6L 8 Cylinder Engine Gasoline Fuel,Dual Shift,White,Beige,None reported,Yes,"$10,500",378.0,4.6,V8,5.0
2842,2842,BMW,325 Ci,2004,178000,Gasoline,184.0HP 2.5L Straight 6 Cylinder Engine Gasoline Fuel,Automatic,Blue,Brown,None reported,Yes,"$5,750",184.0,2.5,Straight 6,5.0
2843,2843,BMW,M3 Base,2002,60255,Gasoline,333.0HP 3.2L Straight 6 Cylinder Engine Gasoline Fuel,Manual,Yellow,Black,None reported,Yes,"$28,750",333.0,3.2,I6,4.0
2844,2844,Land,Rover Range Rover Sport HSE Dynamic,2019,77690,Gasoline,380.0HP 3.0L V6 Cylinder Engine Gasoline Fuel,Automatic,White,Beige,None reported,Yes,"$43,500",380.0,3.0,V6,5.0
2845,2845,Chevrolet,Corvette ZR-1,2009,18000,Gasoline,638.0HP 6.2L 8 Cylinder Engine Gasoline Fuel,Manual,Gray,Black,None reported,Yes,"$78,000",638.0,6.2,V8,2.0
2846,2846,Honda,Prelude Type SH,2001,125000,Gasoline,200.0HP 2.2L 4 Cylinder Engine Gasoline Fuel,Manual,Red,Black,None reported,Yes,"$18,000",200.0,2.2,I4,4.0
2847,2847,Lexus,NX 300 Base,2021,6449,Gasoline,2.0L I4 16V PDI DOHC Turbo,Automatic,Silver,Black,At least 1 accident or damage reported,No,"$35,999",235.0,2.0,I4,5.0
2848,2848,Volkswagen,Golf GTI 2.0T SE 4-Door,2019,33000,Gasoline,228.0HP 2.0L 4 Cylinder Engine Gasoline Fuel,Manual,Black,Black,None reported,Yes,"$27,500",228.0,2.0,I4,5.0
2849,2849,Nissan,Armada LE,2009,87130,Gasoline,317.0HP 5.6L 8 Cylinder Engine Gasoline Fuel,Automatic,Brown,Black,None reported,Yes,"$20,000",317.0,5.6,V8,8.0
2850,2850,Lexus,SC 300 Base,1998,165000,Gasoline,225.0HP 3.0L Straight 6 Cylinder Engine Gasoline Fuel,Automatic,Purple,Beige,None reported,Yes,"$8,700",225.0,3.0,Straight 6,4.0
2851,2851,Toyota,Camry Solara SLE,2008,73000,Gasoline,210.0HP 3.3L V6 Cylinder Engine Gasoline Fuel,Automatic,Blue,Beige,At least 1 accident or damage reported,Yes,"$11,500",210.0,3.3,V6,5.0
2852,2852,Porsche,Macan S,2020,22354,Gasoline,3.0L V6 24V GDI DOHC Turbo,Automatic,Black,Black,None reported,No,"$54,900",348.0,3.0,V6,5.0
2853,2853,Tesla,Model Y Performance,2023,6188,not defined,455.0HP Electric Motor Electric Fuel System,Automatic,Gray,White,None reported,Yes,"$53,900",455.0,0.0,Electric,5.0
2854,2854,GMC,Terrain SLT,2019,60807,Gasoline,2.0L I4 16V GDI DOHC Turbo,Automatic,Red Quartz Tintcoat,Medium Ash Gray,At least 1 accident or damage reported,Yes,"$25,925",182.0,2.0,I4,5.0
2855,2855,Jeep,Compass Latitude,2014,105000,Gasoline,158.0HP 2.0L 4 Cylinder Engine Gasoline Fuel,Automatic,Black,Black,None reported,Yes,"$10,950",158.0,2.0,I4,5.0
2856,2856,Audi,Q7 3.0T Prestige,2018,63400,Gasoline,333.0HP 3.0L V6 Cylinder Engine Gasoline Fuel,Automatic,Black,Black,None reported,Yes,"$29,900",333.0,3.0,V6,7.0
2857,2857,Ford,F-250 Platinum,2022,4500,Gasoline,430.0HP 7.3L 8 Cylinder Engine Gasoline Fuel,Automatic,Black,Black,None reported,Yes,"$86,500",430.0,7.3,V8,5.0
2858,2858,Jeep,Gladiator Overland,2020,8025,Gasoline,3.6L V6 24V MPFI DOHC,Automatic,Firecracker Red Clearcoat,Black,None reported,Yes,"$42,433",285.0,3.6,V6,5.0
2859,2859,Lincoln,Navigator L Reserve,2019,49131,Gasoline,3.5L V6 24V PDI DOHC Twin Turbo,Automatic,Tan,–,not defined,No,"$55,460",450.0,3.5,V6,8.0
2860,2860,Tesla,Model X P100D,2017,100346,not defined,Electric Motor Electric Fuel System,Automatic,Silver,White,None reported,Yes,"$45,999",762.0,0.0,Electric,7.0
2861,2861,Mercedes-Benz,CLS-Class CLS 400 4MATIC,2016,62285,Gasoline,329.0HP 3.0L V6 Cylinder Engine Gasoline Fuel,Automatic,Black,Black,At least 1 accident or damage reported,Yes,"$29,950",329.0,3.0,V6,5.0
2862,2862,Lexus,RX 350 Base,2021,5040,Gasoline,295.0HP 3.5L V6 Cylinder Engine Gasoline Fuel,Automatic,Beige,Beige,At least 1 accident or damage reported,Yes,"$48,900",295.0,3.5,V6,5.0
2863,2863,RAM,1500 Laramie,2022,12940,Gasoline,5.7L V8 16V MPFI OHV,Automatic,Bright White Clearcoat,Black,At least 1 accident or damage reported,No,"$46,999",395.0,5.7,V8,5.0
2864,2864,Mitsubishi,Outlander Sport ES,2015,98385,Gasoline,166.0HP 2.4L 4 Cylinder Engine Gasoline Fuel,Automatic,Silver,Black,At least 1 accident or damage reported,Yes,"$10,500",166.0,2.4,I4,5.0
2865,2865,Hyundai,Sonata SE,2013,43903,Gasoline,200.0HP 2.4L 4 Cylinder Engine Gasoline Fuel,Automatic,Red,Black,At least 1 accident or damage reported,Yes,"$12,500",200.0,2.4,I4,5.0
2866,2866,Ford,Mustang EcoBoost Premium,2017,41650,Gasoline,310.0HP 2.3L 4 Cylinder Engine Gasoline Fuel,Automatic,Blue,Black,None reported,Yes,"$23,600",310.0,2.3,I4,4.0
2867,2867,BMW,X5 PHEV xDrive45e,2022,31850,Plug-In Hybrid,389.0HP 3.0L Straight 6 Cylinder Engine Plug-In Electric/Gas,Dual Shift,White,Black,None reported,Yes,"$60,500",389.0,3.0,I6,5.0
2868,2868,Hyundai,Sonata Hybrid Limited,2013,96419,Hybrid,199.0HP 2.4L 4 Cylinder Engine Gas/Electric Hybrid,Automatic,Black,Gray,At least 1 accident or damage reported,Yes,"$14,999",199.0,2.4,I4,5.0
2869,2869,Honda,Odyssey EX-L,2007,170000,Gasoline,244.0HP 3.5L V6 Cylinder Engine Gasoline Fuel,Automatic,Black,Beige,None reported,Yes,"$7,700",244.0,3.5,V6,7.0
2870,2870,Chevrolet,Colorado LT Crew Cab,2009,139000,Gasoline,300.0HP 5.3L 8 Cylinder Engine Gasoline Fuel,Automatic,Black,Black,None reported,Yes,"$14,500",300.0,5.3,V8,5.0
2871,2871,Buick,Enclave Premium,2016,134655,Gasoline,3.6L V6 24V GDI DOHC,Automatic,Ebony Twilight Metallic,Ebony,None reported,Yes,"$18,051",310.0,3.6,V6,7.0
2872,2872,BMW,M235 i,2015,81000,Gasoline,320.0HP 3.0L Straight 6 Cylinder Engine Gasoline Fuel,Manual,White,Red,None reported,Yes,"$27,890",320.0,3.0,Straight 6,4.0
2873,2873,McLaren,720S Performance,2020,9989,Gasoline,710.0HP 4.0L 8 Cylinder Engine Gasoline Fuel,Automatic,Black,Black,None reported,Yes,"$324,995",710.0,4.0,V8,2.0
2874,2874,Kia,Telluride SX,2022,46347,Gasoline,3.8L V6 24V GDI DOHC,Automatic,Glacial White Pearl,Black,None reported,No,"$46,120",291.0,3.8,V6,7.0
2875,2875,Chevrolet,Corvette Base,2007,4048,Gasoline,400.0HP 6.0L 8 Cylinder Engine Gasoline Fuel,Manual,Yellow,Gray,None reported,Yes,"$38,000",400.0,6.0,V8,2.0
2876,2876,Mercedes-Benz,S-Class S 63 AMG,2015,79876,Gasoline,577.0HP 5.5L 8 Cylinder Engine Gasoline Fuel,Automatic,Black,White,None reported,Yes,"$45,750",577.0,5.5,V8,5.0
2877,2877,Toyota,Mirai Limited,2021,44000,not defined,182.0HP Electric Motor Hydrogen Fuel,Automatic,Gray,Black,None reported,Yes,"$18,500",182.0,0.0,Electric,5.0
2878,2878,Alfa,Romeo Giulia Ti,2017,56910,Gasoline,280.0HP 2.0L 4 Cylinder Engine Gasoline Fuel,Dual Shift,Blue,Black,not defined,No,"$23,000",280.0,2.0,I4,5.0
2879,2879,Land,Rover Range Rover Sport HSE,2019,65019,Gasoline,340.0HP 3.0L V6 Cylinder Engine Gasoline Fuel,Automatic,Black,Beige,None reported,Yes,"$40,500",340.0,3.0,V6,5.0
2880,2880,Nissan,370Z Touring,2009,133409,Gasoline,332.0HP 3.7L V6 Cylinder Engine Gasoline Fuel,Manual,Silver,Gray,At least 1 accident or damage reported,Yes,"$14,999",332.0,3.7,V6,2.0
2881,2881,BMW,330 i xDrive,2018,74381,Gasoline,248.0HP 2.0L 4 Cylinder Engine Gasoline Fuel,Automatic,White,Brown,At least 1 accident or damage reported,Yes,"$22,995",248.0,2.0,I4,5.0
2882,2882,Porsche,Macan,2023,2925,Gasoline,2.0L I4 16V GDI DOHC Turbo,Automatic,Carrara White Metallic,Black,None reported,Yes,"$73,300",248.0,2.0,I4,5.0
2883,2883,BMW,128 i,2013,67874,Gasoline,230.0HP 3.0L Straight 6 Cylinder Engine Gasoline Fuel,Automatic,Gray,Black,None reported,Yes,"$18,000",230.0,3.0,Straight 6,5.0
2884,2884,Mercedes-Benz,AMG GLE 63 S Coupe 4MATIC,2018,71500,Gasoline,577.0HP 5.5L 8 Cylinder Engine Gasoline Fuel,Automatic,White,White,None reported,Yes,"$61,000",577.0,5.5,V8,5.0
2885,2885,Jeep,Wrangler Sport,2014,71000,Gasoline,285.0HP 3.6L V6 Cylinder Engine Gasoline Fuel,Automatic,Gray,Black,None reported,Yes,"$22,000",285.0,3.6,V6,5.0
2886,2886,Ford,F-150 Raptor,2018,64517,Gasoline,450.0HP 3.5L V6 Cylinder Engine Gasoline Fuel,Automatic,Black,Black,None reported,Yes,"$47,995",450.0,3.5,V6,5.0
2887,2887,Dodge,Sprinter 2500 High Roof,2004,55000,Diesel,154.0HP 2.7L 5 Cylinder Engine Diesel Fuel,Automatic,White,Gray,None reported,Yes,"$24,000",154.0,2.7,I5,5.0
2888,2888,BMW,M550 i xDrive,2019,7580,Gasoline,456.0HP 4.4L 8 Cylinder Engine Gasoline Fuel,Dual Shift,Black,Black,None reported,Yes,"$51,500",456.0,4.4,V8,5.0
2889,2889,Hyundai,Sonata GLS,2010,135000,Gasoline,168.0HP 2.4L 4 Cylinder Engine Gasoline Fuel,Dual Shift,Blue,Gray,None reported,Yes,"$3,999",168.0,2.4,I4,5.0
2890,2890,Honda,Accord EX-L,2019,62200,Gasoline,192.0HP 1.5L 4 Cylinder Engine Gasoline Fuel,Automatic,White,Black,At least 1 accident or damage reported,Yes,"$21,500",192.0,1.5,I4,5.0
2891,2891,Cadillac,CTS 3.6L Premium,2014,69001,Gasoline,321.0HP 3.6L V6 Cylinder Engine Gasoline Fuel,Automatic,Red,Black,None reported,Yes,"$19,500",321.0,3.6,V6,5.0
2892,2892,Toyota,4Runner Venture Special Edition,2021,28567,Gasoline,"4L V-6 DOHC, VVT-i variable valve control, regular unleaded, eng",Automatic,–,Black/Graphite,None reported,No,"$44,775",270.0,4.0,V6,5.0
2893,2893,Jaguar,XJ8 L,2006,78049,Gasoline,300.0HP 4.2L 8 Cylinder Engine Gasoline Fuel,Automatic,White,Beige,None reported,Yes,"$13,980",300.0,4.2,V8,5.0
2894,2894,Ford,F-150 Lariat,2021,36821,Gasoline,3.5L V6 24V PDI DOHC Twin Turbo,Automatic,Agate Black Metallic,Black,not defined,No,"$49,273",400.0,3.5,V6,5.0
2895,2895,Chevrolet,Suburban High Country,2021,23292,Gasoline,420.0HP 6.2L 8 Cylinder Engine Gasoline Fuel,Automatic,Brown,Black,None reported,Yes,"$73,500",420.0,6.2,V8,8.0
2896,2896,Chevrolet,Suburban 1500 LTZ,2010,162671,E85 Flex Fuel,320.0HP 5.3L 8 Cylinder Engine Flex Fuel Capability,Automatic,Black,Black,None reported,Yes,"$12,000",320.0,5.3,V8,8.0
2897,2897,Land,Rover LR2 HSE,2010,100472,Gasoline,230.0HP 3.2L Straight 6 Cylinder Engine Gasoline Fuel,Automatic,Gray,Beige,None reported,Yes,"$9,975",230.0,3.2,I6,5.0
2898,2898,Subaru,WRX Limited,2017,73120,Gasoline,268.0HP 2.0L 4 Cylinder Engine Gasoline Fuel,Automatic,White,Black,At least 1 accident or damage reported,Yes,"$19,950",268.0,2.0,I4,5.0
2899,2899,Ford,Expedition Timberline,2022,23300,Gasoline,440.0HP 3.5L V6 Cylinder Engine Gasoline Fuel,Automatic,Green,Green,None reported,Yes,"$67,500",440.0,3.5,V6,7.0
2900,2900,Honda,Clarity Plug-In Hybrid Base,2018,71000,Plug-In Hybrid,212.0HP 1.5L 4 Cylinder Engine Plug-In Electric/Gas,Automatic,Red,Beige,At least 1 accident or damage reported,Yes,"$17,500",212.0,1.5,I4,5.0
2901,2901,RAM,3500 Laramie,2022,16648,Diesel,6.7L I6 24V DDI OHV Turbo Diesel,Automatic,Flame Red Clearcoat,Black,None reported,No,"$70,999",385.0,6.7,I6,5.0
2902,2902,Chevrolet,Silverado 2500 LT,2011,240000,Diesel,335.0HP 6.6L 8 Cylinder Engine Diesel Fuel,Automatic,White,Black,None reported,Yes,"$18,500",335.0,6.6,V8,5.0
2903,2903,Lexus,RX 450h Base,2013,119755,Hybrid,295.0HP 3.5L V6 Cylinder Engine Gas/Electric Hybrid,Dual Shift,Silver,Black,None reported,Yes,"$19,500",295.0,3.5,V6,5.0
2904,2904,Mercedes-Benz,M-Class ML 350 4MATIC,2015,88000,E85 Flex Fuel,302.0HP 3.5L V6 Cylinder Engine Flex Fuel Capability,Automatic,Silver,Gray,None reported,Yes,"$19,500",302.0,3.5,V6,5.0
2905,2905,BMW,X5 xDrive40i,2021,41000,Hybrid,335.0HP 3.0L Straight 6 Cylinder Engine Gasoline/Mild Electric Hybrid,Automatic,White,Black,None reported,Yes,"$50,000",335.0,3.0,I6,5.0
2906,2906,Chevrolet,Camaro 2SS,2022,7458,Gasoline,455.0HP 6.2L 8 Cylinder Engine Gasoline Fuel,Manual,Red,Black,None reported,Yes,"$47,500",455.0,6.2,V8,4.0
2907,2907,Jeep,Gladiator Sport S,2022,23000,Gasoline,285.0HP 3.6L V6 Cylinder Engine Gasoline Fuel,Automatic,Green,Black,None reported,Yes,"$43,000",285.0,3.6,V6,5.0
2908,2908,Land,Rover Discovery LSE,1998,149437,Gasoline,182.0HP 4.0L 8 Cylinder Engine Gasoline Fuel,Automatic,Green,Beige,None reported,Yes,"$9,995",182.0,4.0,V8,5.0
2909,2909,Ford,F-250 XLT,2017,244000,Diesel,440.0HP 6.7L 8 Cylinder Engine Diesel Fuel,Automatic,Red,Beige,None reported,Yes,"$35,500",440.0,6.7,V8,5.0
2910,2910,RAM,1500 Rebel,2019,46000,Hybrid,305.0HP 3.6L V6 Cylinder Engine Gasoline/Mild Electric Hybrid,Automatic,White,–,None reported,Yes,"$37,900",305.0,3.6,V6,5.0
2911,2911,Audi,Q5 S line Premium Plus,2022,13133,Hybrid,2.0 Liter TFSI,Automatic,Silver,Black,None reported,No,"$42,998",248.0,2.0,I4,5.0
2912,2912,RAM,1500 SLT,2017,45000,Gasoline,395.0HP 5.7L 8 Cylinder Engine Gasoline Fuel,Automatic,Black,Gray,None reported,Yes,"$29,999",395.0,5.7,V8,5.0
2913,2913,Mazda,CX-30 Premium Package,2021,18385,Gasoline,2.5L I4 16V GDI DOHC,Automatic,Soul Red Crystal Metallic,White / Brown,None reported,Yes,"$29,255",186.0,2.5,I4,5.0
2914,2914,BMW,840 Gran Coupe i xDrive,2020,25793,Gasoline,3.0L I6 24V GDI DOHC Turbo,Automatic,Black Sapphire Metallic,Black,None reported,No,"$52,999",335.0,3.0,I6,4.0
2915,2915,Porsche,Boxster S,2005,44400,Gasoline,280.0HP 3.2L Flat 6 Cylinder Engine Gasoline Fuel,Manual,Silver,Black,None reported,Yes,"$29,800",280.0,3.2,H6,2.0
2916,2916,Chevrolet,Malibu Limited LT,2016,104000,Gasoline,2.5L 4 Cylinder Engine Gasoline Fuel,Automatic,Silver,Gray,None reported,Yes,"$10,500",197.0,2.5,I4,5.0
2917,2917,Cadillac,Escalade Premium Luxury,2023,600,Gasoline,420.0HP 6.2L 8 Cylinder Engine Gasoline Fuel,Automatic,Black,Black,None reported,Yes,"$103,000",420.0,6.2,V8,7.0
2918,2918,MINI,Cooper S Base,2007,45000,Gasoline,172.0HP 1.6L 4 Cylinder Engine Gasoline Fuel,Manual,Yellow,Black,None reported,Yes,"$7,900",172.0,1.6,I4,4.0
2919,2919,Jeep,Gladiator Mojave,2022,24500,Gasoline,285.0HP 3.6L V6 Cylinder Engine Gasoline Fuel,Automatic,Blue,Black,None reported,Yes,"$64,000",285.0,3.6,V6,5.0
2920,2920,Buick,Encore GX Essence,2020,35569,Gasoline,1.3L I3 12V MPFI DOHC Turbo,Automatic,Satin Steel Metallic,Ebony,None reported,No,"$21,999",155.0,1.3,I3,5.0
2921,2921,Toyota,Highlander XLE,2020,35000,Gasoline,295.0HP 3.5L V6 Cylinder Engine Gasoline Fuel,Automatic,Silver,Black,None reported,Yes,"$36,999",295.0,3.5,V6,7.0
2922,2922,Acura,MDX Touring,2003,165000,Gasoline,260.0HP 3.5L V6 Cylinder Engine Gasoline Fuel,Automatic,Silver,Black,At least 1 accident or damage reported,Yes,"$4,000",260.0,3.5,V6,7.0
2923,2923,Land,Rover Range Rover Sport SE MHEV,2021,15000,Hybrid,355.0HP 3.0L Straight 6 Cylinder Engine Gasoline/Mild Electric Hybrid,Automatic,Black,Black,None reported,Yes,"$69,000",355.0,3.0,I6,5.0
2924,2924,BMW,535 i xDrive,2014,119750,Gasoline,300.0HP 3.0L Straight 6 Cylinder Engine Gasoline Fuel,Automatic,White,Beige,None reported,Yes,"$15,499",300.0,3.0,I6,5.0
2925,2925,Nissan,350Z Touring,2007,90000,Gasoline,306.0HP 3.5L V6 Cylinder Engine Gasoline Fuel,Manual,White,Green,At least 1 accident or damage reported,Yes,"$12,000",306.0,3.5,V6,2.0
2926,2926,Ford,Transit Connect XLT,2015,112000,Gasoline,169.0HP 2.5L 4 Cylinder Engine Gasoline Fuel,Automatic,White,Black,At least 1 accident or damage reported,Yes,"$14,500",169.0,2.5,I4,5.0
2927,2927,Mercedes-Benz,SL-Class SL550 Roadster,2008,150000,Gasoline,382.0HP 5.5L 8 Cylinder Engine Gasoline Fuel,Automatic,Black,Beige,None reported,Yes,"$16,800",382.0,5.5,V8,2.0
2928,2928,Porsche,911 Turbo S,2021,1912,Gasoline,640.0HP 3.8L Flat 6 Cylinder Engine Gasoline Fuel,Automatic,Silver,Black,None reported,Yes,"$240,000",640.0,3.8,H6,2.0
2929,2929,Hyundai,Sonata Sport 2.0T,2015,82900,Gasoline,245.0HP 2.0L 4 Cylinder Engine Gasoline Fuel,Automatic,Black,Black,At least 1 accident or damage reported,Yes,"$13,995",245.0,2.0,I4,5.0
2930,2930,Audi,TT 1.8T,2004,79500,Gasoline,180.0HP 1.8L 4 Cylinder Engine Gasoline Fuel,Automatic,Silver,Black,None reported,Yes,"$12,000",180.0,1.8,I4,2.0
2931,2931,Volvo,XC90 T6 Inscription,2019,60000,Gasoline,316.0HP 2.0L 4 Cylinder Engine Gasoline Fuel,Automatic,White,Black,None reported,Yes,"$37,000",316.0,2.0,I4,7.0
2932,2932,RAM,1500 Big Horn,2021,41800,Diesel,260.0HP 3.0L V6 Cylinder Engine Diesel Fuel,Automatic,White,Black,None reported,Yes,"$44,900",260.0,3.0,V6,5.0
2933,2933,Chevrolet,Tahoe LT,2021,71536,Gasoline,5.3L V8 16V GDI OHV,Automatic,Black,Jet Black,None reported,Yes,"$49,685",320.0,5.3,V8,8.0
2934,2934,Ford,Explorer XLT,2014,127558,Gasoline,3.5L V6 24V MPFI DOHC,Automatic,Green,Charcoal Black,None reported,Yes,"$13,715",300.0,3.5,V6,7.0
2935,2935,Ford,Mustang Mach-E Premium,2023,13232,not defined,346.0HP Electric Motor Electric Fuel System,Automatic,Gray,Black,None reported,Yes,"$45,000",346.0,0.0,Electric,5.0
2936,2936,Chevrolet,Camaro 1SS,2017,39000,Gasoline,455.0HP 6.2L 8 Cylinder Engine Gasoline Fuel,Automatic,Yellow,Black,None reported,Yes,"$31,500",455.0,6.2,V8,4.0
2937,2937,Ford,Bronco Big Bend Advanced,2023,11500,Gasoline,315.0HP 2.7L V6 Cylinder Engine Gasoline Fuel,Automatic,Gray,Black,None reported,Yes,"$54,490",315.0,2.7,V6,5.0
2938,2938,Chrysler,Pacifica Launch Edition,2020,22200,Gasoline,287.0HP 3.6L V6 Cylinder Engine Gasoline Fuel,Automatic,Black,Black,None reported,Yes,"$36,800",287.0,3.6,V6,7.0
2939,2939,Tesla,Model Y Long Range,2023,7414,not defined,425.0HP Electric Motor Electric Fuel System,Automatic,Black,White,None reported,Yes,"$56,515",425.0,0.0,Electric,5.0
2940,2940,Lamborghini,Huracan LP580-2,2017,14586,Gasoline,"5.2L V-10 gasoline direct injection, DOHC, variable valve contro",Automatic,Blue Caelum,Nero Ade,None reported,No,"$209,991",573.0,5.2,V10,2.0
2941,2941,RAM,1500 Rebel,2021,32000,Hybrid,395.0HP 5.7L 8 Cylinder Engine Gasoline/Mild Electric Hybrid,Automatic,White,Black,None reported,Yes,"$50,927",395.0,5.7,V8,5.0
2942,2942,Toyota,86 Base,2020,14700,Gasoline,200.0HP 2.0L 4 Cylinder Engine Gasoline Fuel,Automatic,White,Black,None reported,Yes,"$27,350",200.0,2.0,I4,2.0
2943,2943,BMW,X5 xDrive50i,2016,79995,Gasoline,445.0HP 4.4L 8 Cylinder Engine Gasoline Fuel,Dual Shift,Black,Black,None reported,Yes,"$23,995",445.0,4.4,V8,5.0
2944,2944,GMC,Yukon Denali,2018,76000,Gasoline,420.0HP 6.2L 8 Cylinder Engine Gasoline Fuel,Automatic,Black,Black,None reported,Yes,"$44,500",420.0,6.2,V8,7.0
2945,2945,Honda,Accord EX-L,2014,62000,Gasoline,185.0HP 2.4L 4 Cylinder Engine Gasoline Fuel,Automatic,Gray,Black,At least 1 accident or damage reported,Yes,"$18,987",185.0,2.4,I4,5.0
2946,2946,Maserati,Ghibli S Q4,2017,53500,Gasoline,404.0HP 3.0L V6 Cylinder Engine Gasoline Fuel,Automatic,Gray,Black,None reported,Yes,"$28,700",404.0,3.0,V6,5.0
2947,2947,Hyundai,Kona EV SEL,2022,9400,not defined,201.0HP Electric Motor Electric Fuel System,Automatic,Red,Black,None reported,Yes,"$31,999",201.0,0.0,Electric,5.0
2948,2948,BMW,435 i,2014,86500,Gasoline,300.0HP 3.0L Straight 6 Cylinder Engine Gasoline Fuel,Automatic,Silver,Black,None reported,Yes,"$20,900",300.0,3.0,I6,4.0
2949,2949,Mercedes-Benz,GL-Class GL 450,2011,148000,Gasoline,335.0HP 4.7L 8 Cylinder Engine Gasoline Fuel,Automatic,Black,Black,At least 1 accident or damage reported,Yes,"$9,900",335.0,4.7,V8,7.0
2950,2950,GMC,Sierra 1500 SLE,2014,100080,E85 Flex Fuel,285.0HP 4.3L V6 Cylinder Engine Flex Fuel Capability,Automatic,White,Gray,None reported,Yes,"$22,989",285.0,4.3,V6,5.0
2951,2951,Dodge,Challenger SRT Demon,2018,2620,Gasoline,808.0HP 6.2L 8 Cylinder Engine Gasoline Fuel,Automatic,Black,Black,not defined,No,"$155,700",808.0,6.2,V8,4.0
2952,2952,BMW,X5 PHEV xDrive45e,2023,3099,Plug-In Hybrid,389.0HP 3.0L Straight 6 Cylinder Engine Plug-In Electric/Gas,Automatic,Black,Black,None reported,Yes,"$74,995",389.0,3.0,I6,5.0
2953,2953,Dodge,Durango R/T,2020,78000,Gasoline,360.0HP 5.7L 8 Cylinder Engine Gasoline Fuel,Automatic,Black,Red,At least 1 accident or damage reported,Yes,"$29,500",360.0,5.7,V8,7.0
2954,2954,Ferrari,488 Spider Base,2019,9005,Gasoline,3.9L V8 32V GDI DOHC Twin Turbo,Automatic,White,–,None reported,No,"$319,900",661.0,3.9,V8,2.0
2955,2955,Ford,Bronco Sport Big Bend,2022,16700,Gasoline,181.0HP 1.5L 3 Cylinder Engine Gasoline Fuel,Automatic,Blue,Black,None reported,Yes,"$31,000",181.0,1.5,I3,5.0
2956,2956,Honda,Civic LX,2015,51300,Gasoline,143.0HP 1.8L 4 Cylinder Engine Gasoline Fuel,Manual,Black,Black,None reported,Yes,"$17,500",143.0,1.8,I4,5.0
2957,2957,Ford,Shelby GT350 Base,2018,8237,Gasoline,526.0HP 5.2L 8 Cylinder Engine Gasoline Fuel,Manual,Gray,Black,None reported,Yes,"$62,900",526.0,5.2,V8,2.0
2958,2958,Volkswagen,Jetta S,2010,99000,Gasoline,170.0HP 2.5L 5 Cylinder Engine Gasoline Fuel,Automatic,Gray,Black,At least 1 accident or damage reported,Yes,"$6,000",170.0,2.5,I5,5.0
2959,2959,Mazda,CX-5 Grand Touring,2021,62377,Gasoline,2.5L I4 16V,Automatic,Jet Black Mica,Black,None reported,Yes,"$26,288",187.0,2.5,I4,5.0
2960,2960,Jeep,Wrangler Rubicon,2009,130000,Gasoline,202.0HP 3.8L V6 Cylinder Engine Gasoline Fuel,Manual,Black,Gray,None reported,Yes,"$15,500",202.0,3.8,V6,4.0
2961,2961,Ford,F-250 XLT,2016,94300,E85 Flex Fuel,385.0HP 6.2L 8 Cylinder Engine Flex Fuel Capability,Automatic,Silver,Gray,At least 1 accident or damage reported,Yes,"$28,999",385.0,6.2,V8,5.0
2962,2962,Tesla,Model Y Performance,2022,24115,not defined,455.0HP Electric Motor Electric Fuel System,Automatic,Gray,White,None reported,Yes,"$46,500",455.0,0.0,Electric,5.0
2963,2963,BMW,528 i,2016,82000,Gasoline,240.0HP 2.0L 4 Cylinder Engine Gasoline Fuel,Automatic,Silver,Black,At least 1 accident or damage reported,Yes,"$16,995",240.0,2.0,I4,5.0
2964,2964,Kia,Rio S,2021,67686,Gasoline,120.0HP 1.6L 4 Cylinder Engine Gasoline Fuel,Automatic,Silver,Black,None reported,Yes,"$15,700",120.0,1.6,I4,5.0
2965,2965,Tesla,Model S 85,2014,96800,not defined,362.0HP Electric Motor Electric Fuel System,Automatic,Blue,Black,None reported,Yes,"$28,450",362.0,0.0,Electric,5.0
2966,2966,Jeep,Wrangler Sport,1997,131000,Gasoline,181.0HP 4.0L Straight 6 Cylinder Engine Gasoline Fuel,Manual,Green,Gray,At least 1 accident or damage reported,Yes,"$5,500",181.0,4.0,I6,5.0
2967,2967,Tesla,Model 3 Standard Range,2020,23097,not defined,271.0HP Electric Motor Electric Fuel System,Automatic,Black,Black,None reported,Yes,"$29,900",271.0,0.0,Electric,5.0
2968,2968,Ferrari,GTC4Lusso T,2018,31000,Gasoline,602.0HP 3.9L 8 Cylinder Engine Gasoline Fuel,Automatic,White,Red,None reported,Yes,"$197,499",602.0,3.9,V8,4.0
2969,2969,BMW,X5 M50i,2021,28898,Gasoline,523.0HP 4.4L 8 Cylinder Engine Gasoline Fuel,Automatic,Black,Orange,None reported,Yes,"$71,000",523.0,4.4,V8,5.0
2970,2970,Mazda,MX-5 Miata RF Club,2022,7250,Gasoline,181.0HP 2.0L 4 Cylinder Engine Gasoline Fuel,Manual,Gray,Black,None reported,Yes,"$35,619",181.0,2.0,I4,2.0
2971,2971,Ford,F-250 XLT,2014,59459,Diesel,400.0HP 6.7L 8 Cylinder Engine Diesel Fuel,Automatic,Black,Silver,At least 1 accident or damage reported,Yes,"$40,999",400.0,6.7,V8,5.0
2972,2972,Jeep,Wrangler Sahara,2012,78000,Gasoline,285.0HP 3.6L V6 Cylinder Engine Gasoline Fuel,Automatic,Beige,Black,At least 1 accident or damage reported,Yes,"$22,000",285.0,3.6,V6,5.0
2973,2973,RAM,1500 Laramie,2021,24213,Gasoline,395.0HP 5.7L 8 Cylinder Engine Gasoline Fuel,Automatic,White,Black,None reported,Yes,"$46,500",395.0,5.7,V8,5.0
2974,2974,RAM,1500 Laramie,2020,21165,Gasoline,5.7L V8 16V MPFI OHV,Automatic,Bright White Clearcoat,Black,None reported,No,"$46,105",395.0,5.7,V8,5.0
2975,2975,GMC,Yukon Denali,2016,107750,Gasoline,420.0HP 6.2L 8 Cylinder Engine Gasoline Fuel,Automatic,Black,Black,None reported,Yes,"$35,500",420.0,6.2,V8,7.0
2976,2976,Ford,F-150 Lariat,2016,117000,Gasoline,365.0HP 3.5L V6 Cylinder Engine Gasoline Fuel,Automatic,White,Black,None reported,Yes,"$26,500",365.0,3.5,V6,5.0
2977,2977,Chevrolet,Corvette Base,2006,39132,Gasoline,400.0HP 6.0L 8 Cylinder Engine Gasoline Fuel,Dual Shift,Red,Beige,None reported,Yes,"$35,000",400.0,6.0,V8,2.0
2978,2978,BMW,Z4 2.5i,2004,94500,Gasoline,184.0HP 2.5L Straight 6 Cylinder Engine Gasoline Fuel,Manual,Gray,Black,None reported,Yes,"$9,000",184.0,2.5,I6,2.0
2979,2979,Subaru,Crosstrek 2.0i Premium,2017,50011,Gasoline,148.0HP 2.0L 4 Cylinder Engine Gasoline Fuel,Automatic,Red,Beige,At least 1 accident or damage reported,Yes,"$21,495",148.0,2.0,I4,5.0
2980,2980,Lexus,GX 470 Base,2004,215000,Gasoline,235.0HP 4.7L 8 Cylinder Engine Gasoline Fuel,Automatic,White,Beige,At least 1 accident or damage reported,Yes,"$7,350",235.0,4.7,V8,7.0
2981,2981,RAM,1500 Laramie,2022,16616,Gasoline,5.7L V8 16V MPFI OHV,Automatic,Diamond Black,Black,None reported,No,"$45,999",395.0,5.7,V8,5.0
2982,2982,Ford,F-150 XLT,2022,33818,Gasoline,5.0L V8 32V PDI DOHC,Automatic,Agate Black Metallic,Black,None reported,Yes,"$46,552",400.0,5.0,V8,5.0
2983,2983,Jeep,Wagoneer Series III,2022,9099,Gasoline,5.7L V8 16V MPFI OHV,Automatic,Velvet Red Pearlcoat,Global Black,None reported,Yes,"$68,362",392.0,5.7,V8,7.0
2984,2984,Volkswagen,GTI Base,2008,95798,Gasoline,200.0HP 2.0L 4 Cylinder Engine Gasoline Fuel,Manual,White,Black,None reported,Yes,"$9,850",200.0,2.0,I4,5.0
2985,2985,Mercedes-Benz,AMG GLE AMG GLE 63 S-Model 4MATIC,2016,35943,Gasoline,577.0HP 5.5L 8 Cylinder Engine Gasoline Fuel,Automatic,Black,White,None reported,Yes,"$51,700",577.0,5.5,V8,5.0
2986,2986,Mazda,Mazda6 iSport VE,2008,106000,Gasoline,156.0HP 2.3L 4 Cylinder Engine Gasoline Fuel,Automatic,Black,Beige,None reported,Yes,"$4,300",156.0,2.3,I4,5.0
2987,2987,Kia,Telluride EX X-Line,2023,10400,Gasoline,291.0HP 3.8L V6 Cylinder Engine Gasoline Fuel,Automatic,Green,Green,None reported,Yes,"$48,000",291.0,3.8,V6,7.0
2988,2988,Chevrolet,Tahoe LT,2022,2894,Gasoline,355.0HP 5.3L 8 Cylinder Engine Gasoline Fuel,Automatic,Blue,Beige,None reported,Yes,"$63,900",355.0,5.3,V8,8.0
2989,2989,Dodge,Durango GT,2022,15592,Gasoline,3.6L V6 24V MPFI DOHC,Automatic,DB Black Clearcoat,Black,None reported,Yes,"$39,985",295.0,3.6,V6,7.0
2990,2990,Mercedes-Benz,AMG C 63 Base,2020,33548,Gasoline,469.0HP 4.0L 8 Cylinder Engine Gasoline Fuel,Automatic,Silver,Black,None reported,Yes,"$57,999",469.0,4.0,V8,5.0
2991,2991,BMW,320 i xDrive,2016,185000,Gasoline,180.0HP 2.0L 4 Cylinder Engine Gasoline Fuel,Automatic,Black,Beige,At least 1 accident or damage reported,Yes,"$7,500",180.0,2.0,I4,5.0
2992,2992,Porsche,Macan GTS,2023,6483,Gasoline,2.9L V6 24V GDI DOHC Twin Turbo,Automatic,Chalk,Black,None reported,No,"$96,900",375.0,2.9,V6,5.0
2993,2993,Honda,Pilot EX-L,2020,28886,Gasoline,3.5L V6 24V GDI SOHC,Automatic,Gray,Gray,not defined,No,"$35,645",280.0,3.5,V6,8.0
2994,2994,Mercedes-Benz,GLE 350 Base,2020,26293,Gasoline,2.0 Liter Turbo,Automatic,designo Diamond White Bright,Macchiato/Magmagrey,None reported,No,"$49,998",255.0,2.0,I4,5.0
2995,2995,Chevrolet,Camaro 2SS,2017,62000,Gasoline,455.0HP 6.2L 8 Cylinder Engine Gasoline Fuel,Dual Shift,Blue,Black,None reported,Yes,"$34,500",455.0,6.2,V8,4.0
2996,2996,Jaguar,XF 35t Prestige,2017,101453,Gasoline,340.0HP 3.0L V6 Cylinder Engine Gasoline Fuel,Automatic,White,Beige,At least 1 accident or damage reported,Yes,"$18,500",340.0,3.0,V6,5.0
2997,2997,RAM,3500 Laramie,2013,106385,Diesel,385.0HP 6.7L Straight 6 Cylinder Engine Diesel Fuel,Automatic,White,Black,At least 1 accident or damage reported,Yes,"$42,900",385.0,6.7,I6,5.0
2998,2998,BMW,335 is,2012,86629,Gasoline,320.0HP 3.0L Straight 6 Cylinder Engine Gasoline Fuel,Automatic,White,Red,None reported,Yes,"$20,995",320.0,3.0,Straight 6,5.0
2999,2999,Audi,S6 4.0T Premium Plus,2018,61258,Gasoline,450.0HP 4.0L 8 Cylinder Engine Gasoline Fuel,Automatic,White,Black,None reported,Yes,"$49,999",450.0,4.0,V8,5.0
3000,3000,Chrysler,300 S,2014,121500,Gasoline,363.0HP 5.7L 8 Cylinder Engine Gasoline Fuel,Automatic,Blue,Black,None reported,Yes,"$15,999",363.0,5.7,V8,5.0
3001,3001,GMC,Sierra 1500 AT4,2022,100,Diesel,277.0HP 3.0L Straight 6 Cylinder Engine Diesel Fuel,Automatic,White,Black,None reported,Yes,"$62,499",277.0,3.0,I6,5.0
3002,3002,Chrysler,200 C,2015,170000,E85 Flex Fuel,295.0HP 3.6L V6 Cylinder Engine Flex Fuel Capability,Automatic,Silver,Black,At least 1 accident or damage reported,Yes,"$5,995",295.0,3.6,V6,5.0
3003,3003,Ford,F-150 XLT SuperCab,2010,232000,Gasoline,292.0HP 4.6L 8 Cylinder Engine Gasoline Fuel,Automatic,Blue,Gray,None reported,Yes,"$3,000",292.0,4.6,V8,5.0
3004,3004,MINI,Cooper S Base,2006,95000,Gasoline,168.0HP 1.6L 4 Cylinder Engine Gasoline Fuel,Manual,Gray,–,None reported,Yes,"$12,500",168.0,1.6,I4,4.0
3005,3005,Toyota,Venza XLE,2013,103466,Gasoline,268.0HP 3.5L V6 Cylinder Engine Gasoline Fuel,Automatic,White,Gray,At least 1 accident or damage reported,Yes,"$14,200",268.0,3.5,V6,5.0
3006,3006,Toyota,Camry Hybrid Base,2011,133121,Hybrid,147.0HP 2.4L 4 Cylinder Engine Gas/Electric Hybrid,Automatic,White,White,At least 1 accident or damage reported,Yes,"$7,900",147.0,2.4,I4,5.0
3007,3007,Chevrolet,Tahoe LT,2012,162731,E85 Flex Fuel,320.0HP 5.3L 8 Cylinder Engine Flex Fuel Capability,Automatic,Brown,Gray,None reported,Yes,"$14,500",320.0,5.3,V8,8.0
3008,3008,Mercedes-Benz,CLS-Class CLS 63 AMG S-Model 4MATIC,2014,64500,Gasoline,577.0HP 5.5L 8 Cylinder Engine Gasoline Fuel,Automatic,Silver,Black,not defined,No,"$37,500",577.0,5.5,V8,4.0
3009,3009,Ford,Shelby GT500 Base,2021,568,Gasoline,760.0HP 5.2L 8 Cylinder Engine Gasoline Fuel,Automatic,Orange,Black,None reported,Yes,"$90,788",760.0,5.2,V8,2.0
3010,3010,Lexus,RX 300 4WD,1999,249083,Gasoline,220.0HP 3.0L V6 Cylinder Engine Gasoline Fuel,Automatic,Red,Beige,At least 1 accident or damage reported,Yes,"$3,500",220.0,3.0,V6,5.0
3011,3011,Porsche,Macan S,2015,80300,Gasoline,340.0HP 3.0L V6 Cylinder Engine Gasoline Fuel,Automatic,Gray,Beige,None reported,Yes,"$23,999",340.0,3.0,V6,5.0
3012,3012,Ford,F-150 XLT SuperCab,2004,187000,Gasoline,300.0HP 5.4L 8 Cylinder Engine Gasoline Fuel,Automatic,Beige,Beige,None reported,Yes,"$6,299",300.0,5.4,V8,5.0
3013,3013,Subaru,Outback 2.5 i Special Edition,2009,181870,Gasoline,169.0HP 2.5L 4 Cylinder Engine Gasoline Fuel,Automatic,Black,Black,None reported,Yes,"$6,500",169.0,2.5,I4,5.0
3014,3014,GMC,Sierra 2500 AT4,2022,22600,Diesel,6.6L V8 32V DDI OHV Turbo Diesel,Automatic,Ebony Twilight Metallic,Jet Black,not defined,No,"$76,740",401.0,6.6,V8,5.0
3015,3015,BMW,X5 xDrive40i,2020,37000,Gasoline,335.0HP 3.0L Straight 6 Cylinder Engine Gasoline Fuel,Automatic,Black,Black,At least 1 accident or damage reported,Yes,"$50,000",335.0,3.0,I6,5.0
3016,3016,Porsche,Taycan Base,2022,9728,not defined,375.0HP Electric Motor Electric Fuel System,Automatic,White,Beige,None reported,Yes,"$89,000",375.0,4.4,V8,4.0
3017,3017,Lexus,GX 470 Base,2006,152000,Gasoline,263.0HP 4.7L 8 Cylinder Engine Gasoline Fuel,Automatic,Blue,Gray,At least 1 accident or damage reported,Yes,"$13,995",263.0,4.7,V8,7.0
3018,3018,Ford,F-150 Heritage XL SuperCab Flareside,2004,60260,Gasoline,380.0HP 5.4L 8 Cylinder Engine Gasoline Fuel,Automatic,Blue,Gray,At least 1 accident or damage reported,Yes,"$30,500",380.0,5.4,V8,5.0
3019,3019,Mazda,MazdaSpeed Miata MX-5 Base,2004,33362,Gasoline,178.0HP 1.8L 4 Cylinder Engine Gasoline Fuel,Manual,Silver,Black,At least 1 accident or damage reported,Yes,"$17,599",178.0,1.8,I4,2.0
3020,3020,GMC,Acadia Denali,2021,47907,Gasoline,3.6L V6 24V GDI DOHC,Automatic,Ebony Twilight Metallic,Jet Black,None reported,Yes,"$38,436",310.0,3.6,V6,7.0
3021,3021,Mercedes-Benz,Metris Base,2016,17340,Gasoline,208.0HP 2.0L 4 Cylinder Engine Gasoline Fuel,Automatic,White,Black,None reported,Yes,"$29,000",208.0,2.0,I4,5.0
3022,3022,Cadillac,DeVille Base,1994,85000,not defined,–,Automatic,White,Blue,None reported,Yes,"$7,900",250.0,4.6,V8,5.0
3023,3023,Ford,Expedition EL XLT,2011,195500,E85 Flex Fuel,310.0HP 5.4L 8 Cylinder Engine Flex Fuel Capability,Automatic,White,Beige,None reported,Yes,"$8,999",310.0,5.4,V8,8.0
3024,3024,Chevrolet,Monte Carlo SS,2000,74000,Gasoline,200.0HP 3.8L V6 Cylinder Engine Gasoline Fuel,Automatic,Red,–,None reported,Yes,"$4,700",200.0,3.8,V6,5.0
3025,3025,RAM,1500 Big Horn,2015,140500,Gasoline,395.0HP 5.7L 8 Cylinder Engine Gasoline Fuel,Automatic,Red,Gray,At least 1 accident or damage reported,Yes,"$14,000",395.0,5.7,V8,5.0
3026,3026,Jeep,Commander Base,2006,212500,Gasoline,210.0HP 3.7L V6 Cylinder Engine Gasoline Fuel,Automatic,Black,Gray,None reported,Yes,"$6,500",210.0,3.7,V6,7.0
3027,3027,Lexus,IS-F Base,2010,77400,Gasoline,416.0HP 5.0L 8 Cylinder Engine Gasoline Fuel,Automatic,White,Red,At least 1 accident or damage reported,Yes,"$34,500",416.0,5.0,V8,5.0
3028,3028,Ford,Utility Police Interceptor Base,2017,118000,Gasoline,365.0HP 3.5L V6 Cylinder Engine Gasoline Fuel,Automatic,Black,Black,None reported,Yes,"$15,000",365.0,3.5,V6,5.0
3029,3029,Porsche,Carrera GT Base,2005,4400,Gasoline,605.0HP 5.7L 10 Cylinder Engine Gasoline Fuel,Manual,Gray,Black,None reported,Yes,"$1,599,000",605.0,5.7,V10,2.0
3030,3030,Cadillac,Escalade ESV Luxury,2016,146200,Gasoline,420.0HP 6.2L 8 Cylinder Engine Gasoline Fuel,Automatic,White,Beige,None reported,Yes,"$24,500",420.0,6.2,V8,8.0
3031,3031,Tesla,Model Y Performance,2020,39000,not defined,455.0HP Electric Motor Electric Fuel System,Automatic,Silver,Black,None reported,Yes,"$43,000",455.0,0.0,Electric,5.0
3032,3032,Chevrolet,Avalanche 1500 LS,2005,130000,E85 Flex Fuel,295.0HP 5.3L 8 Cylinder Engine Flex Fuel Capability,Automatic,Red,Gray,None reported,Yes,"$7,200",295.0,5.3,V8,5.0
3033,3033,Ford,F-150 Lariat,2021,33080,Gasoline,325.0HP 2.7L V6 Cylinder Engine Gasoline Fuel,Automatic,White,Black,None reported,Yes,"$47,850",325.0,2.7,V6,5.0
3034,3034,Mercedes-Benz,GLB 250 Base 4MATIC,2023,1219,Gasoline,2.0L I4 16V GDI DOHC Turbo,Automatic,Midnight Black,Classic Red,None reported,No,"$46,479",221.0,2.0,I4,5.0
3035,3035,Jeep,Wrangler Sport,2016,41000,Gasoline,285.0HP 3.6L V6 Cylinder Engine Gasoline Fuel,Automatic,White,Black,None reported,Yes,"$25,000",285.0,3.6,V6,5.0
3036,3036,Nissan,350Z Touring,2004,110897,Gasoline,287.0HP 3.5L V6 Cylinder Engine Gasoline Fuel,Manual,Black,Orange,At least 1 accident or damage reported,Yes,"$11,500",287.0,3.5,V6,2.0
3037,3037,Chevrolet,Corvette Z06,2016,49000,Gasoline,650.0HP 6.2L 8 Cylinder Engine Gasoline Fuel,Manual,Orange,–,None reported,Yes,"$75,000",650.0,6.2,V8,2.0
3038,3038,Pontiac,Solstice GXP,2007,47000,Gasoline,260.0HP 2.0L 4 Cylinder Engine Gasoline Fuel,Manual,Black,Black,None reported,Yes,"$13,300",260.0,2.0,I4,2.0
3039,3039,Hyundai,Sonata SE,2018,57690,Gasoline,185.0HP 2.4L 4 Cylinder Engine Gasoline Fuel,Automatic,Gray,Gray,At least 1 accident or damage reported,Yes,"$15,900",185.0,2.4,I4,5.0
3040,3040,Mercedes-Benz,SLS AMG Base,2012,17941,Gasoline,6.2L V8 32V MPFI DOHC,Automatic,Iridium Silver Metallic,Red,None reported,Yes,"$226,000",563.0,6.2,V8,2.0
3041,3041,Lincoln,Navigator Reserve,2018,54000,Gasoline,450.0HP 3.5L V6 Cylinder Engine Gasoline Fuel,Automatic,Brown,Orange,At least 1 accident or damage reported,Yes,"$46,500",450.0,3.5,V6,8.0
3042,3042,Nissan,Maxima SL,2007,101600,Gasoline,255.0HP 3.5L V6 Cylinder Engine Gasoline Fuel,Automatic,Silver,Black,None reported,Yes,"$6,700",255.0,3.5,V6,5.0
3043,3043,Ford,Ranger XLT,2021,89000,Gasoline,270.0HP 2.3L 4 Cylinder Engine Gasoline Fuel,Automatic,Black,Black,None reported,Yes,"$34,000",270.0,2.3,I4,5.0
3044,3044,Tesla,Model 3 Long Range,2021,18000,not defined,Electric Motor Electric Fuel System,Automatic,Black,Black,None reported,Yes,"$42,500",346.0,0.0,Electric,5.0
3045,3045,Jaguar,XE 35t Premium,2017,55000,Gasoline,340.0HP 3.0L V6 Cylinder Engine Gasoline Fuel,Automatic,Gray,Black,None reported,Yes,"$25,000",340.0,3.0,V6,5.0
3046,3046,Lincoln,MKZ Reserve,2017,71964,Gasoline,240.0HP 2.0L 4 Cylinder Engine Gasoline Fuel,Automatic,Blue,Black,None reported,Yes,"$18,750",240.0,2.0,I4,5.0
3047,3047,Cadillac,Escalade ESV Platinum,2020,92000,Gasoline,420.0HP 6.2L 8 Cylinder Engine Gasoline Fuel,Automatic,Black,Black,None reported,Yes,"$50,000",420.0,6.2,V8,7.0
3048,3048,Ford,Fusion SE,2012,160000,E85 Flex Fuel,240.0HP 3.0L V6 Cylinder Engine Flex Fuel Capability,Automatic,Gray,Black,None reported,Yes,"$4,500",240.0,3.0,V6,5.0
3049,3049,Mercedes-Benz,E-Class E 350,2012,95816,Gasoline,302.0HP 3.5L V6 Cylinder Engine Gasoline Fuel,Automatic,White,Beige,None reported,Yes,"$12,000",302.0,3.5,V6,5.0
3050,3050,Jeep,Wrangler Unlimited Sport,2014,132600,Gasoline,285.0HP 3.6L V6 Cylinder Engine Gasoline Fuel,Automatic,White,–,At least 1 accident or damage reported,Yes,"$17,000",285.0,3.6,V6,5.0
3051,3051,Cadillac,DeVille Base,1994,47000,not defined,–,Automatic,White,Blue,None reported,Yes,"$5,990",250.0,4.6,V8,5.0
3052,3052,Jeep,Wrangler Sport,2010,149460,Gasoline,202.0HP 3.8L V6 Cylinder Engine Gasoline Fuel,Automatic,Black,Black,None reported,Yes,"$10,700",202.0,3.8,V6,5.0
3053,3053,Jeep,Wrangler Sport,2011,109646,Gasoline,3.8L V6 12V MPFI OHV,Automatic,Mango Tango Pearlcoat,Black,None reported,No,"$16,998",190.0,3.8,V6,5.0
3054,3054,Acura,MDX 3.5L w/Technology Package,2019,90605,Gasoline,3.5 Liter,Automatic,White,Parchment,None reported,No,"$27,698",290.0,3.5,V6,7.0
3055,3055,Volkswagen,Jetta 1.4T S,2019,59000,Gasoline,147.0HP 1.4L 4 Cylinder Engine Gasoline Fuel,Automatic,Gray,Black,None reported,Yes,"$17,000",147.0,1.4,I4,5.0
3056,3056,Chevrolet,Camaro Z28,2002,48000,Gasoline,310.0HP 5.7L 8 Cylinder Engine Gasoline Fuel,Automatic,White,Black,None reported,Yes,"$21,999",310.0,5.7,V8,4.0
3057,3057,Chevrolet,Corvette Z06,2016,41500,Gasoline,650.0HP 6.2L 8 Cylinder Engine Gasoline Fuel,Manual,White,Black,None reported,Yes,"$66,000",650.0,6.2,V8,2.0
3058,3058,Porsche,Cayman R,2012,54000,Gasoline,330.0HP 3.4L Flat 6 Cylinder Engine Gasoline Fuel,Automatic,Black,Gray,None reported,Yes,"$75,000",330.0,3.4,Flat 6,2.0
3059,3059,Porsche,Cayenne Base,2018,70455,Gasoline,300.0HP 3.6L V6 Cylinder Engine Gasoline Fuel,Automatic,White,Black,None reported,Yes,"$45,855",300.0,3.6,V6,5.0
3060,3060,Subaru,Crosstrek 2.0i Limited,2018,84054,Gasoline,152.0HP 2.0L 4 Cylinder Engine Gasoline Fuel,Automatic,Gray,Black,None reported,Yes,"$21,499",152.0,2.0,I4,5.0
3061,3061,BMW,750 Li,2007,114528,Gasoline,360.0HP 4.8L 8 Cylinder Engine Gasoline Fuel,Automatic,Black,Black,None reported,Yes,"$9,000",360.0,4.8,V8,5.0
3062,3062,Jeep,Wrangler Sahara,2013,111850,Gasoline,285.0HP 3.6L V6 Cylinder Engine Gasoline Fuel,Automatic,Red,Black,At least 1 accident or damage reported,Yes,"$26,500",285.0,3.6,V6,5.0
3063,3063,GMC,Sierra 2500 AT4,2020,52673,Diesel,445.0HP 6.6L 8 Cylinder Engine Diesel Fuel,Automatic,Black,Beige,None reported,Yes,"$69,500",445.0,6.6,V8,5.0
3064,3064,BMW,X3 M AWD,2021,31500,Gasoline,473.0HP 3.0L Straight 6 Cylinder Engine Gasoline Fuel,Automatic,Black,Black,None reported,Yes,"$54,500",473.0,3.0,Straight 6,5.0
3065,3065,BMW,335 i,2011,73000,Gasoline,300.0HP 3.0L Straight 6 Cylinder Engine Gasoline Fuel,Dual Shift,Red,Beige,None reported,Yes,"$16,000",300.0,3.0,I6,5.0
3066,3066,Jeep,Wrangler Unlimited Sahara,2019,59692,Gasoline,285.0HP 3.6L V6 Cylinder Engine Gasoline Fuel,Automatic,Gray,Black,None reported,Yes,"$35,900",285.0,3.6,V6,5.0
3067,3067,Toyota,Corolla S Plus,2016,68364,Gasoline,132.0HP 1.8L 4 Cylinder Engine Gasoline Fuel,Dual Shift,White,Black,None reported,Yes,"$16,000",132.0,1.8,I4,5.0
3068,3068,Land,Rover Discovery HSE LUXURY,2017,47200,Gasoline,340.0HP 3.0L V6 Cylinder Engine Gasoline Fuel,Automatic,Black,Beige,At least 1 accident or damage reported,Yes,"$29,000",340.0,3.0,V6,7.0
3069,3069,Mercedes-Benz,E-Class E 450 4MATIC,2021,18000,Hybrid,362.0HP 3.0L Straight 6 Cylinder Engine Gasoline/Mild Electric Hybrid,Automatic,Gray,Black,At least 1 accident or damage reported,Yes,"$62,000",362.0,3.0,I6,5.0
3070,3070,Ford,Fusion Hybrid Base,2012,158366,Hybrid,191.0HP 2.5L 4 Cylinder Engine Gas/Electric Hybrid,Automatic,Gray,Black,At least 1 accident or damage reported,Yes,"$8,250",191.0,2.5,I4,5.0
3071,3071,BMW,X1 xDrive 28i,2017,49700,Gasoline,228.0HP 2.0L 4 Cylinder Engine Gasoline Fuel,Automatic,Blue,Black,None reported,Yes,"$26,000",228.0,2.0,I4,5.0
3072,3072,GMC,Terrain SLE,2010,81500,Gasoline,182.0HP 2.4L 4 Cylinder Engine Gasoline Fuel,Automatic,Brown,Gray,None reported,Yes,"$12,250",182.0,2.4,I4,5.0
3073,3073,BMW,i3 120Ah w/Range Extender,2019,16975,not defined,170.0HP 0.65L Electric Motor Electric Fuel System,Automatic,Black,Black,None reported,Yes,"$26,990",170.0,0.6,Electric,4.0
3074,3074,Porsche,911 GT3,2018,5989,Gasoline,"4L H-6 gasoline direct injection, DOHC, VarioCam Plus variable v",Manual,GT SILVER,BLACK,None reported,No,"$209,000",502.0,4.0,H6,2.0
3075,3075,Ford,Mustang SVT Cobra,2003,16100,Gasoline,390.0HP 4.6L 8 Cylinder Engine Gasoline Fuel,Manual,Red,Beige,None reported,Yes,"$35,500",390.0,4.6,V8,4.0
3076,3076,Land,Rover Range Rover Supercharged LWB,2020,54225,Gasoline,518.0HP 5.0L 8 Cylinder Engine Gasoline Fuel,Automatic,White,White,None reported,Yes,"$67,500",518.0,5.0,V8,5.0
3077,3077,RAM,2500 Big Horn,2016,89500,Gasoline,410.0HP 6.4L 8 Cylinder Engine Gasoline Fuel,Automatic,Black,Gray,None reported,Yes,"$35,000",410.0,6.4,I6,5.0
3078,3078,Ford,E250 Cargo,2013,87501,E85 Flex Fuel,225.0HP 4.6L 8 Cylinder Engine Flex Fuel Capability,Automatic,White,Gray,At least 1 accident or damage reported,Yes,"$17,777",225.0,4.6,V8,2.0
3079,3079,MINI,Countryman Cooper S ALL4,2018,12370,Gasoline,189.0HP 2.0L 4 Cylinder Engine Gasoline Fuel,Automatic,Blue,Black,None reported,Yes,"$28,900",189.0,2.0,I4,5.0
3080,3080,RAM,1500 Classic Tradesman,2019,12466,Gasoline,395.0HP 5.7L 8 Cylinder Engine Gasoline Fuel,Automatic,Gray,Gray,None reported,Yes,"$28,995",395.0,5.7,V8,5.0
3081,3081,Volvo,C70 T5,2011,199000,Gasoline,227.0HP 2.5L 5 Cylinder Engine Gasoline Fuel,Dual Shift,Red,Beige,At least 1 accident or damage reported,Yes,"$5,500",227.0,2.5,I5,4.0
3082,3082,Mercedes-Benz,SL-Class SL600 Roadster,2007,78200,Gasoline,510.0HP 5.5L 12 Cylinder Engine Gasoline Fuel,Automatic,Black,Brown,At least 1 accident or damage reported,Yes,"$22,999",510.0,5.5,V12,2.0
3083,3083,Toyota,Camry Hybrid XLE,2018,22000,Hybrid,208.0HP 2.5L 4 Cylinder Engine Gas/Electric Hybrid,Automatic,White,Beige,None reported,Yes,"$29,500",208.0,2.5,I4,5.0
3084,3084,GMC,Acadia SLE-2,2016,100795,Gasoline,3.6L V6 24V GDI DOHC,Automatic,White Frost Tri-Coat,Ebony,At least 1 accident or damage reported,Yes,"$12,995",310.0,3.6,V6,7.0
3085,3085,Chevrolet,Impala 1LT,2019,99941,Gasoline,3.6L V6 24V GDI DOHC,Automatic,Silver Ice Metallic,Jet Black,None reported,Yes,"$17,816",305.0,3.6,V6,5.0
3086,3086,Jeep,Grand Cherokee L Laredo,2021,23588,Gasoline,3.6L V6 24V MPFI DOHC,Automatic,Metallic,Global Black,not defined,No,"$38,633",293.0,3.6,V6,5.0
3087,3087,Jeep,Liberty Sport,2003,103000,Gasoline,210.0HP 3.7L V6 Cylinder Engine Gasoline Fuel,Automatic,Black,Gray,None reported,Yes,"$5,200",210.0,3.7,V6,5.0
3088,3088,Jaguar,XF Luxury,2009,91491,Gasoline,300.0HP 4.2L 8 Cylinder Engine Gasoline Fuel,Automatic,Blue,Beige,None reported,Yes,"$7,000",300.0,4.2,V8,5.0
3089,3089,Honda,Civic Sport,2020,23131,Gasoline,2.0L I4 16V MPFI DOHC,Automatic,Crystal Black Pearl,Black,At least 1 accident or damage reported,No,"$23,739",158.0,2.0,I4,5.0
3090,3090,Subaru,Outback 2.5i Premium,2019,77000,Gasoline,175.0HP 2.5L 4 Cylinder Engine Gasoline Fuel,Automatic,Gray,Gray,At least 1 accident or damage reported,Yes,"$18,749",175.0,2.5,I4,5.0
3091,3091,Land,Rover Range Rover Sport HSE Dynamic,2019,20500,Gasoline,380.0HP 3.0L V6 Cylinder Engine Gasoline Fuel,Automatic,White,White,None reported,Yes,"$76,000",380.0,3.0,V6,5.0
3092,3092,Tesla,Model Y Long Range,2022,500,not defined,425.0HP Electric Motor Electric Fuel System,Automatic,White,Black,None reported,Yes,"$45,900",425.0,0.0,Electric,5.0
3093,3093,Lexus,ES 350 Base,2019,49810,Gasoline,302.0HP 3.5L V6 Cylinder Engine Gasoline Fuel,Automatic,Gray,Black,At least 1 accident or damage reported,Yes,"$33,900",302.0,3.5,V6,5.0
3094,3094,Honda,CR-V Touring,2022,20229,Gasoline,1.5L I4 16V GDI DOHC Turbo,Automatic,Black,Black,None reported,No,"$36,727",190.0,1.5,I4,5.0
3095,3095,Alfa,Romeo Giulia Quadrifoglio,2021,10558,Gasoline,505.0HP 2.9L V6 Cylinder Engine Gasoline Fuel,Automatic,White,Black,None reported,Yes,"$75,000",505.0,2.9,V6,5.0
3096,3096,BMW,330 i,2005,59300,Gasoline,225.0HP 3.0L Straight 6 Cylinder Engine Gasoline Fuel,Manual,Red,Black,None reported,Yes,"$30,900",225.0,3.0,I4,5.0
3097,3097,Maybach,Type 57 Base,2004,34254,Gasoline,543.0HP 5.5L 12 Cylinder Engine Gasoline Fuel,Automatic,Brown,–,None reported,Yes,"$64,250",543.0,5.5,V12,4.0
3098,3098,Lexus,ES 250 Base,2021,24364,Gasoline,2.5 Liter,Automatic,Eminent White Pearl,Chateau,None reported,No,"$37,998",203.0,2.5,I4,5.0
3099,3099,Mercedes-Benz,Sprinter 2500,2016,139200,Diesel,161.0HP 2.1L 4 Cylinder Engine Diesel Fuel,Automatic,White,Black,At least 1 accident or damage reported,Yes,"$22,000",161.0,2.1,V6,5.0
3100,3100,Mercedes-Benz,E-Class E 350,2012,82046,Gasoline,302.0HP 3.5L V6 Cylinder Engine Gasoline Fuel,Automatic,Black,Beige,None reported,Yes,"$13,999",302.0,3.5,V6,5.0
3101,3101,Dodge,Dakota Sport,1997,285000,Gasoline,230.0HP 5.2L 8 Cylinder Engine Gasoline Fuel,Automatic,White,Gray,None reported,Yes,"$6,399",230.0,5.2,V8,5.0
3102,3102,RAM,1500 Tradesman/Express,2017,26269,E85 Flex Fuel,3.6L V6 24V MPFI DOHC Flexible Fuel,Automatic,Bright White Clearcoat,Black,At least 1 accident or damage reported,No,"$25,307",395.0,3.6,V6,5.0
3103,3103,Mazda,CX-9 Touring,2016,127131,Gasoline,227.0HP 2.5L 4 Cylinder Engine Gasoline Fuel,Automatic,Brown,–,At least 1 accident or damage reported,Yes,"$16,770",227.0,2.5,I4,7.0
3104,3104,Porsche,911 Turbo S,2019,31000,Gasoline,580.0HP 3.8L Flat 6 Cylinder Engine Gasoline Fuel,Dual Shift,White,Black,None reported,Yes,"$179,900",580.0,3.8,H6,2.0
3105,3105,BMW,X3 xDrive30i,2021,27000,Gasoline,248.0HP 2.0L 4 Cylinder Engine Gasoline Fuel,Automatic,Black,Brown,None reported,Yes,"$38,400",248.0,2.0,I4,5.0
3106,3106,Jeep,Grand Cherokee Limited,2015,93400,E85 Flex Fuel,290.0HP 3.6L V6 Cylinder Engine Flex Fuel Capability,Automatic,White,Black,None reported,Yes,"$18,900",290.0,3.6,V6,5.0
3107,3107,BMW,X7 xDrive40i,2021,9200,Hybrid,335.0HP 3.0L Straight 6 Cylinder Engine Gasoline/Mild Electric Hybrid,Automatic,White,Brown,At least 1 accident or damage reported,Yes,"$71,200",335.0,3.0,I6,7.0
3108,3108,Mercedes-Benz,SL-Class SL 550,2014,76850,Gasoline,429.0HP 4.7L 8 Cylinder Engine Gasoline Fuel,Automatic,Brown,Beige,At least 1 accident or damage reported,Yes,"$32,999",429.0,4.7,V8,2.0
3109,3109,Bentley,Continental GT W12,2016,61160,Gasoline,582.0HP 6.0L 12 Cylinder Engine Gasoline Fuel,Automatic,Black,Black,At least 1 accident or damage reported,Yes,"$98,000",582.0,6.0,V12,4.0
3110,3110,Jeep,Wrangler Unlimited,2005,146000,Gasoline,190.0HP 4.0L Straight 6 Cylinder Engine Gasoline Fuel,Automatic,Red,Black,At least 1 accident or damage reported,Yes,"$15,900",190.0,4.0,Straight 6,4.0
3111,3111,Tesla,Model S 100D,2017,38957,not defined,Electric Motor Electric Fuel System,Automatic,Silver,Beige,None reported,Yes,"$46,750",518.0,0.0,Electric,5.0
3112,3112,Volkswagen,Golf SportWagen TSI SE,2017,33850,Gasoline,170.0HP 1.8L 4 Cylinder Engine Gasoline Fuel,Automatic,Blue,Beige,None reported,Yes,"$16,500",170.0,1.8,I4,5.0
3113,3113,Jeep,Wrangler Unlimited Sahara,2020,61830,Gasoline,2.0L I4 16V GDI DOHC Turbo,Automatic,Granite Crystal Clearcoat Metallic,Black,At least 1 accident or damage reported,No,"$39,860",285.0,2.0,I4,5.0
3114,3114,Kia,Sorento SXL,2017,108559,Gasoline,3.3L V6 24V GDI DOHC,Automatic,Titanium Silver,Satin Black,None reported,No,"$15,998",290.0,3.3,V6,7.0
3115,3115,Lexus,LS 430 Base,2006,192000,Gasoline,278.0HP 4.3L 8 Cylinder Engine Gasoline Fuel,Automatic,Silver,Gray,At least 1 accident or damage reported,Yes,"$7,390",278.0,4.3,V8,5.0
3116,3116,Mercedes-Benz,E-Class E 350 4MATIC,2014,83112,Gasoline,302.0HP 3.5L V6 Cylinder Engine Gasoline Fuel,Automatic,Black,Black,None reported,Yes,"$15,500",302.0,3.5,V6,5.0
3117,3117,Tesla,Model X 75D,2016,52000,not defined,518.0HP Electric Motor Electric Fuel System,Automatic,Black,Beige,None reported,Yes,"$52,000",518.0,0.0,Electric,7.0
3118,3118,RAM,1500 Rebel,2020,57300,Gasoline,395.0HP 5.7L 8 Cylinder Engine Gasoline Fuel,Automatic,Black,Black,None reported,Yes,"$43,500",395.0,5.7,V8,5.0
3119,3119,MINI,Cooper Base,2008,104500,Gasoline,118.0HP 1.6L 4 Cylinder Engine Gasoline Fuel,Automatic,Red,Black,At least 1 accident or damage reported,Yes,"$4,100",118.0,1.6,I4,4.0
3120,3120,Jeep,Cherokee Sport,1996,170552,Gasoline,190.0HP 4.0L Straight 6 Cylinder Engine Gasoline Fuel,Automatic,Black,Gray,At least 1 accident or damage reported,Yes,"$6,500",190.0,4.0,Straight 6,5.0
3121,3121,Ford,Mustang GT Premium,2013,18000,Gasoline,412.0HP 5.0L 8 Cylinder Engine Gasoline Fuel,Automatic,Silver,Black,None reported,Yes,"$29,000",412.0,5.0,V8,4.0
3122,3122,Lincoln,Navigator Reserve,2019,39000,Gasoline,450.0HP 3.5L V6 Cylinder Engine Gasoline Fuel,Automatic,Black,Black,None reported,Yes,"$51,999",450.0,3.5,V6,8.0
3123,3123,Jeep,Gladiator Rubicon,2020,38000,Gasoline,285.0HP 3.6L V6 Cylinder Engine Gasoline Fuel,Automatic,Black,Black,None reported,Yes,"$45,000",285.0,3.6,V6,5.0
3124,3124,Porsche,Cayman GT4,2016,15168,Gasoline,385.0HP 3.8L Flat 6 Cylinder Engine Gasoline Fuel,Manual,White,Black,None reported,Yes,"$115,000",385.0,3.8,Flat 6,2.0
3125,3125,Honda,Civic EX,2012,167506,Gasoline,140.0HP 1.8L 4 Cylinder Engine Gasoline Fuel,Automatic,Black,–,None reported,Yes,"$6,500",140.0,1.8,I4,5.0
3126,3126,Jeep,Grand Cherokee Laredo,2012,166000,E85 Flex Fuel,290.0HP 3.6L V6 Cylinder Engine Flex Fuel Capability,Automatic,White,Gray,At least 1 accident or damage reported,Yes,"$13,000",290.0,3.6,V6,5.0
3127,3127,Ford,Shelby GT500 Base,2021,19200,Gasoline,760.0HP 5.2L 8 Cylinder Engine Gasoline Fuel,Dual Shift,Black,Black,None reported,Yes,"$82,950",760.0,5.2,V8,2.0
3128,3128,Land,Rover Defender SE,2022,46000,Hybrid,395.0HP 3.0L Straight 6 Cylinder Engine Gasoline/Mild Electric Hybrid,Automatic,Green,Beige,None reported,Yes,"$75,000",395.0,3.0,I6,5.0
3129,3129,Hummer,H3 Base,2007,201000,Gasoline,242.0HP 3.7L 5 Cylinder Engine Gasoline Fuel,Automatic,White,Black,At least 1 accident or damage reported,Yes,"$7,200",242.0,3.7,I5,5.0
3130,3130,Kia,Sportage LX,2014,87000,Gasoline,182.0HP 2.4L 4 Cylinder Engine Gasoline Fuel,Automatic,Black,Black,At least 1 accident or damage reported,Yes,"$8,900",182.0,2.4,I4,5.0
3131,3131,GMC,Yukon XL 1500 SLT,2015,145000,Gasoline,355.0HP 5.3L 8 Cylinder Engine Gasoline Fuel,Automatic,White,Beige,None reported,Yes,"$24,950",355.0,5.3,V8,8.0
3132,3132,Jeep,Wrangler Unlimited Sport,2020,33060,Gasoline,285.0HP 3.6L V6 Cylinder Engine Gasoline Fuel,Automatic,White,Black,None reported,Yes,"$36,500",285.0,3.6,V6,5.0
3133,3133,Ford,Bronco XLT,1995,195000,not defined,–,Automatic,Blue,Gray,None reported,Yes,"$15,000",270.0,2.3,I4,5.0
3134,3134,Tesla,Model S Long Range Plus,2021,10550,not defined,557.0HP Electric Motor Electric Fuel System,Automatic,Gray,Black,None reported,Yes,"$67,800",557.0,0.0,Electric,5.0
3135,3135,Audi,A6 3.0T Prestige,2014,89500,Gasoline,310.0HP 3.0L V6 Cylinder Engine Gasoline Fuel,Dual Shift,Gray,Black,None reported,Yes,"$18,000",310.0,3.0,V6,5.0
3136,3136,Jeep,Wrangler 80th Anniversary,2021,27000,Hybrid,285.0HP 3.6L V6 Cylinder Engine Gasoline/Mild Electric Hybrid,Automatic,Red,Black,None reported,Yes,"$37,500",285.0,3.6,V6,4.0
3137,3137,Jeep,Wrangler Sport,2010,87250,Gasoline,202.0HP 3.8L V6 Cylinder Engine Gasoline Fuel,Manual,Blue,Black,None reported,Yes,"$18,500",202.0,3.8,V6,5.0
3138,3138,Volkswagen,CC 2.0T Sport,2016,76495,Gasoline,200.0HP 2.0L 4 Cylinder Engine Gasoline Fuel,Automatic,White,Black,At least 1 accident or damage reported,Yes,"$13,000",200.0,2.0,I4,5.0
3139,3139,Cadillac,SRX Luxury Collection,2016,70503,Gasoline,308.0HP 3.6L V6 Cylinder Engine Gasoline Fuel,Automatic,Silver,Beige,None reported,Yes,"$15,500",308.0,3.6,V6,5.0
3140,3140,Porsche,Cayenne Turbo,2009,41965,Gasoline,500.0HP 4.8L 8 Cylinder Engine Gasoline Fuel,Dual Shift,Black,Beige,At least 1 accident or damage reported,Yes,"$35,000",500.0,4.8,V8,5.0
3141,3141,Toyota,4Runner 4WD,1999,267000,Gasoline,150.0HP 2.7L 4 Cylinder Engine Gasoline Fuel,Manual,Silver,Beige,At least 1 accident or damage reported,Yes,"$8,000",150.0,2.7,I4,5.0
3142,3142,Mitsubishi,Eclipse GT,2003,146000,Gasoline,200.0HP 3.0L V6 Cylinder Engine Gasoline Fuel,Automatic,Gray,Black,At least 1 accident or damage reported,Yes,"$4,200",200.0,3.0,V6,4.0
3143,3143,Chevrolet,Corvette Stingray w/1LT,2023,9000,Gasoline,490.0HP 6.2L 8 Cylinder Engine Gasoline Fuel,Automatic,White,White,None reported,Yes,"$82,500",490.0,6.2,V8,2.0
3144,3144,Toyota,GR86 Premium,2022,1050,Gasoline,228.0HP 2.4L 4 Cylinder Engine Gasoline Fuel,Automatic,Gray,Black,None reported,Yes,"$40,000",228.0,2.4,I4,4.0
3145,3145,Land,Rover Range Rover P525 Westminster,2021,22270,Gasoline,5.0L V8 32V GDI DOHC Supercharged,Automatic,Gray,Ebony,None reported,No,"$89,900",518.0,5.0,V8,5.0
3146,3146,Ford,Mustang GT Premium,2012,19900,Gasoline,412.0HP 5.0L 8 Cylinder Engine Gasoline Fuel,Automatic,White,Black,None reported,Yes,"$26,500",412.0,5.0,V8,4.0
3147,3147,Tesla,Model Y Long Range,2020,19800,not defined,425.0HP Electric Motor Electric Fuel System,Automatic,White,White,None reported,Yes,"$44,990",425.0,0.0,Electric,5.0
3148,3148,RAM,1500 Sport,2012,113500,Gasoline,390.0HP 5.7L 8 Cylinder Engine Gasoline Fuel,Automatic,Black,Black,None reported,Yes,"$17,900",390.0,5.7,V8,5.0
3149,3149,Lamborghini,Gallardo LP550-2,2013,22000,Gasoline,550.0HP 5.2L 10 Cylinder Engine Gasoline Fuel,Automatic,Black,Black,None reported,Yes,"$150,000",550.0,5.2,V10,2.0
3150,3150,INFINITI,Q60 3.0t Red Sport 400,2022,3300,Gasoline,400.0HP 3.0L V6 Cylinder Engine Gasoline Fuel,Dual Shift,Red,Black,None reported,Yes,"$54,000",400.0,3.0,V6,4.0
3151,3151,Volkswagen,e-Golf SE,2016,41615,not defined,115.0HP Electric Motor Electric Fuel System,Automatic,Blue,Gray,None reported,Yes,"$12,000",115.0,0.0,Electric,5.0
3152,3152,Tesla,Model X Long Range,2022,11860,not defined,670.0HP Electric Motor Electric Fuel System,Automatic,White,White,None reported,Yes,"$92,500",670.0,0.0,Electric,7.0
3153,3153,BMW,M5 Base,2015,27000,Gasoline,560.0HP 4.4L 8 Cylinder Engine Gasoline Fuel,Automatic,Black,Black,None reported,Yes,"$52,500",560.0,4.4,V8,5.0
3154,3154,Kia,K5 GT-Line,2022,22101,Gasoline,1.6L I4 16V GDI DOHC Turbo,Automatic,Glacial White Pearl,Black,At least 1 accident or damage reported,Yes,"$29,430",180.0,1.6,I4,5.0
3155,3155,Chevrolet,Caprice Classic Base,1996,60000,Gasoline,260.0HP 5.7L 8 Cylinder Engine Gasoline Fuel,Automatic,Purple,Gray,not defined,No,"$18,500",260.0,5.7,V8,5.0
3156,3156,Subaru,BRZ Limited,2013,46452,Gasoline,200.0HP 2.0L 4 Cylinder Engine Gasoline Fuel,Manual,Gray,Black,None reported,Yes,"$22,888",200.0,2.0,I4,2.0
3157,3157,Lincoln,MKZ Reserve I,2019,36000,Gasoline,245.0HP 2.0L 4 Cylinder Engine Gasoline Fuel,Automatic,White,Beige,None reported,Yes,"$26,500",245.0,2.0,I4,5.0
3158,3158,Chevrolet,Corvette Grand Sport,2019,13100,Gasoline,460.0HP 6.2L 8 Cylinder Engine Gasoline Fuel,Manual,Silver,Red,None reported,Yes,"$61,950",460.0,6.2,V8,2.0
3159,3159,Audi,Q5 2.0T Premium Plus,2019,50000,Gasoline,248.0HP 2.0L 4 Cylinder Engine Gasoline Fuel,Automatic,White,Beige,At least 1 accident or damage reported,Yes,"$27,000",248.0,2.0,I4,5.0
3160,3160,Mazda,CX-9 Signature,2018,19500,Gasoline,227.0HP 2.5L 4 Cylinder Engine Gasoline Fuel,Dual Shift,White,Brown,None reported,Yes,"$32,250",227.0,2.5,I4,7.0
3161,3161,Ford,Mustang GT,2016,36000,Gasoline,435.0HP 5.0L 8 Cylinder Engine Gasoline Fuel,Manual,Orange,Black,At least 1 accident or damage reported,Yes,"$31,000",435.0,5.0,V8,4.0
3162,3162,Rolls-Royce,Wraith Base,2016,21000,Gasoline,624.0HP 6.6L 12 Cylinder Engine Gasoline Fuel,Automatic,Brown,Black,not defined,No,"$217,000",624.0,6.6,V12,2.0
3163,3163,Chevrolet,Camaro 1SS,2022,6640,Gasoline,455.0HP 6.2L 8 Cylinder Engine Gasoline Fuel,Automatic,Orange,Black,None reported,Yes,"$51,999",455.0,6.2,V8,4.0
3164,3164,BMW,X5 xDrive35i,2016,74850,Gasoline,300.0HP 3.0L Straight 6 Cylinder Engine Gasoline Fuel,Automatic,White,Brown,At least 1 accident or damage reported,Yes,"$21,900",300.0,3.0,Straight 6,5.0
3165,3165,Nissan,Maxima SV,2014,117000,Gasoline,290.0HP 3.5L V6 Cylinder Engine Gasoline Fuel,Dual Shift,White,Black,At least 1 accident or damage reported,Yes,"$10,900",290.0,3.5,V6,5.0
3166,3166,Toyota,Tundra TRD Pro,2016,51400,E85 Flex Fuel,381.0HP 5.7L 8 Cylinder Engine Flex Fuel Capability,Automatic,Black,Black,not defined,No,"$39,900",381.0,5.7,V8,5.0
3167,3167,INFINITI,QX60 AUTOGRAPH,2022,6000,Gasoline,295.0HP 3.5L V6 Cylinder Engine Gasoline Fuel,Automatic,Gold,Brown,None reported,Yes,"$57,999",295.0,3.5,V6,7.0
3168,3168,Mitsubishi,Lancer Evolution MR,2006,128000,Gasoline,286.0HP 2.0L 4 Cylinder Engine Gasoline Fuel,Manual,Silver,Black,None reported,Yes,"$37,999",286.0,2.0,I4,4.0
3169,3169,BMW,X3 xDrive30i,2021,15000,Gasoline,248.0HP 2.0L 4 Cylinder Engine Gasoline Fuel,Dual Shift,White,Brown,None reported,Yes,"$39,995",248.0,2.0,I4,5.0
3170,3170,Toyota,Tundra SR5,2016,119000,Gasoline,381.0HP 5.7L 8 Cylinder Engine Gasoline Fuel,Automatic,Red,Black,None reported,Yes,"$29,950",381.0,5.7,V6,5.0
3171,3171,Lincoln,Mark LT Base,2006,87500,Gasoline,300.0HP 5.4L 8 Cylinder Engine Gasoline Fuel,Automatic,Silver,Black,At least 1 accident or damage reported,Yes,"$12,999",300.0,5.4,V8,5.0
3172,3172,Ford,Flex SEL,2011,149000,Gasoline,262.0HP 3.5L V6 Cylinder Engine Gasoline Fuel,Automatic,Black,Beige,None reported,Yes,"$7,999",262.0,3.5,V6,7.0
3173,3173,Audi,Q5 2.0T Premium Plus,2015,54700,E85 Flex Fuel,220.0HP 2.0L 4 Cylinder Engine Flex Fuel Capability,Automatic,Gray,Brown,At least 1 accident or damage reported,Yes,"$20,995",220.0,2.0,I4,5.0
3174,3174,Ford,F-150 XL,2021,45979,Gasoline,3.5L V6 24V PDI DOHC Twin Turbo,Automatic,Agate Black Metallic,Black,None reported,Yes,"$38,532",385.0,3.5,V6,5.0
3175,3175,Lincoln,Continental Reserve,2017,56846,Gasoline,335.0HP 2.7L V6 Cylinder Engine Gasoline Fuel,Dual Shift,White,Beige,None reported,Yes,"$29,000",335.0,2.7,V6,5.0
3176,3176,Tesla,Model X 75D,2017,94100,not defined,518.0HP Electric Motor Electric Fuel System,Automatic,Black,Orange,At least 1 accident or damage reported,Yes,"$49,900",518.0,0.0,Electric,7.0
3177,3177,Jeep,Grand Cherokee Limited,2017,80150,Gasoline,293.0HP 3.6L V6 Cylinder Engine Gasoline Fuel,Automatic,Blue,Black,At least 1 accident or damage reported,Yes,"$22,500",293.0,3.6,V6,5.0
3178,3178,GMC,Terrain SLT-1,2013,11563,Gasoline,182.0HP 2.4L 4 Cylinder Engine Gasoline Fuel,Automatic,Blue,Black,At least 1 accident or damage reported,Yes,"$12,300",182.0,2.4,I4,5.0
3179,3179,Tesla,Model X Long Range,2022,7500,not defined,670.0HP Electric Motor Electric Fuel System,Automatic,Silver,Black,None reported,Yes,"$84,000",670.0,0.0,Electric,7.0
3180,3180,Mercedes-Benz,AMG E 53 Base 4MATIC,2021,15615,Hybrid,429.0HP 3.0L Straight 6 Cylinder Engine Gasoline/Mild Electric Hybrid,Automatic,Gray,Black,None reported,Yes,"$78,000",429.0,3.0,I6,5.0
3181,3181,Subaru,Impreza WRX Base,2013,113000,Gasoline,265.0HP 2.5L 4 Cylinder Engine Gasoline Fuel,Manual,Blue,Black,At least 1 accident or damage reported,Yes,"$16,000",265.0,2.5,I4,5.0
3182,3182,Kia,Optima S,2018,74000,Gasoline,185.0HP 2.4L 4 Cylinder Engine Gasoline Fuel,Automatic,White,Black,None reported,Yes,"$15,000",185.0,2.4,I4,5.0
3183,3183,Mercedes-Benz,M-Class ML 350,2011,99200,Gasoline,268.0HP 3.5L V6 Cylinder Engine Gasoline Fuel,Automatic,Black,Black,None reported,Yes,"$11,900",268.0,3.5,V6,5.0
3184,3184,Volkswagen,Beetle 2.0T S,2018,36824,Gasoline,174.0HP 2.0L 4 Cylinder Engine Gasoline Fuel,Automatic,Red,Red,None reported,Yes,"$23,999",174.0,2.0,I4,4.0
3185,3185,Acura,RSX Base,2005,186040,Gasoline,160.0HP 2.0L 4 Cylinder Engine Gasoline Fuel,Automatic,Gray,Beige,At least 1 accident or damage reported,Yes,"$6,700",160.0,2.0,I4,5.0
3186,3186,GMC,Acadia SLE,2020,58000,Gasoline,310.0HP 3.6L V6 Cylinder Engine Gasoline Fuel,Automatic,Black,Black,None reported,Yes,"$27,700",310.0,3.6,V6,7.0
3187,3187,Ford,F-150 Lariat,2020,31250,Gasoline,325.0HP 2.7L V6 Cylinder Engine Gasoline Fuel,Automatic,Blue,Gray,None reported,Yes,"$42,500",325.0,2.7,V6,5.0
3188,3188,Jeep,Gladiator Overland,2020,43000,Gasoline,285.0HP 3.6L V6 Cylinder Engine Gasoline Fuel,Automatic,White,Beige,None reported,Yes,"$46,500",285.0,3.6,V6,5.0
3189,3189,Toyota,Tacoma TRD Sport,2020,41199,Gasoline,3.5 Liter,Dual Shift,Black,Black/Gun Metal,None reported,No,"$41,598",278.0,3.5,V6,5.0
3190,3190,Kia,EV6 GT-Line,2022,22000,not defined,320.0HP Electric Motor Electric Fuel System,Automatic,Gray,Black,None reported,Yes,"$45,000",320.0,0.0,Electric,5.0
3191,3191,Genesis,GV70 3.5T Sport,2022,12900,Gasoline,375.0HP 3.5L V6 Cylinder Engine Gasoline Fuel,Automatic,Gray,White,None reported,Yes,"$53,000",375.0,3.5,V6,5.0
3192,3192,Ford,Explorer ST,2022,10500,Gasoline,400.0HP 3.0L V6 Cylinder Engine Gasoline Fuel,Dual Shift,Black,Black,not defined,No,"$50,000",400.0,3.0,V6,7.0
3193,3193,MINI,Countryman Cooper,2020,74725,Gasoline,1.5L I3 12V GDI DOHC Turbo,Automatic,Black,Black,None reported,Yes,"$21,612",134.0,1.5,I3,5.0
3194,3194,Mazda,CX-5 Grand Touring,2021,61117,Gasoline,2.5L I4 16V GDI DOHC,Automatic,Sonic Silver Metallic,Black,None reported,Yes,"$26,485",187.0,2.5,I4,5.0
3195,3195,BMW,325 i,2003,142000,Gasoline,184.0HP 2.5L Straight 6 Cylinder Engine Gasoline Fuel,Manual,Silver,Black,At least 1 accident or damage reported,Yes,"$4,800",184.0,2.5,Straight 6,5.0
3196,3196,Ford,Mustang EcoBoost Premium,2019,31000,not defined,–,Manual,Gray,Black,None reported,Yes,"$34,700",310.0,2.3,I4,4.0
3197,3197,Toyota,Yaris L,2012,129355,Gasoline,106.0HP 1.5L 4 Cylinder Engine Gasoline Fuel,Automatic,Black,Gray,At least 1 accident or damage reported,Yes,"$7,950",106.0,1.5,I4,5.0
3198,3198,Chevrolet,Express 1500 Base,2010,204000,E85 Flex Fuel,310.0HP 5.3L 8 Cylinder Engine Flex Fuel Capability,Automatic,White,Gray,At least 1 accident or damage reported,Yes,"$4,900",310.0,5.3,V8,8.0
3199,3199,Lincoln,Navigator L Select,2016,115600,Gasoline,380.0HP 3.5L V6 Cylinder Engine Gasoline Fuel,Automatic,Black,Black,None reported,Yes,"$22,500",380.0,3.5,V6,8.0
3200,3200,Jeep,Wrangler Sahara Altitude,2023,1563,Hybrid,285.0HP 3.6L V6 Cylinder Engine Gasoline/Mild Electric Hybrid,Automatic,Gray,Black,None reported,Yes,"$62,500",285.0,3.6,V6,5.0
3201,3201,Bentley,Continental GT Base,2007,72166,Gasoline,552.0HP 6.0L 12 Cylinder Engine Gasoline Fuel,Automatic,Black,Black,At least 1 accident or damage reported,Yes,"$35,995",552.0,6.0,V12,2.0
3202,3202,Lexus,RX 350 F Sport,2018,26100,Gasoline,295.0HP 3.5L V6 Cylinder Engine Gasoline Fuel,Automatic,Gray,Red,None reported,Yes,"$37,899",295.0,3.5,V6,5.0
3203,3203,BMW,430 i,2017,58880,Gasoline,248.0HP 2.0L 4 Cylinder Engine Gasoline Fuel,Automatic,White,Brown,None reported,Yes,"$21,000",248.0,2.0,I4,4.0
3204,3204,Cadillac,Escalade Sport Platinum,2021,26000,Gasoline,420.0HP 6.2L 8 Cylinder Engine Gasoline Fuel,Automatic,Black,Black,None reported,Yes,"$104,000",420.0,6.2,I6,7.0
3205,3205,Honda,Civic EX,2008,190640,Gasoline,140.0HP 1.8L 4 Cylinder Engine Gasoline Fuel,Manual,Silver,Silver,At least 1 accident or damage reported,Yes,"$5,500",140.0,1.8,I4,5.0
3206,3206,Porsche,Cayenne AWD,2020,37500,Gasoline,335.0HP 3.0L V6 Cylinder Engine Gasoline Fuel,Automatic,White,Black,None reported,Yes,"$59,900",335.0,3.0,V6,5.0
3207,3207,Ford,Mustang Mach-E GT,2022,13856,not defined,480.0HP Electric Motor Electric Fuel System,Automatic,White,Black,None reported,Yes,"$54,000",480.0,0.0,Electric,5.0
3208,3208,Cadillac,ATS 2.5L Luxury,2013,225000,Gasoline,202.0HP 2.5L 4 Cylinder Engine Gasoline Fuel,Automatic,Blue,Black,None reported,Yes,"$13,600",202.0,2.5,I4,5.0
3209,3209,Lexus,LS 460 Base,2014,123256,Gasoline,386.0HP 4.6L 8 Cylinder Engine Gasoline Fuel,Automatic,White,Beige,None reported,Yes,"$24,995",386.0,4.6,V8,5.0
3210,3210,Cadillac,Escalade Premium Luxury,2021,11459,Gasoline,420.0HP 6.2L 8 Cylinder Engine Gasoline Fuel,Automatic,White,Brown,None reported,Yes,"$88,900",420.0,6.2,V8,7.0
3211,3211,Mercedes-Benz,C-Class C 300 4MATIC Sport,2016,67289,Gasoline,241.0HP 2.0L 4 Cylinder Engine Gasoline Fuel,Automatic,White,Gray,None reported,Yes,"$20,490",241.0,2.0,I4,5.0
3212,3212,Hyundai,Veloster Base,2013,56837,Gasoline,132.0HP 1.6L 4 Cylinder Engine Gasoline Fuel,Dual Shift,Silver,Black,At least 1 accident or damage reported,Yes,"$10,500",132.0,1.6,I4,4.0
3213,3213,Chevrolet,Corvette Base,2002,44168,Gasoline,350.0HP 5.7L 8 Cylinder Engine Gasoline Fuel,Automatic,Orange,Black,None reported,Yes,"$30,000",350.0,5.7,V8,2.0
3214,3214,Mercedes-Benz,C-Class C 300 4MATIC,2019,59766,Gasoline,2.0L I4 16V GDI DOHC Turbo,Automatic,Lunar Blue Metallic,Macchiato,None reported,No,"$26,900",255.0,2.0,I4,5.0
3215,3215,Kia,Stinger GT,2018,56300,Gasoline,365.0HP 3.3L V6 Cylinder Engine Gasoline Fuel,Automatic,Silver,Black,None reported,Yes,"$29,950",365.0,3.3,V6,5.0
3216,3216,Volvo,S60 R,2004,167000,Gasoline,300.0HP 2.5L 5 Cylinder Engine Gasoline Fuel,Manual,Black,Beige,None reported,Yes,"$8,000",300.0,2.5,I5,5.0
3217,3217,Chevrolet,Silverado 2500 LT,2015,122770,E85 Flex Fuel,360.0HP 6.0L 8 Cylinder Engine Flex Fuel Capability,Automatic,Brown,Black,None reported,Yes,"$27,499",360.0,6.0,V8,5.0
3218,3218,Land,Rover Range Rover 3.0L V6 Supercharged HSE,2019,59271,Gasoline,380.0HP 3.0L V6 Cylinder Engine Gasoline Fuel,Automatic,Black,Black,None reported,Yes,"$54,995",380.0,3.0,V6,5.0
3219,3219,GMC,Sierra 1500 SLE,2015,102000,Gasoline,355.0HP 5.3L 8 Cylinder Engine Gasoline Fuel,Automatic,Silver,Black,At least 1 accident or damage reported,Yes,"$24,500",355.0,5.3,V8,5.0
3220,3220,Chevrolet,Silverado 1500 RST,2020,40929,Gasoline,5.3L V8 16V GDI OHV,Automatic,Cajun Red Tintcoat,Jet Black,At least 1 accident or damage reported,Yes,"$44,800",355.0,5.3,V8,5.0
3221,3221,Porsche,911 Turbo S,2019,22000,Gasoline,580.0HP 3.8L Flat 6 Cylinder Engine Gasoline Fuel,Automatic,White,Beige,None reported,Yes,"$174,900",580.0,3.8,H6,2.0
3222,3222,Chevrolet,Suburban Z71,2022,19200,Gasoline,420.0HP 6.2L 8 Cylinder Engine Gasoline Fuel,Automatic,White,Black,None reported,Yes,"$69,790",420.0,6.2,V8,8.0
3223,3223,Mercedes-Benz,G-Class G 550 4MATIC,2019,32376,Gasoline,416.0HP 4.0L 8 Cylinder Engine Gasoline Fuel,Automatic,Black,Black,None reported,Yes,"$128,000",416.0,4.0,V8,5.0
3224,3224,Porsche,911 Carrera,2023,19800,Gasoline,379.0HP 3.0L Flat 6 Cylinder Engine Gasoline Fuel,Automatic,Silver,Black,None reported,Yes,"$134,900",379.0,3.0,H6,2.0
3225,3225,Land,Rover Range Rover Sport HSE,2011,105000,Gasoline,375.0HP 5.0L 8 Cylinder Engine Gasoline Fuel,Automatic,Black,Black,None reported,Yes,"$10,000",375.0,5.0,V8,5.0
3226,3226,Ford,F-250 Lariat,2016,122650,Diesel,440.0HP 6.7L 8 Cylinder Engine Diesel Fuel,Automatic,Gray,Black,None reported,Yes,"$38,900",440.0,6.7,V8,5.0
3227,3227,Subaru,BRZ Limited,2022,14000,Gasoline,228.0HP 2.4L 4 Cylinder Engine Gasoline Fuel,Manual,White,Black,None reported,Yes,"$34,999",228.0,2.4,I4,2.0
3228,3228,Lexus,LS 460 Base,2008,100868,Gasoline,380.0HP 4.6L 8 Cylinder Engine Gasoline Fuel,Automatic,Black,Beige,None reported,Yes,"$15,397",380.0,4.6,V8,5.0
3229,3229,Land,Rover Range Rover Sport HSE,2013,111000,Gasoline,375.0HP 5.0L 8 Cylinder Engine Gasoline Fuel,Automatic,Black,Black,At least 1 accident or damage reported,Yes,"$15,000",375.0,5.0,V8,5.0
3230,3230,Cadillac,Escalade Sport Platinum,2021,38500,Gasoline,420.0HP 6.2L 8 Cylinder Engine Gasoline Fuel,Automatic,White,Black,At least 1 accident or damage reported,Yes,"$94,995",420.0,6.2,I6,7.0
3231,3231,Nissan,Pathfinder S,2020,41250,Gasoline,284.0HP 3.5L V6 Cylinder Engine Gasoline Fuel,Automatic,White,–,None reported,Yes,"$21,865",284.0,3.5,V6,7.0
3232,3232,MINI,Cooper S Base,2006,99600,Gasoline,168.0HP 1.6L 4 Cylinder Engine Gasoline Fuel,Automatic,Orange,Black,None reported,Yes,"$5,500",168.0,1.6,I4,4.0
3233,3233,Acura,ILX 2.0L w/Premium Package,2013,198000,Gasoline,150.0HP 2.0L 4 Cylinder Engine Gasoline Fuel,Dual Shift,White,Black,At least 1 accident or damage reported,Yes,"$11,000",150.0,2.0,I4,5.0
3234,3234,Lexus,RX 350 Base,2021,20598,Gasoline,3.5L V6 24V PDI DOHC,Automatic,Atomic Silver,Gray,At least 1 accident or damage reported,No,"$42,599",295.0,3.5,V6,5.0
3235,3235,Porsche,911 Carrera S,2013,52044,Gasoline,400.0HP 3.8L Flat 6 Cylinder Engine Gasoline Fuel,Manual,White,Gray,None reported,Yes,"$76,500",400.0,3.8,Flat 6,2.0
3236,3236,MINI,Hardtop Cooper S,2022,23777,Gasoline,189.0HP 2.0L 4 Cylinder Engine Gasoline Fuel,Manual,Gray,Black,None reported,Yes,"$30,000",189.0,2.0,I4,4.0
3237,3237,Ford,F-150 Platinum,2018,60660,Gasoline,375.0HP 3.5L V6 Cylinder Engine Gasoline Fuel,Automatic,Gold,Black,At least 1 accident or damage reported,Yes,"$46,900",375.0,3.5,V6,5.0
3238,3238,BMW,i3 Base,2015,26000,not defined,170.0HP 0.65L Electric Motor Electric Fuel System,Automatic,White,Beige,None reported,Yes,"$14,999",170.0,0.6,Electric,4.0
3239,3239,Mazda,CX-5 Touring,2018,61000,Gasoline,187.0HP 2.5L 4 Cylinder Engine Gasoline Fuel,Dual Shift,Gray,Black,None reported,Yes,"$21,800",187.0,2.5,I4,5.0
3240,3240,Lexus,RX 350 F Sport Performance,2020,53750,Gasoline,295.0HP 3.5L V6 Cylinder Engine Gasoline Fuel,Automatic,Black,Red,None reported,Yes,"$32,600",295.0,3.5,V6,5.0
3241,3241,BMW,X5 M50i,2023,13735,Gasoline,4.4L V8 32V GDI DOHC Twin Turbo,Automatic,Black Sapphire Metallic,Black,None reported,No,"$77,897",523.0,4.4,V8,5.0
3242,3242,Mercedes-Benz,E-Class E 300,2019,32580,Gasoline,2.0 Liter Turbo,Automatic,Obsidian Black Metallic,Beige,None reported,No,"$33,998",241.0,2.0,I4,5.0
3243,3243,Porsche,911 Carrera Cabriolet,2006,96275,Gasoline,325.0HP 3.6L Flat 6 Cylinder Engine Gasoline Fuel,Manual,Silver,Black,At least 1 accident or damage reported,Yes,"$52,500",325.0,3.6,Flat 6,2.0
3244,3244,Ford,F-350 Lariat,2015,162000,Diesel,440.0HP 6.7L 8 Cylinder Engine Diesel Fuel,Dual Shift,Red,Beige,None reported,Yes,"$32,000",440.0,6.7,V8,5.0
3245,3245,BMW,X3 xDrive30i,2019,92040,Gasoline,2.0L I4 16V GDI DOHC Turbo,Automatic,Alpine White,Black,None reported,Yes,"$24,999",248.0,2.0,I4,5.0
3246,3246,RAM,1500 SLT,2017,73690,Gasoline,395.0HP 5.7L 8 Cylinder Engine Gasoline Fuel,Automatic,Blue,Gray,At least 1 accident or damage reported,Yes,"$27,000",395.0,5.7,V8,5.0
3247,3247,Toyota,Tacoma Base,2009,48750,Gasoline,159.0HP 2.7L 4 Cylinder Engine Gasoline Fuel,Manual,Brown,Silver,None reported,Yes,"$17,900",159.0,2.7,V6,5.0
3248,3248,Cadillac,SRX Performance Collection,2011,124542,Gasoline,265.0HP 3.0L V6 Cylinder Engine Gasoline Fuel,Automatic,Gray,Beige,None reported,Yes,"$8,450",265.0,3.0,V6,5.0
3249,3249,Ford,Mustang GT Premium,2010,69000,Gasoline,315.0HP 4.6L 8 Cylinder Engine Gasoline Fuel,Automatic,White,Black,None reported,Yes,"$20,000",315.0,4.6,V8,4.0
3250,3250,Dodge,Ram 2500 Laramie Quad Cab,2004,148000,Diesel,250.0HP 5.9L Straight 6 Cylinder Engine Diesel Fuel,Automatic,Black,Beige,None reported,Yes,"$19,000",250.0,5.9,V8,5.0
3251,3251,BMW,650 i,2006,122141,Gasoline,360.0HP 4.8L 8 Cylinder Engine Gasoline Fuel,Manual,Silver,Black,None reported,Yes,"$10,500",360.0,4.8,V8,4.0
3252,3252,Subaru,Impreza WRX,2012,106000,Gasoline,265.0HP 2.5L 4 Cylinder Engine Gasoline Fuel,Manual,Black,Black,None reported,Yes,"$15,000",265.0,2.5,I4,5.0
3253,3253,Ford,Edge Titanium,2017,113294,Gasoline,245.0HP 2.0L 4 Cylinder Engine Gasoline Fuel,Automatic,Gray,Black,At least 1 accident or damage reported,Yes,"$16,500",245.0,2.0,I4,5.0
3254,3254,Kia,Telluride SX,2021,24423,Gasoline,3.8L V6 24V GDI DOHC,Automatic,Black,Black,None reported,No,"$44,315",291.0,3.8,V6,7.0
3255,3255,Tesla,Model S Long Range,2022,28000,not defined,670.0HP Electric Motor Electric Fuel System,Automatic,Gray,White,None reported,Yes,"$68,750",670.0,0.0,Electric,5.0
3256,3256,RAM,1500 Rebel,2018,54800,Gasoline,395.0HP 5.7L 8 Cylinder Engine Gasoline Fuel,Automatic,White,Black,At least 1 accident or damage reported,Yes,"$37,050",395.0,5.7,V8,5.0
3257,3257,Ford,Explorer XLT,2017,161000,Gasoline,290.0HP 3.5L V6 Cylinder Engine Gasoline Fuel,Automatic,Gray,Black,None reported,Yes,"$17,500",290.0,3.5,V6,7.0
3258,3258,Mercedes-Benz,AMG GLE 43 4MATIC Coupe,2019,28755,Gasoline,385.0HP 3.0L V6 Cylinder Engine Gasoline Fuel,Automatic,Black,Black,None reported,Yes,"$61,350",385.0,3.0,V6,5.0
3259,3259,Audi,Q5 2.0T Premium Plus,2016,52105,E85 Flex Fuel,220.0HP 2.0L 4 Cylinder Engine Flex Fuel Capability,Automatic,White,Beige,At least 1 accident or damage reported,Yes,"$20,499",220.0,2.0,I4,5.0
3260,3260,Nissan,Armada Platinum,2018,119950,Gasoline,390.0HP 5.6L 8 Cylinder Engine Gasoline Fuel,Dual Shift,Black,Black,None reported,Yes,"$20,999",390.0,5.6,V8,8.0
3261,3261,Mercedes-Benz,SL-Class SL500 Roadster,2003,80081,Gasoline,302.0HP 5.0L 8 Cylinder Engine Gasoline Fuel,Automatic,White,Beige,None reported,Yes,"$12,500",302.0,5.0,V8,2.0
3262,3262,Bentley,Bentayga V8,2021,24500,Gasoline,542.0HP 4.0L 8 Cylinder Engine Gasoline Fuel,Automatic,White,White,None reported,Yes,"$165,000",542.0,4.0,V8,5.0
3263,3263,Jeep,Gladiator Overland,2021,4100,Gasoline,285.0HP 3.6L V6 Cylinder Engine Gasoline Fuel,Automatic,Black,Black,None reported,Yes,"$55,000",285.0,3.6,V6,5.0
3264,3264,BMW,M2 CS,2020,9670,Gasoline,444.0HP 3.0L Straight 6 Cylinder Engine Gasoline Fuel,Dual Shift,Blue,Black,None reported,Yes,"$103,500",444.0,3.0,I6,2.0
3265,3265,Dodge,Charger SE,2017,63250,Gasoline,292.0HP 3.6L V6 Cylinder Engine Gasoline Fuel,Automatic,Red,Black,None reported,Yes,"$18,650",292.0,3.6,V6,5.0
3266,3266,Lincoln,MKX Black Label,2017,69431,Gasoline,335.0HP 2.7L V6 Cylinder Engine Gasoline Fuel,Automatic,Silver,Black,None reported,Yes,"$26,500",335.0,2.7,V6,5.0
3267,3267,Toyota,Tundra SR5,2015,108044,Gasoline,5.7L V8 32V MPFI DOHC,Automatic,Black,–,None reported,Yes,"$31,380",389.0,5.7,V8,5.0
3268,3268,BMW,335 i,2008,98000,Gasoline,300.0HP 3.0L Straight 6 Cylinder Engine Gasoline Fuel,Dual Shift,Black,Brown,None reported,Yes,"$13,998",300.0,3.0,I6,5.0
3269,3269,BMW,X1 xDrive28i,2019,52253,Gasoline,228.0HP 2.0L 4 Cylinder Engine Gasoline Fuel,Dual Shift,White,Black,None reported,Yes,"$34,500",228.0,2.0,I4,5.0
3270,3270,Ford,F-350 Platinum,2022,23850,Diesel,475.0HP 6.7L 8 Cylinder Engine Diesel Fuel,Automatic,Silver,Black,None reported,Yes,"$99,750",475.0,6.7,V8,5.0
3271,3271,Mercedes-Benz,Sprinter High Roof,2015,1500,Diesel,188.0HP 3.0L V6 Cylinder Engine Diesel Fuel,Automatic,White,Gray,None reported,Yes,"$39,500",188.0,3.0,V6,5.0
3272,3272,Dodge,Challenger GT,2021,40000,Gasoline,303.0HP 3.6L V6 Cylinder Engine Gasoline Fuel,Automatic,Black,Black,None reported,Yes,"$32,500",303.0,3.6,V6,5.0
3273,3273,Audi,S4 3.0 Prestige,2012,38718,Gasoline,333.0HP 3.0L V6 Cylinder Engine Gasoline Fuel,Automatic,Black,Black,None reported,Yes,"$31,000",333.0,3.0,V6,5.0
3274,3274,Toyota,Tacoma TRD Sport,2018,84184,Gasoline,3.5 Liter,Automatic,Magnetic Gray Metallic,Graphite w/Gun Metal,None reported,No,"$35,998",278.0,3.5,V6,5.0
3275,3275,Mercedes-Benz,Sprinter 2500 Standard Roof,2021,13344,Diesel,188.0HP 3.0L V6 Cylinder Engine Diesel Fuel,Automatic,Red,Black,None reported,Yes,"$56,500",188.0,3.0,V6,2.0
3276,3276,INFINITI,Q50 3.0t Red Sport 400,2018,51850,Gasoline,400.0HP 3.0L V6 Cylinder Engine Gasoline Fuel,Dual Shift,Black,Black,None reported,Yes,"$28,900",400.0,3.0,V6,5.0
3277,3277,Porsche,911 Carrera 4S,2002,119500,Gasoline,320.0HP 3.6L Flat 6 Cylinder Engine Gasoline Fuel,Manual,Black,Black,At least 1 accident or damage reported,Yes,"$36,995",320.0,3.6,H6,4.0
3278,3278,Ford,Expedition Max Limited,2021,30918,Gasoline,375.0HP 3.5L V6 Cylinder Engine Gasoline Fuel,Automatic,White,Beige,None reported,Yes,"$51,999",375.0,3.5,V6,8.0
3279,3279,Chevrolet,Corvette Stingray w/3LT,2023,1100,Gasoline,490.0HP 6.2L 8 Cylinder Engine Gasoline Fuel,Automatic,Gray,Beige,None reported,Yes,"$92,000",490.0,6.2,V8,2.0
3280,3280,Mercedes-Benz,C-Class C 300,2019,40000,Gasoline,255.0HP 2.0L 4 Cylinder Engine Gasoline Fuel,Automatic,Blue,Black,None reported,Yes,"$27,900",255.0,2.0,I4,5.0
3281,3281,Jeep,Grand Cherokee Limited,2005,100500,Gasoline,325.0HP 5.7L 8 Cylinder Engine Gasoline Fuel,Automatic,Black,Gray,None reported,Yes,"$9,998",325.0,5.7,V6,5.0
3282,3282,Dodge,Charger SRT Hellcat,2020,54320,Gasoline,707.0HP 6.2L 8 Cylinder Engine Gasoline Fuel,Automatic,Gray,Black,At least 1 accident or damage reported,Yes,"$67,000",707.0,6.2,V8,5.0
3283,3283,Mercedes-Benz,C-Class C 300 4MATIC,2018,49000,Gasoline,241.0HP 2.0L 4 Cylinder Engine Gasoline Fuel,Automatic,Black,Black,None reported,Yes,"$23,450",241.0,2.0,I4,5.0
3284,3284,Porsche,911 Carrera S,2020,28000,Gasoline,443.0HP 3.0L Flat 6 Cylinder Engine Gasoline Fuel,Automatic,Gray,Black,None reported,Yes,"$134,999",443.0,3.0,Flat 6,2.0
3285,3285,Porsche,911 GT3,2022,1750,Gasoline,502.0HP 4.0L Flat 6 Cylinder Engine Gasoline Fuel,Automatic,White,Black,None reported,Yes,"$275,000",502.0,4.0,H6,2.0
3286,3286,Cadillac,DTS Luxury,2007,130000,Gasoline,275.0HP 4.6L 8 Cylinder Engine Gasoline Fuel,Automatic,Gold,Beige,At least 1 accident or damage reported,Yes,"$3,499",275.0,4.6,V8,5.0
3287,3287,Maserati,Grecale Modena,2023,3721,Gasoline,2.0L I4 16V GDI DOHC Turbo,Automatic,White,Red,None reported,Yes,"$69,645",325.0,2.0,I4,5.0
3288,3288,Mercedes-Benz,S-Class S 550,2016,78101,Gasoline,449.0HP 4.7L 8 Cylinder Engine Gasoline Fuel,Automatic,Black,Black,None reported,Yes,"$34,500",449.0,4.7,V8,5.0
3289,3289,Chevrolet,Malibu 1LT,2017,54000,Gasoline,160.0HP 1.5L 4 Cylinder Engine Gasoline Fuel,Automatic,Gray,Gray,At least 1 accident or damage reported,Yes,"$16,000",160.0,1.5,I4,5.0
3290,3290,Nissan,Quest SL,2011,185000,Gasoline,260.0HP 3.5L V6 Cylinder Engine Gasoline Fuel,Automatic,White,Gray,At least 1 accident or damage reported,Yes,"$7,500",260.0,3.5,V6,7.0
3291,3291,Mercedes-Benz,SLK-Class SLK 250,2015,49000,Gasoline,201.0HP 1.8L 4 Cylinder Engine Gasoline Fuel,Automatic,Blue,Beige,None reported,Yes,"$23,500",201.0,1.8,I4,2.0
3292,3292,GMC,Sierra 2500 Denali,2024,2043,Gasoline,401.0HP 6.6L 8 Cylinder Engine Gasoline Fuel,Automatic,White,Black,None reported,Yes,"$81,500",401.0,6.6,V8,5.0
3293,3293,Lexus,RX 350 Base,2016,71750,Gasoline,295.0HP 3.5L V6 Cylinder Engine Gasoline Fuel,Automatic,Black,Brown,None reported,Yes,"$28,000",295.0,3.5,V6,5.0
3294,3294,Chevrolet,Corvette Stingray w/3LT,2020,5194,Gasoline,6.2L V8 16V GDI OHV,Automatic,Arctic White,Tension,None reported,No,"$87,500",490.0,6.2,V8,2.0
3295,3295,BMW,330 i,2019,42200,Gasoline,255.0HP 2.0L 4 Cylinder Engine Gasoline Fuel,Automatic,White,Black,None reported,Yes,"$27,500",255.0,2.0,I4,5.0
3296,3296,Mercedes-Benz,GLC 300 Base,2020,42717,Gasoline,255.0HP 2.0L 4 Cylinder Engine Gasoline Fuel,Automatic,Gold,Beige,None reported,Yes,"$33,500",255.0,2.0,I4,5.0
3297,3297,Tesla,Model S 75D,2016,102260,not defined,518.0HP Electric Motor Electric Fuel System,Automatic,White,Black,None reported,Yes,"$31,300",518.0,0.0,Electric,5.0
3298,3298,Chevrolet,Corvette Stingray w/2LT,2022,11089,Gasoline,6.2L V8 16V GDI OHV,Manual,Silver Flare Metallic,Adrenaline Red,None reported,No,"$80,900",490.0,6.2,V8,2.0
3299,3299,Jaguar,XF 25t Prestige,2018,37777,Gasoline,247.0HP 2.0L 4 Cylinder Engine Gasoline Fuel,Dual Shift,Black,Black,None reported,Yes,"$32,500",247.0,2.0,I4,5.0
3300,3300,Ford,F-150 XLT,2021,35921,Gasoline,2.7L V6 24V PDI DOHC Twin Turbo,Automatic,Antimatter Blue Metallic,Black,None reported,No,"$42,995",400.0,2.7,V6,5.0
3301,3301,Ford,Bronco Outer Banks,2023,1800,Gasoline,275.0HP 2.3L 4 Cylinder Engine Gasoline Fuel,Automatic,Gray,Blue,not defined,No,"$54,900",275.0,2.3,I4,5.0
3302,3302,Scion,FR-S Monogram,2014,163019,Gasoline,200.0HP 2.0L 4 Cylinder Engine Gasoline Fuel,Manual,Black,Black,At least 1 accident or damage reported,Yes,"$8,900",200.0,2.0,I4,2.0
3303,3303,Mercedes-Benz,C-Class C 300 4MATIC,2020,14220,Gasoline,255.0HP 2.0L 4 Cylinder Engine Gasoline Fuel,Automatic,Blue,Beige,None reported,Yes,"$35,500",255.0,2.0,I4,5.0
3304,3304,Chevrolet,Tahoe Premier,2019,48879,Gasoline,5.3L V8 16V GDI OHV,Automatic,Silver Ice Metallic,Jet Black,None reported,No,"$49,573",355.0,5.3,V8,8.0
3305,3305,BMW,M3 Base,2002,117200,Gasoline,333.0HP 3.2L Straight 6 Cylinder Engine Gasoline Fuel,Automatic,Black,Black,None reported,Yes,"$15,000",333.0,3.2,I6,4.0
3306,3306,Ford,F-150 Lariat,2016,25000,E85 Flex Fuel,385.0HP 5.0L 8 Cylinder Engine Flex Fuel Capability,Automatic,Gray,Black,None reported,Yes,"$65,000",385.0,5.0,V6,5.0
3307,3307,BMW,i3 Base w/Range Extender,2014,74500,not defined,170.0HP 0.65L Electric Motor Electric Fuel System,Automatic,White,Gray,None reported,Yes,"$11,499",170.0,0.6,Electric Motor,4.0
3308,3308,INFINITI,G37 Journey,2013,33300,Gasoline,328.0HP 3.7L V6 Cylinder Engine Gasoline Fuel,Automatic,Gray,Black,None reported,Yes,"$21,990",328.0,3.7,V6,5.0
3309,3309,Ford,Expedition XLT,2007,123921,Gasoline,300.0HP 5.4L 8 Cylinder Engine Gasoline Fuel,Automatic,White,Beige,None reported,Yes,"$6,900",300.0,5.4,V6,8.0
3310,3310,BMW,X3 sDrive30i,2021,12800,Gasoline,248.0HP 2.0L 4 Cylinder Engine Gasoline Fuel,Automatic,Blue,Blue,None reported,Yes,"$39,990",248.0,2.0,I4,5.0
3311,3311,Aston,Martin Vantage GT Base,2015,21100,Gasoline,430.0HP 4.7L 8 Cylinder Engine Gasoline Fuel,Manual,Black,Black,None reported,Yes,"$80,000",430.0,4.7,V8,2.0
3312,3312,Chevrolet,Tahoe LT,2009,104733,E85 Flex Fuel,320.0HP 5.3L 8 Cylinder Engine Flex Fuel Capability,Automatic,Black,Black,None reported,Yes,"$15,000",320.0,5.3,V8,8.0
3313,3313,Ford,Transit-250 Base,2020,53000,Gasoline,310.0HP 3.5L V6 Cylinder Engine Gasoline Fuel,Automatic,White,Black,At least 1 accident or damage reported,Yes,"$38,500",310.0,3.5,V6,5.0
3314,3314,Lexus,ES 250 Base,2021,17570,Gasoline,2.5 Liter,Automatic,Emin White,Black,None reported,No,"$39,998",203.0,2.5,I4,5.0
3315,3315,RAM,1500 Rebel,2020,63875,Hybrid,395.0HP 5.7L 8 Cylinder Engine Gasoline/Mild Electric Hybrid,Automatic,Gray,Black,At least 1 accident or damage reported,Yes,"$41,900",395.0,5.7,V8,5.0
3316,3316,Ford,Maverick XL,2023,12500,Hybrid,191.0HP 2.5L 4 Cylinder Engine Gas/Electric Hybrid,Automatic,Silver,Black,None reported,Yes,"$29,999",191.0,2.5,I4,5.0
3317,3317,BMW,Z3 3.0i Roadster,2001,103990,Gasoline,225.0HP 3.0L Straight 6 Cylinder Engine Gasoline Fuel,Manual,Black,Beige,None reported,Yes,"$10,500",225.0,3.0,I6,2.0
3318,3318,Chevrolet,Camaro 1SS,2022,7000,Gasoline,455.0HP 6.2L 8 Cylinder Engine Gasoline Fuel,Manual,Blue,Black,None reported,Yes,"$50,000",455.0,6.2,V8,4.0
3319,3319,Chevrolet,Corvette Stingray w/3LT,2023,9000,Gasoline,490.0HP 6.2L 8 Cylinder Engine Gasoline Fuel,Automatic,Blue,Black,None reported,Yes,"$92,000",490.0,6.2,V8,2.0
3320,3320,Pontiac,Solstice GXP,2007,7800,Gasoline,260.0HP 2.0L 4 Cylinder Engine Gasoline Fuel,Automatic,Silver,Black,None reported,Yes,"$19,000",260.0,2.0,I4,2.0
3321,3321,Cadillac,XTS Luxury,2017,69289,Gasoline,304.0HP 3.6L V6 Cylinder Engine Gasoline Fuel,Automatic,Gray,Black,At least 1 accident or damage reported,Yes,"$20,997",304.0,3.6,V6,5.0
3322,3322,Toyota,Highlander Limited,2011,106000,Gasoline,270.0HP 3.5L V6 Cylinder Engine Gasoline Fuel,Automatic,White,Gray,At least 1 accident or damage reported,Yes,"$16,600",270.0,3.5,V6,7.0
3323,3323,Lincoln,Navigator Reserve,2020,68000,Gasoline,450.0HP 3.5L V6 Cylinder Engine Gasoline Fuel,Automatic,Black,Gray,At least 1 accident or damage reported,Yes,"$55,999",450.0,3.5,V6,8.0
3324,3324,Toyota,Highlander Hybrid Limited Platinum,2019,13828,Hybrid,306.0HP 3.5L V6 Cylinder Engine Gas/Electric Hybrid,Automatic,Blue,Black,None reported,Yes,"$43,000",306.0,3.5,V6,7.0
3325,3325,Audi,A3 2.0T Tech Premium,2018,39600,Gasoline,220.0HP 2.0L 4 Cylinder Engine Gasoline Fuel,Dual Shift,White,Black,None reported,Yes,"$26,999",220.0,2.0,I4,5.0
3326,3326,Jeep,Wrangler SE,2003,92000,Gasoline,150.0HP 2.4L 4 Cylinder Engine Gasoline Fuel,Manual,Gold,Black,None reported,Yes,"$12,500",150.0,2.4,I4,4.0
3327,3327,Toyota,Tacoma SR,2022,5020,Gasoline,278.0HP 3.5L V6 Cylinder Engine Gasoline Fuel,Automatic,Black,Gray,None reported,Yes,"$36,500",278.0,3.5,V6,5.0
3328,3328,Chevrolet,Trailblazer SS,2007,107800,Gasoline,395.0HP 6.0L 8 Cylinder Engine Gasoline Fuel,Automatic,Black,Black,At least 1 accident or damage reported,Yes,"$15,000",395.0,6.0,V8,5.0
3329,3329,Audi,A5 2.0T Premium Plus,2019,23827,Gasoline,248.0HP 2.0L 4 Cylinder Engine Gasoline Fuel,Automatic,Gray,Black,None reported,Yes,"$34,995",248.0,2.0,I4,5.0
3330,3330,Audi,A6 55 Premium,2020,25300,Hybrid,335.0HP 3.0L V6 Cylinder Engine Gasoline/Mild Electric Hybrid,Automatic,White,Beige,None reported,Yes,"$39,900",335.0,3.0,V6,5.0
3331,3331,Mercedes-Benz,Sprinter 2500,2016,399000,Diesel,188.0HP 3.0L V6 Cylinder Engine Diesel Fuel,Automatic,Silver,–,At least 1 accident or damage reported,Yes,"$24,500",188.0,3.0,V6,5.0
3332,3332,Porsche,911 Carrera,2005,46200,Gasoline,325.0HP 3.6L Flat 6 Cylinder Engine Gasoline Fuel,Manual,Silver,Black,None reported,Yes,"$49,999",325.0,3.6,H6,2.0
3333,3333,Chevrolet,Corvette Stingray w/2LT,2022,3158,Gasoline,490.0HP 6.2L 8 Cylinder Engine Gasoline Fuel,Automatic,Red,Red,None reported,Yes,"$85,989",490.0,6.2,V8,2.0
3334,3334,GMC,Acadia SLE,2021,26000,Gasoline,228.0HP 2.0L 4 Cylinder Engine Gasoline Fuel,Automatic,White,Black,None reported,Yes,"$30,900",228.0,2.0,I4,7.0
3335,3335,Porsche,911 Carrera,2020,12758,Gasoline,379.0HP 3.0L Flat 6 Cylinder Engine Gasoline Fuel,Automatic,Silver,Black,None reported,Yes,"$107,900",379.0,3.0,H6,2.0
3336,3336,Chevrolet,Corvette Base,2007,123500,Gasoline,400.0HP 6.0L 8 Cylinder Engine Gasoline Fuel,Dual Shift,Red,Beige,At least 1 accident or damage reported,Yes,"$27,000",400.0,6.0,V8,2.0
3337,3337,Ford,Mustang GT Premium,2018,26840,Gasoline,460.0HP 5.0L 8 Cylinder Engine Gasoline Fuel,Manual,White,Black,None reported,Yes,"$42,500",460.0,5.0,V8,4.0
3338,3338,Ford,Edge SEL,2021,17836,Gasoline,2.0L I4 16V GDI DOHC Turbo,Automatic,Silver,Ebony,None reported,Yes,"$31,933",250.0,2.0,I4,5.0
3339,3339,Cadillac,Escalade Luxury,2012,114500,E85 Flex Fuel,403.0HP 6.2L 8 Cylinder Engine Flex Fuel Capability,Automatic,Black,Black,None reported,Yes,"$16,100",403.0,6.2,V8,7.0
3340,3340,Chevrolet,Corvette Stingray w/3LT,2022,5400,Gasoline,490.0HP 6.2L 8 Cylinder Engine Gasoline Fuel,Automatic,White,Black,None reported,Yes,"$89,900",490.0,6.2,V8,2.0
3341,3341,Toyota,Corolla LE,2016,17500,Gasoline,132.0HP 1.8L 4 Cylinder Engine Gasoline Fuel,Automatic,Red,Gray,None reported,Yes,"$15,100",132.0,1.8,I4,5.0
3342,3342,Chevrolet,Express 2500 Work Van,2017,56000,Gasoline,285.0HP 4.8L 8 Cylinder Engine Gasoline Fuel,Automatic,Blue,–,None reported,Yes,"$44,600",285.0,4.8,V8,2.0
3343,3343,Chevrolet,Trax LS,2020,20800,Gasoline,138.0HP 1.4L 4 Cylinder Engine Gasoline Fuel,Automatic,Black,Beige,None reported,Yes,"$19,000",138.0,1.4,I4,5.0
3344,3344,Volkswagen,Golf Auto TSI S,2015,107543,Gasoline,170.0HP 1.8L 4 Cylinder Engine Gasoline Fuel,Dual Shift,Black,Black,None reported,Yes,"$13,200",170.0,1.8,I4,5.0
3345,3345,Nissan,Pathfinder Silver,2012,206000,Gasoline,266.0HP 4.0L V6 Cylinder Engine Gasoline Fuel,Dual Shift,Black,Black,None reported,Yes,"$5,000",266.0,4.0,V6,7.0
3346,3346,Ford,F-150 Platinum,2018,37100,E85 Flex Fuel,395.0HP 5.0L 8 Cylinder Engine Flex Fuel Capability,Automatic,Black,Black,None reported,Yes,"$46,000",395.0,5.0,V8,5.0
3347,3347,Land,Rover Range Rover Velar P380 SE R-Dynamic,2019,19813,Gasoline,380.0HP 3.0L V6 Cylinder Engine Gasoline Fuel,Automatic,Silver,Beige,None reported,Yes,"$51,900",380.0,3.0,V6,5.0
3348,3348,Kia,Sportage LX,2010,208321,Gasoline,173.0HP 2.7L V6 Cylinder Engine Gasoline Fuel,Automatic,White,Beige,None reported,Yes,"$3,500",173.0,2.7,V6,5.0
3349,3349,Lexus,LS 460 Base,2012,200000,Gasoline,380.0HP 4.6L 8 Cylinder Engine Gasoline Fuel,Dual Shift,White,Beige,At least 1 accident or damage reported,Yes,"$9,995",380.0,4.6,V8,5.0
3350,3350,MINI,Cooper S Base,2012,66000,Gasoline,181.0HP 1.6L 4 Cylinder Engine Gasoline Fuel,Automatic,White,Black,None reported,Yes,"$10,999",181.0,1.6,I4,4.0
3351,3351,Bentley,Bentayga Activity Edition,2018,41000,Gasoline,600.0HP 6.0L 12 Cylinder Engine Gasoline Fuel,Automatic,Gray,Gray,None reported,Yes,"$113,000",600.0,6.0,V12,5.0
3352,3352,Volvo,XC60 T6 Inscription,2019,20623,Gasoline,330.0HP 2.0L 4 Cylinder Engine Gasoline Fuel,Automatic,Silver,Black,None reported,Yes,"$36,800",330.0,2.0,I4,5.0
3353,3353,Ford,Explorer Limited,2018,86000,Gasoline,290.0HP 3.5L V6 Cylinder Engine Gasoline Fuel,Dual Shift,Black,Black,None reported,Yes,"$26,900",290.0,3.5,V6,7.0
3354,3354,Porsche,Cayenne Turbo GT,2022,1766,Gasoline,4.0L,Automatic,Custom Color,Black,None reported,No,"$209,995",631.0,4.0,V8,5.0
3355,3355,Mercedes-Benz,G-Class G 550 4MATIC,2016,51354,Gasoline,416.0HP 4.0L 8 Cylinder Engine Gasoline Fuel,Automatic,Blue,Black,None reported,Yes,"$73,000",416.0,4.0,V8,5.0
3356,3356,Jeep,Wrangler Unlimited Rubicon 392,2021,38000,Gasoline,470.0HP 6.4L 8 Cylinder Engine Gasoline Fuel,Dual Shift,Gray,Black,None reported,Yes,"$72,980",470.0,6.4,V8,4.0
3357,3357,Toyota,Avalon Hybrid XLE Premium,2015,161000,Hybrid,200.0HP 2.5L 4 Cylinder Engine Gas/Electric Hybrid,Automatic,Blue,Gray,None reported,Yes,"$11,500",200.0,2.5,I4,5.0
3358,3358,Nissan,Juke SL,2012,74750,Gasoline,188.0HP 1.6L 4 Cylinder Engine Gasoline Fuel,Automatic,Black,Black,None reported,Yes,"$12,500",188.0,1.6,I4,4.0
3359,3359,Porsche,911 Carrera 4,2013,67522,Gasoline,350.0HP 3.4L Flat 6 Cylinder Engine Gasoline Fuel,Automatic,Gray,Black,At least 1 accident or damage reported,Yes,"$59,500",350.0,3.4,Flat 6,2.0
3360,3360,MINI,Cooper S Base,2012,152000,Gasoline,181.0HP 1.6L 4 Cylinder Engine Gasoline Fuel,Automatic,White,Black,None reported,Yes,"$9,000",181.0,1.6,I4,4.0
3361,3361,Subaru,Ascent Touring 7-Passenger,2019,71273,Gasoline,260.0HP 2.4L 4 Cylinder Engine Gasoline Fuel,Automatic,Black,Brown,None reported,Yes,"$23,900",260.0,2.4,I4,7.0
3362,3362,Subaru,WRX STI Base,2017,37800,Gasoline,305.0HP 2.5L 4 Cylinder Engine Gasoline Fuel,Manual,Blue,Black,None reported,Yes,"$32,500",305.0,2.5,I4,5.0
3363,3363,Land,Rover Range Rover Sport HSE,2019,42000,Gasoline,340.0HP 3.0L V6 Cylinder Engine Gasoline Fuel,Dual Shift,White,Black,None reported,Yes,"$48,990",340.0,3.0,V6,5.0
3364,3364,Kia,Sorento Plug-In Hybrid SX Prestige,2022,10101,Plug-In Hybrid,261.0HP 1.6L 4 Cylinder Engine Plug-In Electric/Gas,Automatic,White,–,None reported,Yes,"$44,990",261.0,1.6,I4,5.0
3365,3365,Chevrolet,Corvette Stingray w/2LT,2022,7900,Gasoline,490.0HP 6.2L 8 Cylinder Engine Gasoline Fuel,Automatic,White,Red,None reported,Yes,"$92,500",490.0,6.2,V8,2.0
3366,3366,Tesla,Model 3 Performance,2020,45468,not defined,455.0HP Electric Motor Electric Fuel System,Automatic,Silver,White,None reported,Yes,"$45,999",455.0,0.0,Electric,5.0
3367,3367,Nissan,Armada SV,2017,187141,Gasoline,390.0HP 5.6L 8 Cylinder Engine Gasoline Fuel,Automatic,Black,Black,None reported,Yes,"$16,995",390.0,5.6,V8,8.0
3368,3368,Porsche,Cayenne Turbo S,2014,99100,Gasoline,550.0HP 4.8L 8 Cylinder Engine Gasoline Fuel,Automatic,White,Black,None reported,Yes,"$32,000",550.0,4.8,V8,5.0
3369,3369,Subaru,Outback Touring XT,2021,33500,Gasoline,260.0HP 2.4L 4 Cylinder Engine Gasoline Fuel,Automatic,Blue,Brown,None reported,Yes,"$34,000",260.0,2.4,I4,5.0
3370,3370,Acura,RLX Advance Package,2016,102665,Gasoline,310.0HP 3.5L V6 Cylinder Engine Gasoline Fuel,Automatic,Black,Black,None reported,Yes,"$15,450",310.0,3.5,V6,5.0
3371,3371,Ford,Mustang GT,2001,52675,Gasoline,260.0HP 4.6L 8 Cylinder Engine Gasoline Fuel,Manual,Black,Black,None reported,Yes,"$16,995",260.0,4.6,V8,4.0
3372,3372,BMW,330 i xDrive,2017,59203,Gasoline,248.0HP 2.0L 4 Cylinder Engine Gasoline Fuel,Automatic,White,–,None reported,Yes,"$23,000",248.0,2.0,I4,5.0
3373,3373,Mercedes-Benz,SL-Class SL550 Roadster,2009,60100,Gasoline,382.0HP 5.5L 8 Cylinder Engine Gasoline Fuel,Automatic,Black,Black,None reported,Yes,"$27,000",382.0,5.5,V8,2.0
3374,3374,Audi,SQ8 4.0T Premium Plus,2021,43238,Gasoline,500.0HP 4.0L 8 Cylinder Engine Gasoline Fuel,Dual Shift,Black,Red,None reported,Yes,"$76,400",500.0,4.0,V8,5.0
3375,3375,MINI,Cooper S Base,2007,118000,Gasoline,172.0HP 1.6L 4 Cylinder Engine Gasoline Fuel,Automatic,Beige,Black,None reported,Yes,"$3,600",172.0,1.6,I4,4.0
3376,3376,Ford,Mustang EcoBoost,2021,17300,Gasoline,310.0HP 2.3L 4 Cylinder Engine Gasoline Fuel,Automatic,Yellow,Black,None reported,Yes,"$31,000",310.0,2.3,I4,4.0
3377,3377,Audi,RS 7 4.0T Prestige,2016,64800,Gasoline,560.0HP 4.0L 8 Cylinder Engine Gasoline Fuel,Automatic,White,Brown,None reported,Yes,"$50,000",560.0,4.0,V8,5.0
3378,3378,Mercedes-Benz,GLC 300 GLC 300,2022,1408,Gasoline,2.0 Liter Turbo,Automatic,Lunar Blue Metallic,–,None reported,No,"$46,798",255.0,2.0,I4,5.0
3379,3379,Volkswagen,Touareg TDI Lux,2015,15167,Diesel,240.0HP 3.0L V6 Cylinder Engine Diesel Fuel,Automatic,Gold,Black,None reported,Yes,"$35,000",240.0,3.0,V6,5.0
3380,3380,Porsche,Cayenne GTS,2016,64600,Gasoline,440.0HP 3.6L V6 Cylinder Engine Gasoline Fuel,Automatic,White,Red,None reported,Yes,"$41,000",440.0,3.6,V6,5.0
3381,3381,Jeep,Grand Wagoneer Series III,2022,31112,Gasoline,471.0HP 6.4L 8 Cylinder Engine Gasoline Fuel,Automatic,Black,Black,None reported,Yes,"$83,000",471.0,6.4,V8,7.0
3382,3382,Tesla,Model X 100D,2018,23250,not defined,518.0HP Electric Motor Electric Fuel System,Automatic,Gray,White,None reported,Yes,"$57,000",518.0,0.0,Electric,7.0
3383,3383,MINI,Cooper S Base,2011,63500,Gasoline,181.0HP 1.6L 4 Cylinder Engine Gasoline Fuel,Manual,Silver,Black,None reported,Yes,"$10,500",181.0,1.6,I4,4.0
3384,3384,RAM,1500 Laramie,2022,13464,Gasoline,5.7L V8 16V MPFI OHV,Automatic,Diamond Black,Black,None reported,No,"$46,999",395.0,5.7,V8,5.0
3385,3385,Chevrolet,Camaro Base,2001,64776,Gasoline,200.0HP 3.8L V6 Cylinder Engine Gasoline Fuel,Automatic,Black,Gray,None reported,Yes,"$7,500",200.0,3.8,V6,4.0
3386,3386,Jeep,Cherokee X,2022,9601,Gasoline,3.2L V6 24V MPFI DOHC,Automatic,Sting Gray Clearcoat,Black,None reported,No,"$33,498",271.0,3.2,V6,5.0
3387,3387,BMW,ALPINA B7 xDrive,2013,135000,Gasoline,445.0HP 4.4L 8 Cylinder Engine Gasoline Fuel,Automatic,Black,Black,At least 1 accident or damage reported,Yes,"$14,000",445.0,4.4,V8,5.0
3388,3388,Volvo,XC90 3.2 Premier Plus,2013,208864,Gasoline,240.0HP 3.2L Straight 6 Cylinder Engine Gasoline Fuel,Automatic,White,Beige,At least 1 accident or damage reported,Yes,"$7,500",240.0,3.2,I6,7.0
3389,3389,INFINITI,Q50 3.0T Premium,2016,49872,Gasoline,300.0HP 3.0L V6 Cylinder Engine Gasoline Fuel,Automatic,Gray,Black,At least 1 accident or damage reported,Yes,"$21,500",300.0,3.0,V6,5.0
3390,3390,MINI,Cooper Base,2009,90367,Gasoline,118.0HP 1.6L 4 Cylinder Engine Gasoline Fuel,Manual,Red,Black,None reported,Yes,"$9,250",118.0,1.6,I4,4.0
3391,3391,Porsche,911 Carrera 4S,2014,36670,Gasoline,400.0HP 3.8L Flat 6 Cylinder Engine Gasoline Fuel,Dual Shift,White,Black,None reported,Yes,"$82,499",400.0,3.8,H6,4.0
3392,3392,Jeep,Grand Wagoneer Base,2023,3752,Gasoline,6.4L V8 16V MPFI OHV,Automatic,Ember Pearlcoat,Global Black,None reported,Yes,"$84,620",471.0,6.4,V8,7.0
3393,3393,Lexus,RX 350 Base,2021,30761,Gasoline,3.5L V6 24V PDI DOHC,Automatic,Eminent White Pearl,Black,None reported,No,"$44,950",295.0,3.5,V6,5.0
3394,3394,RAM,1500 Laramie,2022,13438,Gasoline,5.7L V8 16V MPFI OHV,Automatic,Diamond Black,Black,None reported,No,"$46,599",395.0,5.7,V8,5.0
3395,3395,Jeep,Gladiator Overland,2020,9100,Gasoline,285.0HP 3.6L V6 Cylinder Engine Gasoline Fuel,Automatic,Red,Black,None reported,Yes,"$49,895",285.0,3.6,V6,5.0
3396,3396,Chrysler,200 Limited,2017,100600,not defined,–,Automatic,Black,Black,None reported,Yes,"$10,000",184.0,2.4,I4,5.0
3397,3397,Ford,Fusion Hybrid Base,2011,223824,Hybrid,156.0HP 2.5L 4 Cylinder Engine Gas/Electric Hybrid,Automatic,White,Brown,At least 1 accident or damage reported,Yes,"$4,500",156.0,2.5,I4,5.0
3398,3398,Audi,A6 2.0T Premium Plus,2016,96000,Gasoline,252.0HP 2.0L 4 Cylinder Engine Gasoline Fuel,Automatic,Black,Black,None reported,Yes,"$21,990",252.0,2.0,I4,5.0
3399,3399,Chevrolet,Silverado 1500 Z71 Extended Cab,2004,185000,Gasoline,295.0HP 5.3L 8 Cylinder Engine Gasoline Fuel,Automatic,Red,Gray,At least 1 accident or damage reported,Yes,"$10,500",295.0,5.3,V8,5.0
3400,3400,Porsche,Taycan Base,2021,6900,not defined,375.0HP Electric Motor Electric Fuel System,Automatic,White,Beige,None reported,Yes,"$79,999",375.0,4.4,V8,4.0
3401,3401,Honda,Accord Hybrid Touring,2017,96400,Hybrid,212.0HP 2.0L 4 Cylinder Engine Gas/Electric Hybrid,Automatic,White,Beige,At least 1 accident or damage reported,Yes,"$18,500",212.0,2.0,I4,5.0
3402,3402,RAM,2500 SLT,2018,67865,Gasoline,410.0HP 6.4L 8 Cylinder Engine Gasoline Fuel,Automatic,White,Gray,None reported,Yes,"$36,500",410.0,6.4,I6,5.0
3403,3403,Land,Rover Range Rover Sport Supercharged,2015,64300,E85 Flex Fuel,550.0HP 5.0L 8 Cylinder Engine Flex Fuel Capability,Dual Shift,Blue,Black,None reported,Yes,"$44,850",550.0,5.0,V8,5.0
3404,3404,Chevrolet,Colorado ZR2,2018,76500,Gasoline,308.0HP 3.6L V6 Cylinder Engine Gasoline Fuel,Automatic,White,Black,None reported,Yes,"$33,500",308.0,3.6,V6,5.0
3405,3405,GMC,Sierra 2500 Denali,2017,96343,Diesel,445.0HP 6.6L 8 Cylinder Engine Diesel Fuel,Automatic,Blue,Beige,At least 1 accident or damage reported,Yes,"$53,000",445.0,6.6,V8,5.0
3406,3406,Subaru,Crosstrek 2.0i Limited,2018,74600,Gasoline,152.0HP 2.0L 4 Cylinder Engine Gasoline Fuel,Dual Shift,Blue,Black,None reported,Yes,"$24,000",152.0,2.0,I4,5.0
3407,3407,Subaru,Outback 2.5i Limited,2014,157530,Gasoline,2.5L H4 16V MPFI DOHC,Automatic,Twilight Blue Metallic,Black,At least 1 accident or damage reported,Yes,"$9,995",175.0,2.5,H4,5.0
3408,3408,Tesla,Model X Plaid,2022,15000,not defined,1020.0HP Electric Motor Electric Fuel System,Automatic,White,White,None reported,Yes,"$95,999",1020.0,0.0,Electric,7.0
3409,3409,Jeep,Wrangler Unlimited Rubicon,2012,80000,Gasoline,285.0HP 3.6L V6 Cylinder Engine Gasoline Fuel,Automatic,Orange,Black,None reported,Yes,"$30,000",285.0,3.6,V6,5.0
3410,3410,Tesla,Model S 100D,2018,83424,not defined,518.0HP Electric Motor Electric Fuel System,Automatic,Gray,Beige,None reported,Yes,"$45,000",518.0,0.0,Electric,5.0
3411,3411,Mercedes-Benz,C-Class C 300 4MATIC,2021,19000,Gasoline,255.0HP 2.0L 4 Cylinder Engine Gasoline Fuel,Automatic,Blue,Beige,None reported,Yes,"$37,999",255.0,2.0,I4,5.0
3412,3412,Porsche,911 Carrera S,2013,64000,Gasoline,400.0HP 3.8L Flat 6 Cylinder Engine Gasoline Fuel,Automatic,Gray,Black,At least 1 accident or damage reported,Yes,"$67,000",400.0,3.8,Flat 6,2.0
3413,3413,Mercedes-Benz,GLS 450 Base 4MATIC,2019,34068,Gasoline,362.0HP 3.0L V6 Cylinder Engine Gasoline Fuel,Automatic,White,Beige,None reported,Yes,"$46,900",362.0,3.0,V6,7.0
3414,3414,Buick,Envision Preferred,2021,20104,Gasoline,2.0L I4 16V GDI DOHC Turbo,Automatic,Burnished Bronze Metallic,Ebony,None reported,Yes,"$33,295",197.0,2.0,I4,5.0
3415,3415,Nissan,Armada Platinum,2022,8400,Gasoline,400.0HP 5.6L 8 Cylinder Engine Gasoline Fuel,Automatic,Red,Beige,None reported,Yes,"$59,950",400.0,5.6,V8,8.0
3416,3416,Porsche,911 Turbo,2021,11938,Gasoline,572.0HP 3.8L Flat 6 Cylinder Engine Gasoline Fuel,Dual Shift,Black,–,not defined,No,"$209,000",572.0,3.8,Flat 6,2.0
3417,3417,Chevrolet,Corvette Stingray w/2LT,2021,24670,Gasoline,490.0HP 6.2L 8 Cylinder Engine Gasoline Fuel,Dual Shift,White,Brown,None reported,Yes,"$72,500",490.0,6.2,V8,2.0
3418,3418,Ford,Mustang Shelby GT500,2013,16478,Gasoline,650.0HP 5.8L 8 Cylinder Engine Gasoline Fuel,Manual,White,Black,None reported,Yes,"$66,400",650.0,5.8,V8,2.0
3419,3419,Ford,F-150 XL,2018,52500,E85 Flex Fuel,395.0HP 5.0L 8 Cylinder Engine Flex Fuel Capability,Automatic,Gray,Gray,None reported,Yes,"$35,000",395.0,5.0,V8,5.0
3420,3420,Porsche,Cayenne Turbo,2004,92500,Gasoline,450.0HP 4.5L 8 Cylinder Engine Gasoline Fuel,Dual Shift,Silver,Black,None reported,Yes,"$12,000",450.0,4.5,V8,5.0
3421,3421,Mitsubishi,Eclipse Spyder GT,2008,62930,Gasoline,260.0HP 3.8L V6 Cylinder Engine Gasoline Fuel,Automatic,Gray,Black,At least 1 accident or damage reported,Yes,"$10,000",260.0,3.8,V6,4.0
3422,3422,Lexus,GX 470 Base,2007,116600,Gasoline,263.0HP 4.7L 8 Cylinder Engine Gasoline Fuel,Automatic,White,Gray,None reported,Yes,"$19,975",263.0,4.7,V8,7.0
3423,3423,Dodge,Dakota Big Horn/Lone Star,2010,172024,Gasoline,210.0HP 3.7L V6 Cylinder Engine Gasoline Fuel,Automatic,Red,Brown,At least 1 accident or damage reported,Yes,"$7,500",210.0,3.7,V6,5.0
3424,3424,Jeep,Wrangler Sport,2012,57237,Gasoline,285.0HP 3.6L V6 Cylinder Engine Gasoline Fuel,Automatic,Black,Black,None reported,Yes,"$22,500",285.0,3.6,V6,5.0
3425,3425,Subaru,Outback Limited,2020,44600,Gasoline,182.0HP 2.5L 4 Cylinder Engine Gasoline Fuel,Automatic,Silver,Gray,None reported,Yes,"$28,300",182.0,2.5,H4,5.0
3426,3426,Jeep,Wrangler Unlimited Rubicon,2013,181830,Gasoline,285.0HP 3.6L V6 Cylinder Engine Gasoline Fuel,Manual,Black,Black,None reported,Yes,"$21,000",285.0,3.6,V6,5.0
3427,3427,Subaru,Ascent Touring 7-Passenger,2021,39948,Gasoline,2.4L H4 16V GDI DOHC Turbo,Automatic,Ice Silver Metallic,Black,None reported,Yes,"$36,791",260.0,2.4,H4,7.0
3428,3428,Ford,F-350 XL,2017,156453,Diesel,440.0HP 6.7L 8 Cylinder Engine Diesel Fuel,Automatic,White,Beige,None reported,Yes,"$40,000",440.0,6.7,V8,5.0
3429,3429,Porsche,Cayenne Turbo S,2014,156193,Gasoline,550.0HP 4.8L 8 Cylinder Engine Gasoline Fuel,Automatic,Silver,Black,None reported,Yes,"$36,000",550.0,4.8,V8,5.0
3430,3430,BMW,X1 xDrive28i,2020,27989,Gasoline,228.0HP 2.0L 4 Cylinder Engine Gasoline Fuel,Automatic,Gray,Black,None reported,Yes,"$29,000",228.0,2.0,I4,5.0
3431,3431,Toyota,4Runner Limited,2014,146700,Gasoline,270.0HP 4.0L V6 Cylinder Engine Gasoline Fuel,Automatic,Blue,Black,At least 1 accident or damage reported,Yes,"$24,999",270.0,4.0,V6,5.0
3432,3432,GMC,Yukon Denali,2019,88450,Gasoline,420.0HP 6.2L 8 Cylinder Engine Gasoline Fuel,Automatic,Black,Beige,At least 1 accident or damage reported,Yes,"$42,900",420.0,6.2,V8,7.0
3433,3433,Toyota,C-HR LE,2020,14065,Gasoline,2.0L I4 16V MPFI DOHC,Automatic,Gray,Black,At least 1 accident or damage reported,Yes,"$27,671",144.0,2.0,I4,5.0
3434,3434,Subaru,Outback Limited XT,2020,36844,Gasoline,2.4L H4 16V GDI DOHC Turbo,Automatic,Magnetite Gray Metallic,Black,At least 1 accident or damage reported,No,"$30,427",260.0,2.4,H4,5.0
3435,3435,Chevrolet,Silverado 1500 LT Trail Boss,2020,49000,Gasoline,355.0HP 5.3L 8 Cylinder Engine Gasoline Fuel,Automatic,White,Black,None reported,Yes,"$44,900",355.0,5.3,V8,5.0
3436,3436,BMW,X5 xDrive50i,2013,58000,Gasoline,400.0HP 4.4L 8 Cylinder Engine Gasoline Fuel,Automatic,White,Black,None reported,Yes,"$17,900",400.0,4.4,V8,5.0
3437,3437,Audi,A6 55 Prestige,2021,22800,Hybrid,335.0HP 3.0L V6 Cylinder Engine Gasoline/Mild Electric Hybrid,Automatic,Blue,Brown,None reported,Yes,"$52,000",335.0,3.0,V6,5.0
3438,3438,Subaru,Outback 2.5i Limited,2014,78007,Gasoline,173.0HP 2.5L 4 Cylinder Engine Gasoline Fuel,Automatic,Blue,Black,None reported,Yes,"$14,750",173.0,2.5,I4,5.0
3439,3439,Ford,F-250 King Ranch,2020,36500,Diesel,475.0HP 6.7L 8 Cylinder Engine Diesel Fuel,Automatic,Gray,Brown,None reported,Yes,"$69,900",475.0,6.7,V8,5.0
3440,3440,Honda,CR-V EX,2004,156350,Gasoline,160.0HP 2.4L 4 Cylinder Engine Gasoline Fuel,Automatic,Brown,Beige,At least 1 accident or damage reported,Yes,"$3,990",160.0,2.4,I4,5.0
3441,3441,Lexus,GX 460 Luxury,2021,17710,Gasoline,301.0HP 4.6L 8 Cylinder Engine Gasoline Fuel,Automatic,White,Red,None reported,Yes,"$59,000",301.0,4.6,V8,7.0
3442,3442,Ford,Explorer XLT,2013,149000,Gasoline,290.0HP 3.5L V6 Cylinder Engine Gasoline Fuel,Automatic,Brown,Beige,At least 1 accident or damage reported,Yes,"$7,850",290.0,3.5,V6,7.0
3443,3443,Subaru,Forester 2.5i Limited,2015,90000,Gasoline,170.0HP 2.5L 4 Cylinder Engine Gasoline Fuel,Automatic,Silver,Gray,None reported,Yes,"$16,000",170.0,2.5,I4,5.0
3444,3444,Ford,Bronco Wildtrak Advanced,2022,9990,Gasoline,315.0HP 2.7L V6 Cylinder Engine Gasoline Fuel,Dual Shift,Silver,Black,None reported,Yes,"$64,500",315.0,2.7,V6,5.0
3445,3445,Mercedes-Benz,A-Class A 220 4MATIC,2019,28663,Gasoline,2.0L I4 16V GDI DOHC Turbo,Automatic,Jupiter Red,Black,None reported,No,"$29,500",188.0,2.0,I4,5.0
3446,3446,Lexus,NX 200t Base,2015,124250,Gasoline,235.0HP 2.0L 4 Cylinder Engine Gasoline Fuel,Automatic,Gray,Orange,At least 1 accident or damage reported,Yes,"$17,900",235.0,2.0,I4,5.0
3447,3447,Ford,F-250 Lariat,2017,50780,Diesel,440.0HP 6.7L 8 Cylinder Engine Diesel Fuel,Automatic,White,Black,None reported,Yes,"$61,000",440.0,6.7,V8,5.0
3448,3448,Porsche,911 Carrera C4S,2006,65000,Gasoline,355.0HP 3.8L Flat 6 Cylinder Engine Gasoline Fuel,Manual,Blue,Gray,not defined,No,"$43,000",355.0,3.8,Flat 6,4.0
3449,3449,Tesla,Model 3 Long Range,2022,22457,not defined,Electric,Automatic,Midnight Silver Metallic,Black,None reported,No,"$40,036",346.0,0.0,Electric,5.0
3450,3450,Toyota,Camry XSE,2022,19361,Gasoline,3.5 Liter,Automatic,Red,Black,None reported,No,"$38,298",301.0,3.5,V6,5.0
3451,3451,BMW,i3 94 Ah,2017,43000,not defined,170.0HP 0.65L Electric Motor Electric Fuel System,Automatic,Black,–,None reported,Yes,"$16,500",170.0,0.6,Electric Motor,4.0
3452,3452,Ford,F-250 XL SuperCab H/D,1993,115000,not defined,–,Automatic,Red,Gray,None reported,Yes,"$21,900",385.0,6.2,V8,5.0
3453,3453,Porsche,Taycan Turbo,2020,2076,not defined,Electric,Automatic,Gray,Red,None reported,No,"$115,998",616.0,0.0,Electric,4.0
3454,3454,Porsche,911 GT3,2018,9712,Gasoline,4.0L H6 24V GDI DOHC,Automatic,Red,Black,None reported,No,"$188,900",502.0,4.0,H6,2.0
3455,3455,Mercedes-Benz,E-Class E55 AMG,2005,131000,Gasoline,469.0HP 5.4L 8 Cylinder Engine Gasoline Fuel,Automatic,Gray,Black,None reported,Yes,"$16,500",469.0,5.4,V8,5.0
3456,3456,Toyota,Highlander XLE,2022,31000,Gasoline,295.0HP 3.5L V6 Cylinder Engine Gasoline Fuel,Dual Shift,Gray,Gray,None reported,Yes,"$43,000",295.0,3.5,V6,7.0
3457,3457,Volvo,S60 Recharge Plug-In Hybrid T8 Inscription,2021,24158,Plug-In Hybrid,400.0HP 2.0L 4 Cylinder Engine Plug-In Electric/Gas,Automatic,Gray,Black,None reported,Yes,"$44,900",400.0,2.0,I4,5.0
3458,3458,Audi,A6 3.0T Premium Plus,2016,72865,Gasoline,333.0HP 3.0L V6 Cylinder Engine Gasoline Fuel,Automatic,Black,Black,At least 1 accident or damage reported,Yes,"$22,000",333.0,3.0,V6,5.0
3459,3459,Mercedes-Benz,E-Class E 350 4MATIC,2014,89563,Gasoline,302.0HP 3.5L V6 Cylinder Engine Gasoline Fuel,Automatic,Blue,Black,None reported,Yes,"$18,995",302.0,3.5,V6,5.0
3460,3460,Nissan,Juke SL,2012,72639,Gasoline,188.0HP 1.6L 4 Cylinder Engine Gasoline Fuel,Automatic,Black,Black,At least 1 accident or damage reported,Yes,"$15,000",188.0,1.6,I4,4.0
3461,3461,Mercedes-Benz,CLS-Class CLS 550,2012,79000,Gasoline,402.0HP 4.6L 8 Cylinder Engine Gasoline Fuel,Automatic,Black,Black,None reported,Yes,"$19,999",402.0,4.6,V8,5.0
3462,3462,Audi,A3 2.0T Premium,2012,111564,Gasoline,200.0HP 2.0L 4 Cylinder Engine Gasoline Fuel,Automatic,White,Black,None reported,Yes,"$11,200",200.0,2.0,I4,5.0
3463,3463,Lexus,GX 460 Base,2018,75000,Gasoline,301.0HP 4.6L 8 Cylinder Engine Gasoline Fuel,Automatic,White,Beige,At least 1 accident or damage reported,Yes,"$38,095",301.0,4.6,V8,5.0
3464,3464,Ford,Mustang Premium,2007,169613,Gasoline,210.0HP 4.0L V6 Cylinder Engine Gasoline Fuel,Automatic,Black,Black,At least 1 accident or damage reported,Yes,"$5,900",210.0,4.0,V6,4.0
3465,3465,Honda,Pilot EX-L,2011,175000,Gasoline,250.0HP 3.5L V6 Cylinder Engine Gasoline Fuel,Automatic,Black,Gray,None reported,Yes,"$9,000",250.0,3.5,V6,8.0
3466,3466,BMW,540 i,2017,98500,Gasoline,335.0HP 3.0L Straight 6 Cylinder Engine Gasoline Fuel,Automatic,Black,Black,None reported,Yes,"$24,500",335.0,3.0,I6,5.0
3467,3467,Chrysler,300 S,2012,53000,Gasoline,292.0HP 3.6L V6 Cylinder Engine Gasoline Fuel,Dual Shift,Black,Black,At least 1 accident or damage reported,Yes,"$13,750",292.0,3.6,V6,5.0
3468,3468,RAM,2500 Longhorn,2015,72200,Diesel,370.0HP 6.7L Straight 6 Cylinder Engine Diesel Fuel,Automatic,Black,Black,None reported,Yes,"$52,500",370.0,6.7,I6,5.0
3469,3469,Acura,TSX Base,2005,151600,Gasoline,200.0HP 2.4L 4 Cylinder Engine Gasoline Fuel,Manual,Black,Black,None reported,Yes,"$7,899",200.0,2.4,I4,5.0
3470,3470,Lotus,Evora 2+2,2011,20000,Gasoline,276.0HP 3.5L V6 Cylinder Engine Gasoline Fuel,Manual,White,Red,None reported,Yes,"$51,000",276.0,3.5,V6,2.0
3471,3471,Chevrolet,Avalanche 1500 LT,2010,170000,E85 Flex Fuel,320.0HP 5.3L 8 Cylinder Engine Flex Fuel Capability,Automatic,Black,Black,At least 1 accident or damage reported,Yes,"$9,000",320.0,5.3,V8,5.0
3472,3472,Ford,F-150 XLT,2019,69800,E85 Flex Fuel,395.0HP 5.0L 8 Cylinder Engine Flex Fuel Capability,Automatic,Silver,Gray,None reported,Yes,"$34,600",395.0,5.0,V6,5.0
3473,3473,Toyota,Tundra SR5,2020,26300,Gasoline,381.0HP 5.7L 8 Cylinder Engine Gasoline Fuel,Automatic,Gray,Gray,At least 1 accident or damage reported,Yes,"$46,199",381.0,5.7,V6,5.0
3474,3474,Honda,Fit Sport,2007,156111,Gasoline,109.0HP 1.5L 4 Cylinder Engine Gasoline Fuel,Dual Shift,Red,Black,At least 1 accident or damage reported,Yes,"$5,200",109.0,1.5,I4,5.0
3475,3475,Chevrolet,Silverado 2500 LTZ,2016,172600,Diesel,397.0HP 6.6L 8 Cylinder Engine Diesel Fuel,Automatic,Red,Black,At least 1 accident or damage reported,Yes,"$32,500",397.0,6.6,V8,5.0
3476,3476,Honda,Accord Crosstour EX-L,2010,145000,Gasoline,271.0HP 3.5L V6 Cylinder Engine Gasoline Fuel,Automatic,Green,Black,None reported,Yes,"$9,000",271.0,3.5,V6,5.0
3477,3477,Ford,F-250 XLT Super Duty,2001,64309,Gasoline,260.0HP 5.4L 8 Cylinder Engine Gasoline Fuel,Automatic,White,Gray,None reported,Yes,"$7,500",260.0,5.4,V8,5.0
3478,3478,RAM,1500 TRX,2021,15183,Gasoline,702.0HP 6.2L 8 Cylinder Engine Gasoline Fuel,Automatic,Black,Black,None reported,Yes,"$90,000",702.0,6.2,V8,5.0
3479,3479,Buick,Envision Essence,2020,28548,Gasoline,2.5L I4 16V GDI DOHC,Automatic,Ebony Twilight Metallic,Ebony,None reported,No,"$32,063",197.0,2.5,I4,5.0
3480,3480,Volkswagen,Atlas 3.6L SEL Premium R-Line,2022,14000,Gasoline,276.0HP 3.6L V6 Cylinder Engine Gasoline Fuel,Automatic,Gray,Black,None reported,Yes,"$46,900",276.0,3.6,V6,7.0
3481,3481,Mercedes-Benz,CLS 450 Base,2019,67000,Hybrid,369.0HP 3.0L Straight 6 Cylinder Engine Gasoline/Mild Electric Hybrid,Dual Shift,Yellow,Black,None reported,Yes,"$44,500",369.0,3.0,I6,5.0
3482,3482,Jeep,Wrangler Unlimited Sport,2017,84786,Gasoline,285.0HP 3.6L V6 Cylinder Engine Gasoline Fuel,Automatic,Gray,Black,None reported,Yes,"$23,500",285.0,3.6,V6,5.0
3483,3483,Mercedes-Benz,S-Class S 63 AMG,2008,93000,Gasoline,518.0HP 6.2L 8 Cylinder Engine Gasoline Fuel,Automatic,Black,Black,None reported,Yes,"$17,800",518.0,6.2,V8,5.0
3484,3484,Hyundai,Genesis Coupe 3.8 Track,2010,127500,Gasoline,306.0HP 3.8L V6 Cylinder Engine Gasoline Fuel,Manual,Blue,Black,At least 1 accident or damage reported,Yes,"$6,000",306.0,3.8,V6,4.0
3485,3485,Ford,Mustang Mach-E GT,2022,8000,not defined,480.0HP Electric Motor Electric Fuel System,Automatic,Blue,Black,None reported,Yes,"$60,999",480.0,0.0,Electric,5.0
3486,3486,GMC,Canyon Elevation Standard,2022,16500,Gasoline,308.0HP 3.6L V6 Cylinder Engine Gasoline Fuel,Automatic,Gray,Gray,None reported,Yes,"$32,900",308.0,3.6,V6,5.0
3487,3487,Jaguar,XK Base,2013,55700,Gasoline,385.0HP 5.0L 8 Cylinder Engine Gasoline Fuel,Automatic,Black,Black,None reported,Yes,"$27,200",385.0,5.0,V8,2.0
3488,3488,Ford,F-250 LARIAT,2021,42245,Diesel,Intercooled Turbo Diesel V-8 6.7 L/406,Automatic,Agate Black Metallic,Black,None reported,No,"$76,598",450.0,6.7,V8,5.0
3489,3489,Toyota,RAV4 Base,2009,78500,Gasoline,179.0HP 2.5L 4 Cylinder Engine Gasoline Fuel,Automatic,Silver,–,None reported,Yes,"$12,000",179.0,2.5,I4,5.0
3490,3490,Ford,Expedition Platinum,2018,48619,Gasoline,400.0HP 3.5L V6 Cylinder Engine Gasoline Fuel,Automatic,Gray,White,None reported,Yes,"$51,499",400.0,3.5,V6,8.0
3491,3491,Jeep,Wrangler Unlimited 4xe Sahara,2021,51105,Hybrid,2.0L I4 16V GDI DOHC Turbo Hybrid,Automatic,Black Clearcoat,Black,None reported,Yes,"$42,700",375.0,2.0,I4,5.0
3492,3492,Ford,F-150 XLT,2016,25880,E85 Flex Fuel,282.0HP 3.5L V6 Cylinder Engine Flex Fuel Capability,Automatic,Red,Gray,None reported,Yes,"$25,500",282.0,3.5,V6,5.0
3493,3493,Tesla,Model S Plaid,2021,20100,not defined,1020.0HP Electric Motor Electric Fuel System,Automatic,Red,Black,None reported,Yes,"$69,995",1020.0,0.0,Electric,5.0
3494,3494,Toyota,Tacoma SR5,2018,25083,Gasoline,3.5L V6 24V PDI DOHC,Automatic,Red,Gray,At least 1 accident or damage reported,Yes,"$34,955",278.0,3.5,V6,5.0
3495,3495,Audi,TT Roadster quattro,2002,69300,Gasoline,225.0HP 1.8L 4 Cylinder Engine Gasoline Fuel,Manual,Gray,Black,At least 1 accident or damage reported,Yes,"$9,995",225.0,1.8,I4,2.0
3496,3496,Toyota,Highlander Hybrid Limited Platinum,2019,46000,Hybrid,306.0HP 3.5L V6 Cylinder Engine Gas/Electric Hybrid,Automatic,Silver,Black,None reported,Yes,"$40,000",306.0,3.5,V6,7.0
3497,3497,Jeep,Liberty Sport,2008,141485,Gasoline,210.0HP 3.7L V6 Cylinder Engine Gasoline Fuel,Automatic,Black,Gray,At least 1 accident or damage reported,Yes,"$6,500",210.0,3.7,V6,5.0
3498,3498,Toyota,Sequoia Limited,2018,63990,Gasoline,381.0HP 5.7L 8 Cylinder Engine Gasoline Fuel,Automatic,White,Gray,At least 1 accident or damage reported,Yes,"$48,000",381.0,5.7,V8,8.0
3499,3499,Ford,Transit-350 Base,2020,19400,Gasoline,310.0HP 3.5L V6 Cylinder Engine Gasoline Fuel,Automatic,White,Black,None reported,Yes,"$58,000",310.0,3.5,V6,12.0
3500,3500,Subaru,BRZ Limited,2013,129858,Gasoline,200.0HP 2.0L 4 Cylinder Engine Gasoline Fuel,Automatic,Silver,Black,At least 1 accident or damage reported,Yes,"$13,490",200.0,2.0,I4,2.0
3501,3501,Volvo,XC60 3.2,2012,102000,Gasoline,240.0HP 3.2L Straight 6 Cylinder Engine Gasoline Fuel,Automatic,Blue,Beige,None reported,Yes,"$10,800",240.0,3.2,Straight 6,5.0
3502,3502,Subaru,Impreza WRX Sti Special Edition,2010,8700,Gasoline,305.0HP 2.5L 4 Cylinder Engine Gasoline Fuel,Manual,Gray,Black,None reported,Yes,"$39,900",305.0,2.5,I4,5.0
3503,3503,Chevrolet,Bolt EV LT,2018,49279,not defined,200.0HP Electric Motor Electric Fuel System,Automatic,Red,Gray,None reported,Yes,"$17,500",200.0,0.0,Electric,5.0
3504,3504,Chevrolet,Monte Carlo Supercharged SS,2004,148800,Gasoline,240.0HP 3.8L V6 Cylinder Engine Gasoline Fuel,Automatic,Red,Black,None reported,Yes,"$6,500",240.0,3.8,V6,5.0
3505,3505,Cadillac,Escalade Platinum Edition,2012,160249,E85 Flex Fuel,403.0HP 6.2L 8 Cylinder Engine Flex Fuel Capability,Automatic,Black,Black,None reported,Yes,"$12,900",403.0,6.2,V8,7.0
3506,3506,Chrysler,300M Base,2004,45000,Gasoline,250.0HP 3.5L V6 Cylinder Engine Gasoline Fuel,Automatic,Gray,Gray,None reported,Yes,"$6,000",250.0,3.5,V6,5.0
3507,3507,Chevrolet,Silverado 2500 LT H/D Extended Cab,2006,169000,Diesel,360.0HP 6.6L 8 Cylinder Engine Diesel Fuel,Automatic,White,Gray,None reported,Yes,"$19,500",360.0,6.6,V8,5.0
3508,3508,Mercedes-Benz,AMG C 63 S,2017,46000,Gasoline,503.0HP 4.0L 8 Cylinder Engine Gasoline Fuel,Automatic,Gray,Black,None reported,Yes,"$56,000",503.0,4.0,V8,4.0
3509,3509,Ferrari,488 Spider Base,2019,13900,Gasoline,660.0HP 3.9L 8 Cylinder Engine Gasoline Fuel,Dual Shift,Red,Black,None reported,Yes,"$315,000",660.0,3.9,V8,2.0
3510,3510,Acura,TLX V6 Tech,2015,38000,Gasoline,290.0HP 3.5L V6 Cylinder Engine Gasoline Fuel,Automatic,White,Black,None reported,Yes,"$21,900",290.0,3.5,V6,5.0
3511,3511,Chevrolet,Corvette Z06,2006,42000,Gasoline,505.0HP 7.0L 8 Cylinder Engine Gasoline Fuel,Manual,Orange,Black,None reported,Yes,"$42,000",505.0,7.0,V8,2.0
3512,3512,Lexus,NX 350h Premium,2024,300,Hybrid,240.0HP 2.5L 4 Cylinder Engine Gas/Electric Hybrid,Automatic,Black,Black,None reported,Yes,"$50,999",240.0,2.5,I4,5.0
3513,3513,Mercedes-Benz,SLK-Class SLK 350,2008,120800,Gasoline,268.0HP 3.5L V6 Cylinder Engine Gasoline Fuel,Automatic,Red,Beige,None reported,Yes,"$13,900",268.0,3.5,V6,2.0
3514,3514,Jeep,Wrangler Unlimited Sahara,2020,76313,Gasoline,2.0L I4 16V GDI DOHC Turbo,Automatic,Hellayella Clearcoat,Black,None reported,Yes,"$35,234",285.0,2.0,I4,5.0
3515,3515,Chevrolet,Silverado 1500 LT,2012,104000,E85 Flex Fuel,315.0HP 5.3L 8 Cylinder Engine Flex Fuel Capability,Automatic,Blue,Gray,At least 1 accident or damage reported,Yes,"$16,500",315.0,5.3,V8,5.0
3516,3516,Lexus,GX 460 Base,2010,97097,Gasoline,301.0HP 4.6L 8 Cylinder Engine Gasoline Fuel,Automatic,Red,Beige,At least 1 accident or damage reported,Yes,"$22,000",301.0,4.6,V8,5.0
3517,3517,Jeep,Wrangler Unlimited X,2008,136731,Gasoline,202.0HP 3.8L V6 Cylinder Engine Gasoline Fuel,Automatic,Yellow,Gray,None reported,Yes,"$15,900",202.0,3.8,V6,5.0
3518,3518,RAM,1500 Tradesman/Express,2017,40200,Gasoline,395.0HP 5.7L 8 Cylinder Engine Gasoline Fuel,Automatic,Blue,Gray,At least 1 accident or damage reported,Yes,"$24,000",395.0,5.7,V8,5.0
3519,3519,Ford,Explorer ST,2021,39105,Gasoline,3.0L V6 24V GDI DOHC Twin Turbo,Automatic,Black,–,None reported,Yes,"$44,605",400.0,3.0,V6,7.0
3520,3520,Mercedes-Benz,G 550 4x4 Squared Base,2017,23567,Gasoline,416.0HP 4.0L 8 Cylinder Engine Gasoline Fuel,Dual Shift,White,Black,At least 1 accident or damage reported,Yes,"$215,000",416.0,4.0,V8,5.0
3521,3521,BMW,M4 Competition,2021,12500,Gasoline,503.0HP 3.0L Straight 6 Cylinder Engine Gasoline Fuel,Automatic,Gray,Blue,At least 1 accident or damage reported,Yes,"$90,000",503.0,3.0,Straight 6,4.0
3522,3522,Chevrolet,Colorado ZR2,2019,38900,Gasoline,308.0HP 3.6L V6 Cylinder Engine Gasoline Fuel,Automatic,White,Black,None reported,Yes,"$34,700",308.0,3.6,V6,5.0
3523,3523,Lincoln,Navigator L Select,2016,84272,Gasoline,380.0HP 3.5L V6 Cylinder Engine Gasoline Fuel,Automatic,Black,Black,At least 1 accident or damage reported,Yes,"$25,221",380.0,3.5,V6,8.0
3524,3524,Mercedes-Benz,E-Class E 350,2016,58375,Gasoline,302.0HP 3.5L V6 Cylinder Engine Gasoline Fuel,Automatic,White,Beige,None reported,Yes,"$24,999",302.0,3.5,V6,5.0
3525,3525,Ford,Mustang Shelby GT500,2007,7346,Gasoline,500.0HP 5.4L 8 Cylinder Engine Gasoline Fuel,Manual,Red,Black,None reported,Yes,"$40,999",500.0,5.4,V8,2.0
3526,3526,Dodge,Charger SRT8,2008,98231,Gasoline,425.0HP 6.1L 8 Cylinder Engine Gasoline Fuel,Automatic,Blue,Black,At least 1 accident or damage reported,Yes,"$15,500",425.0,6.1,V8,5.0
3527,3527,Jaguar,XK Base,2007,56000,Gasoline,300.0HP 4.2L 8 Cylinder Engine Gasoline Fuel,Automatic,White,Beige,None reported,Yes,"$18,000",300.0,4.2,V8,2.0
3528,3528,Honda,Civic EX,2020,13935,Gasoline,174.0HP 1.5L 4 Cylinder Engine Gasoline Fuel,Automatic,Gray,Black,None reported,Yes,"$26,000",174.0,1.5,I4,5.0
3529,3529,Subaru,Impreza 2.0i,2019,30000,Gasoline,152.0HP 2.0L 4 Cylinder Engine Gasoline Fuel,Automatic,Gray,Black,At least 1 accident or damage reported,Yes,"$21,250",152.0,2.0,H-4,5.0
3530,3530,Saab,9-3 Aero,2009,106000,Gasoline,280.0HP 2.8L V6 Cylinder Engine Gasoline Fuel,Automatic,Red,Black,None reported,Yes,"$12,950",280.0,2.8,V6,5.0
3531,3531,BMW,650 Gran Coupe i xDrive,2014,82978,Gasoline,445.0HP 4.4L 8 Cylinder Engine Gasoline Fuel,Automatic,Black,White,None reported,Yes,"$18,700",445.0,4.4,V8,4.0
3532,3532,Jeep,Wrangler Unlimited Sport,2018,58500,Gasoline,285.0HP 3.6L V6 Cylinder Engine Gasoline Fuel,Automatic,Black,Black,None reported,Yes,"$35,000",285.0,3.6,V6,5.0
3533,3533,Ford,F-350 King Ranch,2015,92421,Diesel,440.0HP 6.7L 8 Cylinder Engine Diesel Fuel,Automatic,White,Brown,None reported,Yes,"$51,900",440.0,6.7,V8,5.0
3534,3534,Mazda,CX-30 Preferred,2020,9927,Gasoline,2.5L I4 16V GDI DOHC,Automatic,Snowflake White Pearl,Black,None reported,Yes,"$27,518",186.0,2.5,I4,5.0
3535,3535,Jeep,Wrangler Sport,2000,122945,Gasoline,181.0HP 4.0L Straight 6 Cylinder Engine Gasoline Fuel,Manual,Beige,Brown,None reported,Yes,"$13,900",181.0,4.0,I6,5.0
3536,3536,Lexus,RX 330 Base,2006,110250,Gasoline,230.0HP 3.3L V6 Cylinder Engine Gasoline Fuel,Automatic,White,Beige,None reported,Yes,"$11,000",230.0,3.3,V6,5.0
3537,3537,INFINITI,QX56 Base,2011,103010,Gasoline,400.0HP 5.6L 8 Cylinder Engine Gasoline Fuel,Automatic,Black,Beige,None reported,Yes,"$13,500",400.0,5.6,V8,8.0
3538,3538,Hyundai,Veloster Value Edition,2017,55359,Gasoline,1.6L I4 16V GDI DOHC,Automatic,Ironman Silver,Black,None reported,No,"$15,599",201.0,1.6,I4,4.0
3539,3539,Chevrolet,Silverado 1500 LT Extended Cab,2002,118500,Gasoline,285.0HP 5.3L 8 Cylinder Engine Gasoline Fuel,Automatic,Silver,Black,At least 1 accident or damage reported,Yes,"$5,900",285.0,5.3,V8,5.0
3540,3540,Rivian,R1S Launch Edition,2022,7800,not defined,835.0HP Electric Motor Electric Fuel System,Automatic,Green,Black,None reported,Yes,"$92,500",835.0,0.0,Electric,7.0
3541,3541,Land,Rover Range Rover HSE SWB,2020,41500,Hybrid,395.0HP 3.0L Straight 6 Cylinder Engine Gasoline/Mild Electric Hybrid,Automatic,Gray,Gray,None reported,Yes,"$68,000",395.0,3.0,Straight 6,5.0
3542,3542,BMW,M4 Base,2020,28000,Gasoline,425.0HP 3.0L Straight 6 Cylinder Engine Gasoline Fuel,Automatic,White,White,None reported,Yes,"$59,900",425.0,3.0,I6,2.0
3543,3543,Mercedes-Benz,E-Class E 350,2014,53500,Gasoline,302.0HP 3.5L V6 Cylinder Engine Gasoline Fuel,Automatic,Black,Brown,None reported,Yes,"$24,500",302.0,3.5,V6,5.0
3544,3544,Honda,Accord Hybrid Base,2021,33523,Hybrid,2.0L I4 16V MPFI DOHC Hybrid,Automatic,Lunar Silver Metallic,Gray,None reported,No,"$28,748",212.0,2.0,I4,5.0
3545,3545,Toyota,Prius v Three,2016,86300,Hybrid,134.0HP 1.8L 4 Cylinder Engine Gas/Electric Hybrid,Automatic,Gray,Black,At least 1 accident or damage reported,Yes,"$18,000",134.0,1.8,I4,5.0
3546,3546,Subaru,WRX Premium,2022,7738,Gasoline,271.0HP 2.4L 4 Cylinder Engine Gasoline Fuel,Dual Shift,Orange,Black,At least 1 accident or damage reported,Yes,"$33,000",271.0,2.4,I4,5.0
3547,3547,Bentley,Bentayga Speed,2020,22001,Gasoline,6.0L W12 48V PDI DOHC Twin Turbo,Automatic,Beluga Black,Hotspur Hide,None reported,Yes,"$173,995",626.0,6.0,W12,5.0
3548,3548,Ford,Explorer ST,2022,14361,Gasoline,400.0HP 3.0L V6 Cylinder Engine Gasoline Fuel,Automatic,Black,Black,None reported,Yes,"$51,500",400.0,3.0,V6,7.0
3549,3549,Chevrolet,Suburban LT,2016,98000,E85 Flex Fuel,355.0HP 5.3L 8 Cylinder Engine Flex Fuel Capability,Dual Shift,Gray,Gray,At least 1 accident or damage reported,Yes,"$30,000",355.0,5.3,V8,8.0
3550,3550,Chevrolet,Silverado 1500 Limited Custom,2022,30455,Gasoline,2.7 Liter DOHC Turbo,Automatic,Summit White,Jet Black,None reported,No,"$37,698",310.0,2.7,I4,5.0
3551,3551,Ford,Explorer Platinum,2020,64552,Gasoline,3.0L V6 24V GDI DOHC Twin Turbo,Automatic,Iconic Silver Metallic,Ebony,At least 1 accident or damage reported,Yes,"$36,750",365.0,3.0,V6,7.0
3552,3552,Lexus,RX 350 Base,2017,103866,Gasoline,295.0HP 3.5L V6 Cylinder Engine Gasoline Fuel,Automatic,Beige,Beige,At least 1 accident or damage reported,Yes,"$24,700",295.0,3.5,V6,5.0
3553,3553,Land,Rover Range Rover 3.0L V6 Supercharged HSE,2019,35650,Gasoline,380.0HP 3.0L V6 Cylinder Engine Gasoline Fuel,Automatic,Black,Black,At least 1 accident or damage reported,Yes,"$57,999",380.0,3.0,V6,5.0
3554,3554,Ford,Explorer Platinum,2021,64957,Gasoline,3.0L V6 24V GDI DOHC Twin Turbo,Automatic,Black,Light Slate,None reported,Yes,"$39,979",365.0,3.0,V6,7.0
3555,3555,Dodge,Challenger SRT8 392,2012,33700,not defined,–,Manual,Black,Black,None reported,Yes,"$33,500",485.0,6.4,V8,4.0
3556,3556,Chevrolet,Equinox 2LT,2012,96653,Gasoline,264.0HP 3.0L V6 Cylinder Engine Gasoline Fuel,Automatic,Black,Brown,At least 1 accident or damage reported,Yes,"$7,500",264.0,3.0,V6,5.0
3557,3557,Dodge,Challenger SXT,2022,29500,Gasoline,303.0HP 3.6L V6 Cylinder Engine Gasoline Fuel,Automatic,Gray,Black,None reported,Yes,"$31,000",303.0,3.6,V6,4.0
3558,3558,Porsche,911 Carrera,2021,7400,Gasoline,379.0HP 3.0L Flat 6 Cylinder Engine Gasoline Fuel,Automatic,Red,Black,not defined,No,"$116,999",379.0,3.0,H6,2.0
3559,3559,Volvo,XC70 T6 Platinum,2012,69000,Gasoline,300.0HP 3.0L Straight 6 Cylinder Engine Gasoline Fuel,Automatic,Silver,Black,At least 1 accident or damage reported,Yes,"$15,900",300.0,3.0,I6,5.0
3560,3560,Lexus,GX 470 Base,2005,198000,Gasoline,270.0HP 4.7L 8 Cylinder Engine Gasoline Fuel,Automatic,Gray,Gray,At least 1 accident or damage reported,Yes,"$15,500",270.0,4.7,V8,7.0
3561,3561,Porsche,911 Carrera GTS,2015,23600,Gasoline,430.0HP 3.8L Flat 6 Cylinder Engine Gasoline Fuel,Manual,Red,Black,None reported,Yes,"$132,900",430.0,3.8,H6,2.0
3562,3562,Volvo,XC70 3.2,2008,170000,Gasoline,235.0HP 3.2L Straight 6 Cylinder Engine Gasoline Fuel,Automatic,White,Beige,None reported,Yes,"$7,000",235.0,3.2,I6,5.0
3563,3563,Nissan,350Z NISMO,2008,76500,Gasoline,306.0HP 3.5L V6 Cylinder Engine Gasoline Fuel,Manual,Silver,Red,At least 1 accident or damage reported,Yes,"$28,000",306.0,3.5,V6,2.0
3564,3564,Porsche,911 Turbo,2007,73500,Gasoline,480.0HP 3.6L Flat 6 Cylinder Engine Gasoline Fuel,Automatic,Black,Black,None reported,Yes,"$75,499",480.0,3.6,Flat 6,2.0
3565,3565,Land,Rover Range Rover SWB,2020,29000,Hybrid,355.0HP 3.0L Straight 6 Cylinder Engine Gasoline/Mild Electric Hybrid,Automatic,Black,Black,None reported,Yes,"$70,000",355.0,3.0,I6,5.0
3566,3566,Porsche,Cayenne E-Hybrid S Platinum Edition,2017,69404,Plug-In Hybrid,416.0HP 3.0L V6 Cylinder Engine Plug-In Electric/Gas,Automatic,Black,Beige,At least 1 accident or damage reported,Yes,"$29,500",416.0,3.0,V6,5.0
3567,3567,Lexus,IS 350 Base,2007,103000,Gasoline,306.0HP 3.5L V6 Cylinder Engine Gasoline Fuel,Automatic,Red,Beige,At least 1 accident or damage reported,Yes,"$12,900",306.0,3.5,V6,5.0
3568,3568,Porsche,Macan S,2015,70500,Gasoline,340.0HP 3.0L V6 Cylinder Engine Gasoline Fuel,Dual Shift,Silver,Black,At least 1 accident or damage reported,Yes,"$26,500",340.0,3.0,V6,5.0
3569,3569,Land,Rover Range Rover 5.0L Supercharged,2016,64000,Gasoline,510.0HP 5.0L 8 Cylinder Engine Gasoline Fuel,Dual Shift,White,White,None reported,Yes,"$36,995",510.0,5.0,V8,5.0
3570,3570,GMC,Savana 2500 Work Van,2018,63460,E85 Flex Fuel,341.0HP 6.0L 8 Cylinder Engine Flex Fuel Capability,Automatic,White,Beige,None reported,Yes,"$33,000",341.0,6.0,V8,2.0
3571,3571,Toyota,4Runner SR5,2018,32199,Gasoline,270.0HP 4.0L V6 Cylinder Engine Gasoline Fuel,Automatic,Silver,Black,None reported,Yes,"$35,500",270.0,4.0,V6,5.0
3572,3572,Hyundai,Palisade SEL,2020,69487,Gasoline,291.0HP 3.8L V6 Cylinder Engine Gasoline Fuel,Automatic,White,Black,None reported,Yes,"$32,000",291.0,3.8,V6,7.0
3573,3573,GMC,Sierra 2500 Denali,2015,86000,Diesel,397.0HP 6.6L 8 Cylinder Engine Diesel Fuel,Automatic,Gray,Brown,None reported,Yes,"$49,000",397.0,6.6,V8,5.0
3574,3574,Genesis,GV70 3.5T Sport,2022,8730,Gasoline,3.5L V6 24V PDI DOHC Twin Turbo,Automatic,Alta White,Red,None reported,No,"$48,219",375.0,3.5,V6,5.0
3575,3575,Dodge,Ram Van 1500,2002,70000,Gasoline,175.0HP 3.9L V6 Cylinder Engine Gasoline Fuel,Automatic,Red,Beige,At least 1 accident or damage reported,Yes,"$8,000",175.0,3.9,V6,5.0
3576,3576,Chevrolet,Impala 1LT,2017,70000,Gasoline,305.0HP 3.6L V6 Cylinder Engine Gasoline Fuel,Automatic,White,Gray,At least 1 accident or damage reported,Yes,"$17,900",305.0,3.6,V6,5.0
3577,3577,Audi,A4 2.0T Premium Plus,2015,83420,E85 Flex Fuel,220.0HP 2.0L 4 Cylinder Engine Flex Fuel Capability,Automatic,Red,Gray,At least 1 accident or damage reported,Yes,"$16,000",220.0,2.0,I4,5.0
3578,3578,Nissan,Altima 2.5 S,2003,189000,Gasoline,175.0HP 2.5L 4 Cylinder Engine Gasoline Fuel,Automatic,Silver,Beige,At least 1 accident or damage reported,Yes,"$2,899",175.0,2.5,I4,5.0
3579,3579,Porsche,911 Carrera 4S,2017,31500,Gasoline,420.0HP 3.0L Flat 6 Cylinder Engine Gasoline Fuel,Automatic,Blue,Red,None reported,Yes,"$97,555",420.0,3.0,H6,4.0
3580,3580,BMW,X1 xDrive 28i,2015,85766,Gasoline,240.0HP 2.0L 4 Cylinder Engine Gasoline Fuel,Automatic,Gray,Black,None reported,Yes,"$13,000",240.0,2.0,I4,5.0
3581,3581,GMC,Yukon Denali,2018,92800,Gasoline,420.0HP 6.2L 8 Cylinder Engine Gasoline Fuel,Automatic,White,Black,None reported,Yes,"$34,000",420.0,6.2,V8,7.0
3582,3582,Land,Rover Defender SE,2021,13970,Hybrid,395.0HP 3.0L Straight 6 Cylinder Engine Gasoline/Mild Electric Hybrid,Automatic,Gray,Black,None reported,Yes,"$75,500",395.0,3.0,I6,5.0
3583,3583,Porsche,911 Turbo S,2023,154,Gasoline,3.8L H6 24V GDI DOHC Twin Turbo,Automatic,Python Green,Black,None reported,No,"$274,900",640.0,3.8,H6,2.0
3584,3584,Toyota,Land Cruiser Base,2000,265000,Gasoline,230.0HP 4.7L 8 Cylinder Engine Gasoline Fuel,Automatic,Black,Beige,None reported,Yes,"$15,500",230.0,4.7,Straight 6,8.0
3585,3585,Scion,xB Base,2011,95426,Gasoline,158.0HP 2.4L 4 Cylinder Engine Gasoline Fuel,Automatic,Green,Gray,None reported,Yes,"$8,000",158.0,2.4,I4,5.0
3586,3586,Honda,S2000 Base,2001,119900,Gasoline,240.0HP 2.0L 4 Cylinder Engine Gasoline Fuel,Manual,Black,Red,At least 1 accident or damage reported,Yes,"$18,000",240.0,2.0,I4,2.0
3587,3587,Mazda,CX-30 Select,2020,23162,Gasoline,2.5L I4 16V GDI DOHC,Automatic,Soul Red Crystal Metallic,Black,None reported,Yes,"$25,495",186.0,2.5,I4,5.0
3588,3588,BMW,M4 Competition,2023,3950,Gasoline,503.0HP 3.0L Straight 6 Cylinder Engine Gasoline Fuel,Automatic,White,Blue,None reported,Yes,"$83,500",503.0,3.0,Straight 6,4.0
3589,3589,Porsche,911 Carrera 4S,2006,80000,Gasoline,355.0HP 3.8L Flat 6 Cylinder Engine Gasoline Fuel,Manual,Black,Beige,None reported,Yes,"$43,000",355.0,3.8,H6,4.0
3590,3590,Ford,F-250 Lariat,2015,94634,E85 Flex Fuel,385.0HP 6.2L 8 Cylinder Engine Flex Fuel Capability,Automatic,White,Black,At least 1 accident or damage reported,Yes,"$32,500",385.0,6.2,V8,5.0
3591,3591,Chevrolet,Corvette Base,2007,65000,Gasoline,400.0HP 6.0L 8 Cylinder Engine Gasoline Fuel,Automatic,Silver,Beige,At least 1 accident or damage reported,Yes,"$33,885",400.0,6.0,V8,2.0
3592,3592,Lexus,LS 460 L,2008,100000,Gasoline,380.0HP 4.6L 8 Cylinder Engine Gasoline Fuel,Automatic,Black,Black,At least 1 accident or damage reported,Yes,"$11,500",380.0,4.6,V8,5.0
3593,3593,Toyota,Sienna XSE 25th Anniversary,2023,500,Hybrid,245.0HP 2.5L 4 Cylinder Engine Gas/Electric Hybrid,Automatic,White,Black,None reported,Yes,"$59,500",245.0,2.5,I4,7.0
3594,3594,Mercedes-Benz,AMG G 63 Base,2021,7856,Gasoline,4.0L V8 32V GDI DOHC Twin Turbo,Automatic,China Blue,Black,None reported,Yes,"$425,000",563.0,4.0,V8,5.0
3595,3595,Audi,A4 2.0T Premium quattro,2011,181000,Gasoline,211.0HP 2.0L 4 Cylinder Engine Gasoline Fuel,Automatic,White,Black,None reported,Yes,"$5,500",211.0,2.0,I4,5.0
3596,3596,Mercedes-Benz,GLC 300 Base 4MATIC,2018,48700,Gasoline,241.0HP 2.0L 4 Cylinder Engine Gasoline Fuel,Automatic,Blue,Brown,None reported,Yes,"$27,900",241.0,2.0,I4,5.0
3597,3597,Porsche,911 Turbo Cabriolet,2009,13500,Gasoline,480.0HP 3.6L Flat 6 Cylinder Engine Gasoline Fuel,Manual,Gray,Black,None reported,Yes,"$130,000",480.0,3.6,Flat 6,2.0
3598,3598,Toyota,86 860 Special Edition,2017,87500,Gasoline,200.0HP 2.0L 4 Cylinder Engine Gasoline Fuel,Automatic,Silver,Black,None reported,Yes,"$20,000",200.0,2.0,I4,2.0
3599,3599,Jaguar,XJ8 L,2000,45000,Gasoline,290.0HP 4.0L 8 Cylinder Engine Gasoline Fuel,Automatic,Silver,Beige,None reported,Yes,"$12,500",290.0,4.0,V8,5.0
3600,3600,Chevrolet,Corvette Base,1996,85760,Gasoline,300.0HP 5.7L 8 Cylinder Engine Gasoline Fuel,Automatic,Silver,Black,None reported,Yes,"$14,500",300.0,5.7,V8,2.0
3601,3601,Tesla,Model 3 Long Range,2018,36187,not defined,271.0HP Electric Motor Electric Fuel System,Automatic,White,Black,None reported,Yes,"$28,895",271.0,0.0,Electric,5.0
3602,3602,Hyundai,Tucson SEL,2022,13666,Gasoline,2.5L I4 16V PDI DOHC,Automatic,Portofino Gray,Black,None reported,No,"$27,999",187.0,2.5,I4,5.0
3603,3603,Porsche,911 Carrera S,2007,50500,Gasoline,355.0HP 3.8L Flat 6 Cylinder Engine Gasoline Fuel,Manual,Silver,Black,None reported,Yes,"$56,000",355.0,3.8,Flat 6,2.0
3604,3604,Lincoln,Nautilus Reserve,2021,19291,Gasoline,2.0L I4 16V GDI DOHC Turbo,Automatic,Black,Ebony,None reported,No,"$44,340",250.0,2.0,I4,5.0
3605,3605,Ford,Mustang Boss 302,2012,1295,Gasoline,444.0HP 5.0L 8 Cylinder Engine Gasoline Fuel,Manual,Silver,Black,None reported,Yes,"$49,990",444.0,5.0,V8,2.0
3606,3606,Cadillac,Escalade Premium Luxury,2017,55000,Gasoline,420.0HP 6.2L 8 Cylinder Engine Gasoline Fuel,Automatic,White,Beige,At least 1 accident or damage reported,Yes,"$49,900",420.0,6.2,V8,7.0
3607,3607,MINI,Cooper Base,2010,74000,Gasoline,118.0HP 1.6L 4 Cylinder Engine Gasoline Fuel,Manual,Yellow,Black,None reported,Yes,"$9,650",118.0,1.6,I4,4.0
3608,3608,Dodge,Durango R/T,2022,14976,Gasoline,5.7L V8 16V MPFI OHV,Automatic,White Knuckle Clearcoat,Black,None reported,Yes,"$49,999",360.0,5.7,V8,7.0
3609,3609,BMW,X5 xDrive35i,2018,25348,Gasoline,3.0L I6 24V GDI DOHC Turbo,Automatic,Imperial Blue Metallic,Black,At least 1 accident or damage reported,No,"$33,889",300.0,3.0,I6,5.0
3610,3610,Chevrolet,Corvette Base,2010,23133,Gasoline,430.0HP 6.2L 8 Cylinder Engine Gasoline Fuel,Manual,White,Black,None reported,Yes,"$35,000",430.0,6.2,V8,2.0
3611,3611,Jaguar,XE 20d Prestige,2018,34322,Diesel,2.0 Liter,Automatic,Blue,Beige,None reported,No,"$29,998",180.0,2.0,I4,5.0
3612,3612,Dodge,Challenger R/T,2021,39960,Gasoline,375.0HP 5.7L 8 Cylinder Engine Gasoline Fuel,Automatic,White,Gray,At least 1 accident or damage reported,Yes,"$28,500",375.0,5.7,V8,4.0
3613,3613,BMW,550 i xDrive,2016,76400,Gasoline,445.0HP 4.4L 8 Cylinder Engine Gasoline Fuel,Automatic,Black,Black,At least 1 accident or damage reported,Yes,"$31,300",445.0,4.4,V8,5.0
3614,3614,Ford,Explorer XLT,2022,18533,Gasoline,2.3L I4 16V GDI DOHC Turbo,Automatic,White,Ebony,None reported,Yes,"$38,978",300.0,2.3,I4,7.0
3615,3615,GMC,Yukon XL Denali,2023,7500,Gasoline,420.0HP 6.2L 8 Cylinder Engine Gasoline Fuel,Automatic,Gray,Black,None reported,Yes,"$92,888",420.0,6.2,V8,8.0
3616,3616,INFINITI,QX80 SENSORY,2022,26520,Gasoline,400.0HP 5.6L 8 Cylinder Engine Gasoline Fuel,Automatic,Blue,Brown,At least 1 accident or damage reported,Yes,"$64,000",400.0,5.6,V8,8.0
3617,3617,Land,Rover Range Rover 3.0L Supercharged,2014,59500,E85 Flex Fuel,340.0HP 3.0L V6 Cylinder Engine Flex Fuel Capability,Automatic,Red,Black,None reported,Yes,"$33,800",340.0,3.0,V6,5.0
3618,3618,Honda,Pilot EX-L,2020,44000,Gasoline,280.0HP 3.5L V6 Cylinder Engine Gasoline Fuel,Automatic,White,Black,None reported,Yes,"$34,999",280.0,3.5,V6,8.0
3619,3619,Pontiac,Firebird Base,2001,111000,Gasoline,200.0HP 3.8L V6 Cylinder Engine Gasoline Fuel,Automatic,White,Gray,None reported,Yes,"$11,000",200.0,3.8,V6,4.0
3620,3620,Toyota,4Runner Limited,2016,82260,Gasoline,4.0L V6 24V MPFI DOHC,Automatic,Nautical Blue Pearl,Black,None reported,Yes,"$31,906",270.0,4.0,V6,5.0
3621,3621,Porsche,911 Carrera Cabriolet,2006,52744,Gasoline,325.0HP 3.6L Flat 6 Cylinder Engine Gasoline Fuel,Dual Shift,Gray,Black,At least 1 accident or damage reported,Yes,"$37,500",325.0,3.6,Flat 6,2.0
3622,3622,BMW,i8 Base,2019,28200,Plug-In Hybrid,369.0HP 1.5L 3 Cylinder Engine Plug-In Electric/Gas,Dual Shift,Gray,Beige,At least 1 accident or damage reported,Yes,"$79,950",369.0,1.5,I3,4.0
3623,3623,Nissan,Maxima GLE,2000,194277,Gasoline,222.0HP 3.0L V6 Cylinder Engine Gasoline Fuel,Automatic,Blue,Beige,At least 1 accident or damage reported,Yes,"$2,300",222.0,3.0,V6,5.0
3624,3624,Pontiac,Firebird Trans Am,2001,91812,Gasoline,310.0HP 5.7L 8 Cylinder Engine Gasoline Fuel,Automatic,Green,Black,None reported,Yes,"$12,850",310.0,5.7,V8,4.0
3625,3625,Chevrolet,Suburban Premier,2018,84224,Gasoline,5.3L V8 16V GDI OHV,Automatic,Tungsten Metallic,Jet Black,None reported,Yes,"$43,775",355.0,5.3,V8,8.0
3626,3626,BMW,X2 xDrive28i,2018,66690,Gasoline,228.0HP 2.0L 4 Cylinder Engine Gasoline Fuel,Dual Shift,Gray,Black,At least 1 accident or damage reported,Yes,"$24,900",228.0,2.0,I4,5.0
3627,3627,Mercedes-Benz,AMG C 43 Base 4MATIC,2018,41500,Gasoline,362.0HP 3.0L V6 Cylinder Engine Gasoline Fuel,Automatic,White,Brown,At least 1 accident or damage reported,Yes,"$39,848",362.0,3.0,V6,5.0
3628,3628,BMW,750 i xDrive,2014,85095,Gasoline,445.0HP 4.4L 8 Cylinder Engine Gasoline Fuel,Automatic,Black,Brown,At least 1 accident or damage reported,Yes,"$24,900",445.0,4.4,V8,5.0
3629,3629,Volvo,S60 T5 Premier Plus,2015,39000,Gasoline,250.0HP 2.5L 5 Cylinder Engine Gasoline Fuel,Dual Shift,Silver,Gray,At least 1 accident or damage reported,Yes,"$17,900",250.0,2.5,I5,5.0
3630,3630,Tesla,Model Y Long Range,2022,20500,not defined,425.0HP Electric Motor Electric Fuel System,Automatic,Gray,Black,None reported,Yes,"$46,500",425.0,0.0,Electric,5.0
3631,3631,Ford,F-350 Platinum,2019,112000,Diesel,450.0HP 6.7L 8 Cylinder Engine Diesel Fuel,Automatic,Black,Black,None reported,Yes,"$61,995",450.0,6.7,V8,5.0
3632,3632,Volkswagen,ID.4 Pro S,2023,1716,not defined,Battery Electric,Automatic,Gray,Gray w/Blue Bolsters,None reported,No,"$39,998",295.0,0.0,Electric,5.0
3633,3633,Audi,A3 2.0T Premium,2016,90360,Gasoline,220.0HP 2.0L 4 Cylinder Engine Gasoline Fuel,Automatic,Black,Black,At least 1 accident or damage reported,Yes,"$15,499",220.0,2.0,I4,5.0
3634,3634,Ford,Explorer Limited,2020,82146,Gasoline,2.3L I4 16V GDI DOHC Turbo,Automatic,Gray,Ebony,None reported,Yes,"$30,825",280.0,2.3,I4,7.0
3635,3635,Ford,Mustang GT Premium,2020,16850,Gasoline,460.0HP 5.0L 8 Cylinder Engine Gasoline Fuel,Automatic,Blue,Black,At least 1 accident or damage reported,Yes,"$41,000",460.0,5.0,V8,4.0
3636,3636,Honda,S2000 Base,2003,101000,Gasoline,240.0HP 2.0L 4 Cylinder Engine Gasoline Fuel,Manual,Silver,Black,None reported,Yes,"$28,000",240.0,2.0,I4,2.0
3637,3637,BMW,M235 i,2015,68750,Gasoline,320.0HP 3.0L Straight 6 Cylinder Engine Gasoline Fuel,Manual,Red,Black,None reported,Yes,"$25,999",320.0,3.0,Straight 6,4.0
3638,3638,Lamborghini,Aventador S Base,2018,5858,Gasoline,729.0HP 6.5L 12 Cylinder Engine Gasoline Fuel,Automatic,White,Gray,None reported,Yes,"$491,836",729.0,6.5,V12,2.0
3639,3639,Dodge,Durango SLT,2004,143000,Gasoline,335.0HP 5.7L 8 Cylinder Engine Gasoline Fuel,Automatic,Beige,Beige,None reported,Yes,"$3,200",335.0,5.7,V8,7.0
3640,3640,Nissan,Armada LE,2005,152270,Gasoline,305.0HP 5.6L 8 Cylinder Engine Gasoline Fuel,Automatic,Green,Beige,At least 1 accident or damage reported,Yes,"$6,900",305.0,5.6,V8,8.0
3641,3641,Kia,Sorento S,2021,19605,Gasoline,2.5L I4 16V PDI DOHC,Automatic,Glacial White Pearl,Black,None reported,No,"$33,591",191.0,2.5,I4,5.0
3642,3642,Chevrolet,Silverado 1500 RST,2020,19200,Gasoline,355.0HP 5.3L 8 Cylinder Engine Gasoline Fuel,Automatic,Gray,Black,None reported,Yes,"$69,999",355.0,5.3,V8,5.0
3643,3643,Chevrolet,Impala Base,2004,64500,Gasoline,180.0HP 3.4L V6 Cylinder Engine Gasoline Fuel,Automatic,Beige,Beige,None reported,Yes,"$5,900",180.0,3.4,V6,5.0
3644,3644,Toyota,Tacoma PreRunner,2011,149000,Gasoline,236.0HP 4.0L V6 Cylinder Engine Gasoline Fuel,Automatic,Black,Beige,None reported,Yes,"$18,995",236.0,4.0,V6,5.0
3645,3645,McLaren,570S Spider,2018,5918,Gasoline,3.8L V8 32V MPFI DOHC Twin Turbo,Automatic,Silician Yellow,Jet Black,None reported,No,"$179,900",562.0,3.8,V8,2.0
3646,3646,Pontiac,Firebird Trans Am,1997,134033,Gasoline,285.0HP 5.7L 8 Cylinder Engine Gasoline Fuel,Automatic,Red,Beige,At least 1 accident or damage reported,Yes,"$7,200",285.0,5.7,V8,4.0
3647,3647,Kia,Stinger GT1,2019,37226,Gasoline,"3.3L V-6 gasoline direct injection, DOHC, D-CVVT variable valve",Automatic,Snow White Pearl,Black,None reported,No,"$34,998",368.0,3.3,V6,5.0
3648,3648,Ford,Escape SE,2017,71924,Gasoline,179.0HP 1.5L 4 Cylinder Engine Gasoline Fuel,Automatic,Beige,Beige,None reported,Yes,"$13,700",179.0,1.5,I4,5.0
3649,3649,Lamborghini,Huracan EVO Coupe,2021,5718,Gasoline,"5.2L V-10 gasoline direct injection, DOHC, variable valve contro",Automatic,Arancio Borealis,Nero Ade,None reported,No,"$279,991",630.0,5.2,V10,2.0
3650,3650,Jeep,Wrangler Unlimited Sport,2014,122200,Gasoline,285.0HP 3.6L V6 Cylinder Engine Gasoline Fuel,Automatic,Orange,Black,At least 1 accident or damage reported,Yes,"$21,500",285.0,3.6,V6,5.0
3651,3651,Land,Rover Range Rover Sport HST MHEV,2020,37248,Hybrid,395.0HP 3.0L Straight 6 Cylinder Engine Gasoline/Mild Electric Hybrid,Automatic,Silver,Black,None reported,Yes,"$54,500",395.0,3.0,I6,5.0
3652,3652,Chevrolet,Silverado 1500 Base,1999,88750,Gasoline,255.0HP 4.8L 8 Cylinder Engine Gasoline Fuel,Automatic,White,Gray,None reported,Yes,"$6,800",255.0,4.8,V8,5.0
3653,3653,Cadillac,XLR V,2008,64800,Gasoline,443.0HP 4.4L 8 Cylinder Engine Gasoline Fuel,Automatic,Black,Black,not defined,No,"$24,700",443.0,4.4,V8,2.0
3654,3654,Ford,Fusion Hybrid Titanium,2014,112180,Hybrid,2.0L I4 16V MPFI DOHC Hybrid,Automatic,White,Charcoal Black,None reported,No,"$12,599",195.0,2.0,I4,5.0
3655,3655,RAM,2500 SLT,2015,149130,Diesel,350.0HP 6.7L Straight 6 Cylinder Engine Diesel Fuel,Automatic,White,Black,At least 1 accident or damage reported,Yes,"$35,000",350.0,6.7,I6,5.0
3656,3656,Tesla,Model Y Long Range,2020,88000,not defined,425.0HP Electric Motor Electric Fuel System,Automatic,Gray,White,None reported,Yes,"$35,500",425.0,0.0,Electric,5.0
3657,3657,Toyota,Highlander XLE,2018,74000,Gasoline,295.0HP 3.5L V6 Cylinder Engine Gasoline Fuel,Automatic,White,Black,None reported,Yes,"$27,950",295.0,3.5,V6,7.0
3658,3658,Ford,F-150 XLT,2019,44460,Gasoline,325.0HP 2.7L V6 Cylinder Engine Gasoline Fuel,Automatic,Red,Gray,None reported,Yes,"$34,500",325.0,2.7,V6,5.0
3659,3659,GMC,Acadia SLE-2,2015,96000,Gasoline,281.0HP 3.6L V6 Cylinder Engine Gasoline Fuel,Automatic,Blue,Beige,None reported,Yes,"$17,000",281.0,3.6,V6,7.0
3660,3660,Porsche,Boxster Base,2005,75000,Gasoline,240.0HP 2.7L Flat 6 Cylinder Engine Gasoline Fuel,Manual,Silver,Black,not defined,No,"$17,500",240.0,2.7,Flat 6,2.0
3661,3661,Dodge,Charger R/T,2014,95000,Gasoline,370.0HP 5.7L 8 Cylinder Engine Gasoline Fuel,Dual Shift,Black,Black,None reported,Yes,"$17,900",370.0,5.7,V8,5.0
3662,3662,Land,Rover Range Rover Sport Supercharged HSE,2016,49799,Gasoline,340.0HP 3.0L V6 Cylinder Engine Gasoline Fuel,Automatic,Brown,Brown,None reported,Yes,"$37,500",340.0,3.0,V6,5.0
3663,3663,Ford,Mustang GT,2006,27407,Gasoline,300.0HP 4.6L 8 Cylinder Engine Gasoline Fuel,Manual,Silver,Red,None reported,Yes,"$21,750",300.0,4.6,V8,4.0
3664,3664,Alfa,Romeo Giulia Ti,2020,23339,Gasoline,2.0L I4 16V GDI SOHC Turbo,Automatic,Rosso,Black,not defined,No,"$34,645",280.0,2.0,I4,5.0
3665,3665,Tesla,Model S 90D,2016,74122,not defined,417.0HP Electric Motor Electric Fuel System,Automatic,Black,Black,None reported,Yes,"$35,900",417.0,0.0,Electric,5.0
3666,3666,Jaguar,XK8 Base,1997,50000,Gasoline,290.0HP 4.0L 8 Cylinder Engine Gasoline Fuel,Automatic,White,Beige,None reported,Yes,"$6,000",290.0,4.0,V8,2.0
3667,3667,Mercedes-Benz,GLC 300 GLC 300,2021,14745,Gasoline,2.0 Liter Turbo,Automatic,Graphite Grey,–,None reported,No,"$38,998",255.0,2.0,I4,5.0
3668,3668,Chevrolet,Corvette Stingray w/3LT,2021,2700,Gasoline,490.0HP 6.2L 8 Cylinder Engine Gasoline Fuel,Dual Shift,Blue,Blue,None reported,Yes,"$85,950",490.0,6.2,V8,2.0
3669,3669,Buick,Regal Turbo - Premium 1,2012,190000,Gasoline,220.0HP 2.0L 4 Cylinder Engine Gasoline Fuel,Automatic,Beige,Beige,At least 1 accident or damage reported,Yes,"$6,000",220.0,2.0,I4,5.0
3670,3670,Audi,A4 2.0T Premium,2014,90236,E85 Flex Fuel,220.0HP 2.0L 4 Cylinder Engine Flex Fuel Capability,Dual Shift,Gray,Black,None reported,Yes,"$9,999",220.0,2.0,I4,5.0
3671,3671,Jeep,Gladiator Overland,2020,4000,Gasoline,285.0HP 3.6L V6 Cylinder Engine Gasoline Fuel,Automatic,Silver,Black,None reported,Yes,"$50,000",285.0,3.6,V6,5.0
3672,3672,Land,Rover Range Rover Westminster SWB,2022,2220,Hybrid,395.0HP 3.0L Straight 6 Cylinder Engine Gasoline/Mild Electric Hybrid,Automatic,Blue,White,None reported,Yes,"$115,999",395.0,3.0,Straight 6,5.0
3673,3673,GMC,Yukon XL Denali,2017,124000,Gasoline,420.0HP 6.2L 8 Cylinder Engine Gasoline Fuel,Automatic,Gray,Beige,At least 1 accident or damage reported,Yes,"$32,000",420.0,6.2,V8,8.0
3674,3674,Ford,Ranger Lariat,2019,45163,Gasoline,2.3L I4 16V GDI DOHC Turbo,Automatic,Red,–,None reported,Yes,"$35,690",270.0,2.3,I4,5.0
3675,3675,Volkswagen,Passat 2.0T SE,2020,49400,Gasoline,174.0HP 2.0L 4 Cylinder Engine Gasoline Fuel,Automatic,Black,Brown,None reported,Yes,"$20,900",174.0,2.0,I4,5.0
3676,3676,Porsche,911 Carrera,2020,11256,Gasoline,379.0HP 3.0L Flat 6 Cylinder Engine Gasoline Fuel,Automatic,Red,Black,None reported,Yes,"$124,900",379.0,3.0,H6,2.0
3677,3677,Chevrolet,Corvette Stingray w/1LT,2021,13700,Gasoline,490.0HP 6.2L 8 Cylinder Engine Gasoline Fuel,Automatic,White,Red,None reported,Yes,"$75,000",490.0,6.2,V8,2.0
3678,3678,Land,Rover Range Rover HSE,2011,174678,Gasoline,230.0HP 3.2L Straight 6 Cylinder Engine Gasoline Fuel,Automatic,Black,Black,None reported,Yes,"$9,500",230.0,3.2,V8,5.0
3679,3679,Lexus,RX 450h F Sport Handling,2022,1600,Hybrid,308.0HP 3.5L V6 Cylinder Engine Gas/Electric Hybrid,Automatic,White,Black,None reported,Yes,"$59,000",308.0,3.5,V6,5.0
3680,3680,Porsche,911 GT3 RS,2019,15509,Gasoline,4.0L H6 24V GDI DOHC,Automatic,Lizard Green,Black,None reported,No,"$229,900",520.0,4.0,H6,2.0
3681,3681,Ford,Expedition Platinum,2020,69849,Gasoline,3.5L V6 24V GDI DOHC Twin Turbo,Automatic,Red,Ebony,None reported,Yes,"$48,149",400.0,3.5,V6,8.0
3682,3682,Toyota,Tacoma PreRunner,2008,160000,Gasoline,236.0HP 4.0L V6 Cylinder Engine Gasoline Fuel,Automatic,White,–,At least 1 accident or damage reported,Yes,"$17,000",236.0,4.0,V6,5.0
3683,3683,Toyota,Mirai Base,2016,40000,not defined,151.0HP Electric Motor Hydrogen Fuel,Automatic,Silver,Black,None reported,Yes,"$9,500",151.0,0.0,Electric,5.0
3684,3684,Ford,Explorer Sport Trac XLT,2007,228000,Gasoline,292.0HP 4.6L 8 Cylinder Engine Gasoline Fuel,Automatic,Red,Beige,At least 1 accident or damage reported,Yes,"$3,850",292.0,4.6,V8,5.0
3685,3685,GMC,Sierra 1500 SLE1 Extended Cab,2008,187000,not defined,–,Automatic,Red,Gray,At least 1 accident or damage reported,Yes,"$6,100",355.0,5.3,V8,5.0
3686,3686,Mercedes-Benz,C-Class C 300 Luxury,2015,102000,Gasoline,241.0HP 2.0L 4 Cylinder Engine Gasoline Fuel,Automatic,Black,Black,None reported,Yes,"$17,000",241.0,2.0,I4,5.0
3687,3687,Cadillac,SRX Standard,2016,48000,Gasoline,308.0HP 3.6L V6 Cylinder Engine Gasoline Fuel,Automatic,White,Black,At least 1 accident or damage reported,Yes,"$24,995",308.0,3.6,V6,5.0
3688,3688,Chrysler,Town & Country Touring-L,2012,163500,E85 Flex Fuel,283.0HP 3.6L V6 Cylinder Engine Flex Fuel Capability,Automatic,Gray,Beige,None reported,Yes,"$5,949",283.0,3.6,V6,7.0
3689,3689,Porsche,911 Carrera,2023,1500,Gasoline,379.0HP 3.0L Flat 6 Cylinder Engine Gasoline Fuel,Automatic,Silver,Black,None reported,Yes,"$149,000",379.0,3.0,H6,2.0
3690,3690,Porsche,718 Cayman GT4,2021,2100,Gasoline,414.0HP 4.0L Flat 6 Cylinder Engine Gasoline Fuel,Manual,Yellow,Black,not defined,No,"$136,900",414.0,4.0,Flat 6,2.0
3691,3691,Ford,F-350 Lariat,2018,66281,Diesel,450.0HP 6.7L 8 Cylinder Engine Diesel Fuel,Dual Shift,Gray,Black,None reported,Yes,"$63,500",450.0,6.7,V8,5.0
3692,3692,Ford,Mustang Mach-E Select,2021,18000,not defined,266.0HP Electric Motor Electric Fuel System,Automatic,Blue,Black,None reported,Yes,"$39,499",266.0,0.0,Electric,5.0
3693,3693,Ford,F-150 XL,2014,27300,Gasoline,365.0HP 3.5L V6 Cylinder Engine Gasoline Fuel,Automatic,Gray,Gray,None reported,Yes,"$21,500",365.0,3.5,V6,5.0
3694,3694,Mazda,CX-30 Base,2020,19319,Gasoline,2.5L I4 16V GDI DOHC,Automatic,Snowflake White Pearl,Black,At least 1 accident or damage reported,Yes,"$24,899",186.0,2.5,I4,5.0
3695,3695,Mercedes-Benz,AMG G AMG G 63 4MATIC,2016,32936,Gasoline,563.0HP 5.5L 8 Cylinder Engine Gasoline Fuel,Dual Shift,White,Beige,At least 1 accident or damage reported,Yes,"$90,000",563.0,5.5,V8,5.0
3696,3696,BMW,M4 Base,2017,30450,Gasoline,425.0HP 3.0L Straight 6 Cylinder Engine Gasoline Fuel,Dual Shift,White,Black,None reported,Yes,"$52,999",425.0,3.0,I6,2.0
3697,3697,Jeep,Wrangler Sport,2017,38200,Gasoline,285.0HP 3.6L V6 Cylinder Engine Gasoline Fuel,Automatic,Red,–,None reported,Yes,"$29,500",285.0,3.6,V6,5.0
3698,3698,Jeep,Wrangler Sport,2020,26315,Gasoline,2.0L I4 16V GDI DOHC Turbo,Automatic,Black Clearcoat,Black,None reported,Yes,"$31,871",190.0,2.0,I4,5.0
3699,3699,Chevrolet,Silverado 1500 LS,2003,110000,Gasoline,270.0HP 4.8L 8 Cylinder Engine Gasoline Fuel,Automatic,Green,Beige,None reported,Yes,"$8,900",270.0,4.8,V8,5.0
3700,3700,MINI,Hardtop Cooper,2014,19700,Gasoline,189.0HP 2.0L 4 Cylinder Engine Gasoline Fuel,Automatic,Silver,Black,None reported,Yes,"$13,500",189.0,2.0,I3,4.0
3701,3701,Honda,Element EX,2008,192000,Gasoline,166.0HP 2.4L 4 Cylinder Engine Gasoline Fuel,Automatic,Black,Gray,At least 1 accident or damage reported,Yes,"$11,000",166.0,2.4,I4,5.0
3702,3702,Porsche,911 Carrera 4S,2017,26000,Gasoline,420.0HP 3.0L Flat 6 Cylinder Engine Gasoline Fuel,Dual Shift,Gray,Red,None reported,Yes,"$116,911",420.0,3.0,H6,4.0
3703,3703,Subaru,Impreza Outback Sport Wagon,2008,98313,Gasoline,170.0HP 2.5L 4 Cylinder Engine Gasoline Fuel,Automatic,Silver,Gray,None reported,Yes,"$7,495",170.0,2.5,I4,5.0
3704,3704,Cadillac,XT5 Premium Luxury,2021,66500,Gasoline,310.0HP 3.6L V6 Cylinder Engine Gasoline Fuel,Automatic,Silver,Black,None reported,Yes,"$28,500",310.0,3.6,V6,5.0
3705,3705,Nissan,Kicks S,2022,19877,Gasoline,1.6L I4 16V MPFI DOHC,Automatic,Super Black,Charcoal,None reported,No,"$18,999",122.0,1.6,I4,5.0
3706,3706,Kia,Seltos S,2021,16100,Gasoline,146.0HP 2.0L 4 Cylinder Engine Gasoline Fuel,Automatic,Blue,Black,None reported,Yes,"$25,500",146.0,2.0,I4,5.0
3707,3707,GMC,Yukon SLE,2016,83858,Gasoline,355.0HP 5.3L 8 Cylinder Engine Gasoline Fuel,Automatic,Blue,Gray,At least 1 accident or damage reported,Yes,"$27,633",355.0,5.3,V8,8.0
3708,3708,Mercedes-Benz,GLE 350 Base 4MATIC,2020,24108,Gasoline,255.0HP 2.0L 4 Cylinder Engine Gasoline Fuel,Automatic,Black,Black,None reported,Yes,"$56,000",255.0,2.0,I4,5.0
3709,3709,Ford,Explorer XLT,2020,42609,Gasoline,2.3L I4 16V GDI DOHC Turbo,Automatic,Magnetic Metallic,Ebony,At least 1 accident or damage reported,Yes,"$32,107",300.0,2.3,I4,7.0
3710,3710,Subaru,Impreza 2.0i Premium,2017,160000,Gasoline,152.0HP 2.0L 4 Cylinder Engine Gasoline Fuel,Automatic,White,Beige,At least 1 accident or damage reported,Yes,"$7,750",152.0,2.0,I4,5.0
3711,3711,INFINITI,QX80 Base,2017,121525,Gasoline,400.0HP 5.6L 8 Cylinder Engine Gasoline Fuel,Automatic,Black,Black,At least 1 accident or damage reported,Yes,"$28,500",400.0,5.6,V8,8.0
3712,3712,Kia,Telluride S,2023,6423,Gasoline,291.0HP 3.8L V6 Cylinder Engine Gasoline Fuel,Automatic,Gray,Black,None reported,Yes,"$42,500",291.0,3.8,V6,8.0
3713,3713,Pontiac,Solstice Base,2007,62310,Gasoline,177.0HP 2.4L 4 Cylinder Engine Gasoline Fuel,Automatic,Gray,Black,None reported,Yes,"$12,900",177.0,2.4,I4,2.0
3714,3714,Mazda,Mazda6 Carbon Edition,2021,21444,Gasoline,2.5L I4 16V,Automatic,Polymetal Gray Metallic,Red,None reported,Yes,"$29,995",187.0,2.5,I4,5.0
3715,3715,Ford,Transit-350 Base,2015,112000,Gasoline,310.0HP 3.5L V6 Cylinder Engine Gasoline Fuel,Automatic,White,Gray,At least 1 accident or damage reported,Yes,"$29,500",310.0,3.5,V6,12.0
3716,3716,Hyundai,Genesis Coupe 3.8 Grand Touring,2013,60000,Gasoline,344.0HP 3.8L V6 Cylinder Engine Gasoline Fuel,Automatic,White,–,None reported,Yes,"$16,500",344.0,3.8,V6,4.0
3717,3717,Dodge,Dart SE,2013,153250,Gasoline,160.0HP 1.4L 4 Cylinder Engine Gasoline Fuel,Automatic,Silver,Black,None reported,Yes,"$4,399",160.0,1.4,I4,5.0
3718,3718,Jeep,Wrangler Unlimited Sahara,2019,57000,Gasoline,285.0HP 3.6L V6 Cylinder Engine Gasoline Fuel,Automatic,Gray,Black,None reported,Yes,"$39,900",285.0,3.6,V6,5.0
3719,3719,Chevrolet,Tahoe LTZ,2011,140401,E85 Flex Fuel,320.0HP 5.3L 8 Cylinder Engine Flex Fuel Capability,Automatic,Red,Beige,At least 1 accident or damage reported,Yes,"$16,000",320.0,5.3,V8,7.0
3720,3720,Ford,F-150 Tremor,2023,5500,Gasoline,400.0HP 3.5L V6 Cylinder Engine Gasoline Fuel,Automatic,Gray,Black,None reported,Yes,"$70,000",400.0,3.5,V6,5.0
3721,3721,Chevrolet,Corvette Stingray w/2LT,2022,2010,Gasoline,490.0HP 6.2L 8 Cylinder Engine Gasoline Fuel,Dual Shift,Gray,Brown,None reported,Yes,"$89,000",490.0,6.2,V8,2.0
3722,3722,Tesla,Model 3 Long Range,2018,24360,not defined,271.0HP Electric Motor Electric Fuel System,Automatic,Black,White,None reported,Yes,"$31,500",271.0,0.0,Electric,5.0
3723,3723,Audi,A4 2.0T Premium,2013,96800,Gasoline,211.0HP 2.0L 4 Cylinder Engine Gasoline Fuel,Automatic,Gray,Black,At least 1 accident or damage reported,Yes,"$11,000",211.0,2.0,I4,5.0
3724,3724,Cadillac,CTS Performance,2014,34988,Gasoline,318.0HP 3.6L V6 Cylinder Engine Gasoline Fuel,Automatic,Red,Black,None reported,Yes,"$21,500",318.0,3.6,V6,5.0
3725,3725,Nissan,Frontier SV,2012,65750,Gasoline,261.0HP 4.0L V6 Cylinder Engine Gasoline Fuel,Automatic,Black,Gray,At least 1 accident or damage reported,Yes,"$15,995",261.0,4.0,V6,5.0
3726,3726,Chevrolet,Silverado 1500 LTZ,2019,56654,Gasoline,6.2L V8 16V GDI OHV,Automatic,Cajun Red Tintcoat,Jet Black,None reported,Yes,"$43,860",355.0,6.2,V8,5.0
3727,3727,Lincoln,MKT Base,2016,140200,Gasoline,303.0HP 3.7L V6 Cylinder Engine Gasoline Fuel,Automatic,Black,Black,None reported,Yes,"$10,500",303.0,3.7,V6,7.0
3728,3728,Chevrolet,Cruze LT Automatic,2016,122971,Gasoline,1.4L I4 16V GDI DOHC Turbo,Automatic,Kinetic Blue,Jet Black,At least 1 accident or damage reported,Yes,"$12,999",153.0,1.4,I4,5.0
3729,3729,Nissan,Xterra S,2008,227010,Gasoline,261.0HP 4.0L V6 Cylinder Engine Gasoline Fuel,Automatic,Gray,Gray,None reported,Yes,"$3,850",261.0,4.0,V6,5.0
3730,3730,Ford,F-150 Lariat SuperCrew,2004,271000,Gasoline,300.0HP 5.4L 8 Cylinder Engine Gasoline Fuel,Automatic,Red,Beige,At least 1 accident or damage reported,Yes,"$9,500",300.0,5.4,V8,5.0
3731,3731,Porsche,911 Turbo,2022,13800,Gasoline,572.0HP 3.8L Flat 6 Cylinder Engine Gasoline Fuel,Automatic,Gray,Red,None reported,Yes,"$234,000",572.0,3.8,Flat 6,2.0
3732,3732,Dodge,Ram 2500 Quad Cab,2001,171079,Diesel,245.0HP 5.9L Straight 6 Cylinder Engine Diesel Fuel,Automatic,Silver,Gray,None reported,Yes,"$27,500",245.0,5.9,I6,5.0
3733,3733,Chevrolet,Colorado ZR2,2021,24915,Gasoline,3.6L V6 24V GDI DOHC,Automatic,Satin Steel Metallic,Jet Black,None reported,No,"$44,791",308.0,3.6,V6,5.0
3734,3734,Nissan,Kicks S,2022,15577,Gasoline,1.6L I4 16V MPFI DOHC,Automatic,Electric Blue Metallic,Charcoal,None reported,No,"$19,599",122.0,1.6,I4,5.0
3735,3735,Audi,S4 3.0T Premium Plus,2014,102370,Gasoline,333.0HP 3.0L V6 Cylinder Engine Gasoline Fuel,Automatic,Gray,Black,None reported,Yes,"$21,373",333.0,3.0,V6,5.0
3736,3736,Lamborghini,Gallardo LP570-4 Superleggera,2011,16000,Gasoline,562.0HP 5.2L 10 Cylinder Engine Gasoline Fuel,Dual Shift,Yellow,Black,None reported,Yes,"$229,000",562.0,5.2,V10,2.0
3737,3737,Mercedes-Benz,C-Class C 250 Luxury,2012,122000,Gasoline,201.0HP 1.8L 4 Cylinder Engine Gasoline Fuel,Automatic,White,White,None reported,Yes,"$15,000",201.0,1.8,I4,5.0
3738,3738,FIAT,500X Trekking Plus,2016,48500,Gasoline,180.0HP 2.4L 4 Cylinder Engine Gasoline Fuel,Automatic,Yellow,Brown,None reported,Yes,"$15,999",180.0,2.4,I4,5.0
3739,3739,Ford,F-150 XLT,2018,53500,Gasoline,325.0HP 2.7L V6 Cylinder Engine Gasoline Fuel,Automatic,Brown,Beige,At least 1 accident or damage reported,Yes,"$31,500",325.0,2.7,V6,5.0
3740,3740,Ford,F-250 XL Crew Cab Super Duty,2004,315000,Diesel,325.0HP 6.0L 8 Cylinder Engine Diesel Fuel,Automatic,White,Gray,None reported,Yes,"$9,200",325.0,6.0,V8,5.0
3741,3741,Ford,E350 Super Duty Base,2006,158000,Gasoline,305.0HP 6.8L 10 Cylinder Engine Gasoline Fuel,Automatic,White,Gray,At least 1 accident or damage reported,Yes,"$8,500",305.0,6.8,V10,5.0
3742,3742,Kia,Sorento SXL,2019,43850,Gasoline,290.0HP 3.3L V6 Cylinder Engine Gasoline Fuel,Automatic,Black,Black,At least 1 accident or damage reported,Yes,"$30,000",290.0,3.3,V6,7.0
3743,3743,Mercedes-Benz,C-Class C 300 4MATIC Sport,2015,73500,Gasoline,241.0HP 2.0L 4 Cylinder Engine Gasoline Fuel,Automatic,White,Black,None reported,Yes,"$19,000",241.0,2.0,I4,5.0
3744,3744,Nissan,Altima 2.5 SL,2014,153350,Gasoline,182.0HP 2.5L 4 Cylinder Engine Gasoline Fuel,Automatic,Black,Black,At least 1 accident or damage reported,Yes,"$9,000",182.0,2.5,I4,5.0
3745,3745,Volkswagen,Tiguan 2.0T SEL Premium R-Line,2019,74000,Gasoline,184.0HP 2.0L 4 Cylinder Engine Gasoline Fuel,Automatic,White,Silver,None reported,Yes,"$25,500",184.0,2.0,I4,5.0
3746,3746,BMW,328 i xDrive,2013,52000,Gasoline,240.0HP 2.0L 4 Cylinder Engine Gasoline Fuel,Dual Shift,White,Beige,None reported,Yes,"$17,500",240.0,2.0,I4,5.0
3747,3747,Audi,Q4 e-tron 50 Premium Plus,2022,250,not defined,295.0HP Electric Motor Electric Fuel System,Automatic,Gray,Black,None reported,Yes,"$52,000",295.0,0.0,Electric,5.0
3748,3748,Nissan,Pathfinder S,2017,145000,Gasoline,284.0HP 3.5L V6 Cylinder Engine Gasoline Fuel,Automatic,Silver,Gray,At least 1 accident or damage reported,Yes,"$8,500",284.0,3.5,V6,7.0
3749,3749,Subaru,Ascent Touring 7-Passenger,2020,40971,Gasoline,260.0HP 2.4L 4 Cylinder Engine Gasoline Fuel,Dual Shift,Blue,Brown,None reported,Yes,"$32,500",260.0,2.4,I4,7.0
3750,3750,Ford,E350 Super Duty XLT,2010,248000,E85 Flex Fuel,255.0HP 5.4L 8 Cylinder Engine Flex Fuel Capability,Automatic,Silver,Beige,At least 1 accident or damage reported,Yes,"$14,000",255.0,5.4,V8,5.0
3751,3751,GMC,HUMMER EV Edition 1,2023,940,not defined,Electric Motor Electric Fuel System,Automatic,White,Black,not defined,No,"$146,000",1000.0,0.0,Electric,5.0
3752,3752,BMW,M3 CS,2018,38000,Gasoline,453.0HP 3.0L Straight 6 Cylinder Engine Gasoline Fuel,Automatic,White,Black,None reported,Yes,"$60,500",453.0,3.0,I6,4.0
3753,3753,Acura,TLX V6 Advance,2016,128000,Gasoline,290.0HP 3.5L V6 Cylinder Engine Gasoline Fuel,Automatic,Gray,Black,None reported,Yes,"$19,500",290.0,3.5,V6,5.0
3754,3754,Chevrolet,Silverado 1500 ZR2,2022,7455,Gasoline,6.2L V8 16V GDI OHV,Automatic,Glacier Blue Metallic,Jet Black,None reported,No,"$68,990",420.0,6.2,V8,5.0
3755,3755,Jeep,Wrangler SE,1999,137790,Gasoline,120.0HP 2.5L 4 Cylinder Engine Gasoline Fuel,Manual,Red,–,None reported,Yes,"$12,000",120.0,2.5,I4,4.0
3756,3756,Ford,Edge Sport,2016,92000,Gasoline,315.0HP 2.7L V6 Cylinder Engine Gasoline Fuel,Automatic,White,Black,None reported,Yes,"$19,995",315.0,2.7,V6,5.0
3757,3757,Porsche,911 Carrera Cabriolet,2001,21450,Gasoline,300.0HP 3.4L Flat 6 Cylinder Engine Gasoline Fuel,Manual,Black,Black,None reported,Yes,"$36,000",300.0,3.4,Flat 6,2.0
3758,3758,Nissan,Murano SL,2021,43875,Gasoline,3.5L V6 24V MPFI DOHC,Automatic,Magnetic Black,Graphite,At least 1 accident or damage reported,No,"$29,725",260.0,3.5,V6,5.0
3759,3759,Pontiac,G8 GT,2009,81327,Gasoline,355.0HP 6.0L 8 Cylinder Engine Gasoline Fuel,Dual Shift,Black,Black,None reported,Yes,"$17,500",355.0,6.0,V8,5.0
3760,3760,Mercedes-Benz,E-Class E 350,2021,72836,Gasoline,255.0HP 2.0L 4 Cylinder Engine Gasoline Fuel,Automatic,White,Beige,None reported,Yes,"$41,000",255.0,2.0,I4,5.0
3761,3761,McLaren,720S Performance,2020,5072,Gasoline,4.0L V8 32V MPFI DOHC Twin Turbo,Automatic,Black,Red,None reported,Yes,"$279,950",710.0,4.0,V8,2.0
3762,3762,Jeep,Commander Sport,2007,161900,E85 Flex Fuel,235.0HP 4.7L 8 Cylinder Engine Flex Fuel Capability,Automatic,Blue,Gray,At least 1 accident or damage reported,Yes,"$4,800",235.0,4.7,V8,7.0
3763,3763,Audi,A5 45 S line Premium Plus,2022,24500,Hybrid,261.0HP 2.0L 4 Cylinder Engine Gasoline/Mild Electric Hybrid,Dual Shift,White,Black,None reported,Yes,"$47,000",261.0,2.0,I4,5.0
3764,3764,BMW,M550 i xDrive,2018,14993,Gasoline,456.0HP 4.4L 8 Cylinder Engine Gasoline Fuel,Automatic,Gray,Black,None reported,Yes,"$44,900",456.0,4.4,V8,5.0
3765,3765,Volkswagen,Jetta 1.4T R-Line,2019,96000,Gasoline,147.0HP 1.4L 4 Cylinder Engine Gasoline Fuel,Automatic,Orange,White,At least 1 accident or damage reported,Yes,"$14,980",147.0,1.4,I4,5.0
3766,3766,Porsche,Taycan 4S,2022,7900,not defined,482.0HP Electric Motor Electric Fuel System,Automatic,Red,–,None reported,Yes,"$108,000",482.0,0.0,Electric,4.0
3767,3767,Cadillac,CTS 2.0L Turbo Luxury,2019,35566,Gasoline,265.0HP 2.0L 4 Cylinder Engine Gasoline Fuel,Automatic,White,Beige,At least 1 accident or damage reported,Yes,"$26,000",265.0,2.0,I4,5.0
3768,3768,Lexus,IS-F Base,2008,113000,Gasoline,416.0HP 5.0L 8 Cylinder Engine Gasoline Fuel,Automatic,Black,Black,At least 1 accident or damage reported,Yes,"$34,000",416.0,5.0,V8,5.0
3769,3769,Ford,Explorer XLT,2022,20678,Gasoline,300.0HP 2.3L 4 Cylinder Engine Gasoline Fuel,Automatic,Red,Black,None reported,Yes,"$46,000",300.0,2.3,I4,7.0
3770,3770,Porsche,911 Turbo Cabriolet,2008,10900,Gasoline,480.0HP 3.6L Flat 6 Cylinder Engine Gasoline Fuel,Manual,Black,Black,None reported,Yes,"$129,000",480.0,3.6,Flat 6,2.0
3771,3771,Buick,LaCrosse Leather,2012,19079,Hybrid,182.0HP 2.4L 4 Cylinder Engine Gasoline/Mild Electric Hybrid,Automatic,Gold,Beige,None reported,Yes,"$15,995",182.0,2.4,I4,5.0
3772,3772,Mazda,RX-8 Sport,2008,155500,Gasoline,212.0HP 1.3L Rotary engine Gasoline Fuel,Automatic,Blue,Black,At least 1 accident or damage reported,Yes,"$6,800",212.0,1.3,Rotary,4.0
3773,3773,Ford,Mustang GT Premium,2019,35500,Gasoline,460.0HP 5.0L 8 Cylinder Engine Gasoline Fuel,Automatic,White,Black,None reported,Yes,"$32,300",460.0,5.0,V8,4.0
3774,3774,Mazda,Mazda6 Touring,2021,52253,Gasoline,2.5L I4 16V GDI DOHC,Automatic,Snowflake White Pearl,Black,At least 1 accident or damage reported,Yes,"$25,215",187.0,2.5,I4,5.0
3775,3775,Ford,Ranger Edge SuperCab,2004,110000,Gasoline,148.0HP 3.0L V6 Cylinder Engine Gasoline Fuel,Automatic,White,Gray,At least 1 accident or damage reported,Yes,"$8,500",148.0,3.0,V6,5.0
3776,3776,Volkswagen,Golf GTI 2.0T SE w/Performance Package 4-Door,2016,59250,Gasoline,220.0HP 2.0L 4 Cylinder Engine Gasoline Fuel,Dual Shift,Gray,Black,None reported,Yes,"$18,999",220.0,2.0,I4,5.0
3777,3777,Ford,Thunderbird Deluxe,2004,39000,Gasoline,280.0HP 3.9L 8 Cylinder Engine Gasoline Fuel,Automatic,Black,Beige,not defined,No,"$22,000",280.0,3.9,V8,4.0
3778,3778,Hummer,H2 Base,2008,155000,Gasoline,393.0HP 6.2L 8 Cylinder Engine Gasoline Fuel,Automatic,Green,Black,At least 1 accident or damage reported,Yes,"$37,000",393.0,6.2,V8,5.0
3779,3779,BMW,X5 sDrive35i,2017,39250,Gasoline,300.0HP 3.0L Straight 6 Cylinder Engine Gasoline Fuel,Automatic,Black,Beige,None reported,Yes,"$28,900",300.0,3.0,I6,5.0
3780,3780,BMW,X3 xDrive30i,2020,23647,Gasoline,2.0L I4 16V GDI DOHC Turbo,Automatic,Black Sapphire Metallic,Canberra Beige,None reported,Yes,"$37,998",248.0,2.0,I4,5.0
3781,3781,Hyundai,Accent GLS,2014,127941,Gasoline,138.0HP 1.6L 4 Cylinder Engine Gasoline Fuel,Automatic,Silver,Gray,None reported,Yes,"$7,500",138.0,1.6,I4,5.0
3782,3782,RAM,1500 Big Horn,2014,124000,Gasoline,395.0HP 5.7L 8 Cylinder Engine Gasoline Fuel,Automatic,Black,Black,None reported,Yes,"$24,850",395.0,5.7,V8,5.0
3783,3783,Ford,Bronco Heritage Edition Advanced,2023,1500,Gasoline,275.0HP 2.3L 4 Cylinder Engine Gasoline Fuel,Manual,Red,–,None reported,Yes,"$60,000",275.0,2.3,I4,5.0
3784,3784,MINI,Countryman Cooper S ALL4,2014,70700,Gasoline,181.0HP 1.6L 4 Cylinder Engine Gasoline Fuel,Automatic,White,Black,None reported,Yes,"$15,750",181.0,1.6,I4,5.0
3785,3785,Cadillac,Escalade Premium,2013,113395,E85 Flex Fuel,403.0HP 6.2L 8 Cylinder Engine Flex Fuel Capability,Automatic,Beige,Beige,At least 1 accident or damage reported,Yes,"$18,800",403.0,6.2,V8,7.0
3786,3786,Mercedes-Benz,GLE 350 GLE 350,2022,18815,Gasoline,2.0 Liter Turbo,Automatic,Black,Black,None reported,No,"$61,998",255.0,2.0,I4,5.0
3787,3787,Toyota,4Runner Limited,2014,65000,Gasoline,270.0HP 4.0L V6 Cylinder Engine Gasoline Fuel,Automatic,Gray,Red,None reported,Yes,"$27,999",270.0,4.0,V6,5.0
3788,3788,Audi,A8 L 55,2019,23350,Hybrid,335.0HP 3.0L V6 Cylinder Engine Gasoline/Mild Electric Hybrid,Dual Shift,Black,Brown,None reported,Yes,"$48,000",335.0,3.0,V6,5.0
3789,3789,Lexus,ES 350 Base,2019,39000,Gasoline,302.0HP 3.5L V6 Cylinder Engine Gasoline Fuel,Dual Shift,Black,Red,At least 1 accident or damage reported,Yes,"$34,000",302.0,3.5,V6,5.0
3790,3790,Toyota,4Runner Limited Nightshade,2019,48842,Gasoline,4.0L V6 24V MPFI DOHC,Automatic,White,–,At least 1 accident or damage reported,Yes,"$39,857",270.0,4.0,V6,5.0
3791,3791,FIAT,500 Sport,2015,47800,Gasoline,101.0HP 1.4L 4 Cylinder Engine Gasoline Fuel,Automatic,Black,Black,At least 1 accident or damage reported,Yes,"$11,500",101.0,1.4,I4,4.0
3792,3792,Ford,Maverick XLT,2022,52000,Hybrid,191.0HP 2.5L 4 Cylinder Engine Gas/Electric Hybrid,Automatic,Blue,Gray,None reported,Yes,"$28,000",191.0,2.5,I4,5.0
3793,3793,Ford,Mustang GT,2006,16000,Gasoline,300.0HP 4.6L 8 Cylinder Engine Gasoline Fuel,Automatic,Silver,Black,None reported,Yes,"$22,000",300.0,4.6,V8,4.0
3794,3794,Jeep,Wrangler Sport,2023,7102,Gasoline,2.0L I4 16V GDI DOHC Turbo,Automatic,Bright White Clearcoat,Black,None reported,Yes,"$40,995",190.0,2.0,I4,5.0
3795,3795,Jeep,Grand Cherokee Limited,2015,157000,E85 Flex Fuel,290.0HP 3.6L V6 Cylinder Engine Flex Fuel Capability,Automatic,White,Black,None reported,Yes,"$17,000",290.0,3.6,V6,5.0
3796,3796,Ford,Mustang Mach-E GT,2023,9095,not defined,480.0HP Electric Motor Electric Fuel System,Automatic,Orange,Gray,None reported,Yes,"$59,000",480.0,0.0,Electric,5.0
3797,3797,Jeep,Compass Sport,2010,179700,Gasoline,172.0HP 2.4L 4 Cylinder Engine Gasoline Fuel,Automatic,Black,Gray,At least 1 accident or damage reported,Yes,"$4,500",172.0,2.4,I4,5.0
3798,3798,Lexus,LS 430 Base,2006,170000,Gasoline,278.0HP 4.3L 8 Cylinder Engine Gasoline Fuel,Automatic,Silver,Gray,None reported,Yes,"$7,500",278.0,4.3,V8,5.0
3799,3799,Rolls-Royce,Cullinan,2022,3420,Gasoline,6.7L V12 48V GDI DOHC Twin Turbo,Automatic,Red,Black,None reported,Yes,"$399,950",563.0,6.7,V12,5.0
3800,3800,Ford,F-250 King Ranch,2021,93400,Diesel,475.0HP 6.7L 8 Cylinder Engine Diesel Fuel,Automatic,Red,Brown,not defined,No,"$69,995",475.0,6.7,V8,5.0
3801,3801,BMW,X5 xDrive50i,2011,110000,Gasoline,400.0HP 4.4L 8 Cylinder Engine Gasoline Fuel,Dual Shift,White,Blue,At least 1 accident or damage reported,Yes,"$12,000",400.0,4.4,V8,5.0
3802,3802,Porsche,911 Carrera,2016,22500,Gasoline,350.0HP 3.4L Flat 6 Cylinder Engine Gasoline Fuel,Automatic,Gray,Beige,None reported,Yes,"$78,000",350.0,3.4,H6,2.0
3803,3803,Ford,Focus ST Base,2013,20800,Gasoline,252.0HP 2.0L 4 Cylinder Engine Gasoline Fuel,Manual,Yellow,Gray,None reported,Yes,"$19,795",252.0,2.0,I4,5.0
3804,3804,Lexus,ES 300h Base,2018,100868,Hybrid,200.0HP 2.5L 4 Cylinder Engine Gas/Electric Hybrid,Automatic,White,Beige,At least 1 accident or damage reported,Yes,"$23,400",200.0,2.5,I4,5.0
3805,3805,Volkswagen,CC Sport,2012,131986,Gasoline,200.0HP 2.0L 4 Cylinder Engine Gasoline Fuel,Manual,White,Black,At least 1 accident or damage reported,Yes,"$9,000",200.0,2.0,I4,5.0
3806,3806,Volkswagen,Golf SportWagen TSI S 4-Door,2016,127770,Gasoline,170.0HP 1.8L 4 Cylinder Engine Gasoline Fuel,Manual,White,Beige,None reported,Yes,"$13,800",170.0,1.8,I4,5.0
3807,3807,Porsche,911 Carrera S,2013,56985,Gasoline,400.0HP 3.8L Flat 6 Cylinder Engine Gasoline Fuel,Automatic,Blue,Gray,None reported,Yes,"$65,900",400.0,3.8,Flat 6,2.0
3808,3808,Toyota,Prius Plug-in Base,2014,106000,Plug-In Hybrid,134.0HP 1.8L 4 Cylinder Engine Plug-In Electric/Gas,Automatic,Green,Beige,At least 1 accident or damage reported,Yes,"$11,800",134.0,1.8,I4,5.0
3809,3809,Ford,F-250 XLT,2019,92671,Diesel,450.0HP 6.7L 8 Cylinder Engine Diesel Fuel,Automatic,Black,Black,At least 1 accident or damage reported,Yes,"$50,000",450.0,6.7,V8,5.0
3810,3810,Mercedes-Benz,S-Class S 560 4MATIC,2019,49500,Gasoline,463.0HP 4.0L 8 Cylinder Engine Gasoline Fuel,Automatic,Black,Beige,None reported,Yes,"$55,900",463.0,4.0,V8,5.0
3811,3811,Porsche,911 Carrera,2020,16741,Gasoline,379.0HP 3.0L Flat 6 Cylinder Engine Gasoline Fuel,Automatic,Green,Black,None reported,Yes,"$112,500",379.0,3.0,H6,2.0
3812,3812,Ford,Mustang GT,2011,133504,Gasoline,412.0HP 5.0L 8 Cylinder Engine Gasoline Fuel,Manual,Black,Black,None reported,Yes,"$23,500",412.0,5.0,V8,4.0
3813,3813,Cadillac,CTS 2.0L Turbo Luxury,2019,20296,Gasoline,2.0L I4 16V GDI DOHC Turbo,Automatic,Red Obsession,Very Light Cashmere,None reported,No,"$30,599",272.0,2.0,I4,5.0
3814,3814,Volkswagen,Jetta 1.4T R-Line,2019,55234,Gasoline,1.4L I4 16V GDI DOHC Turbo,Automatic,Platinum Gray Metallic,Black / Gray,None reported,No,"$19,290",147.0,1.4,I4,5.0
3815,3815,Jeep,Wrangler X,2005,162482,Gasoline,190.0HP 4.0L Straight 6 Cylinder Engine Gasoline Fuel,Manual,Orange,Gray,None reported,Yes,"$11,000",190.0,4.0,I6,4.0
3816,3816,Lincoln,LS V8,2002,42000,Gasoline,252.0HP 3.9L 8 Cylinder Engine Gasoline Fuel,Automatic,Silver,Black,At least 1 accident or damage reported,Yes,"$11,000",252.0,3.9,V8,5.0
3817,3817,Ford,F-150 Lightning LARIAT,2022,470,not defined,563.0HP Electric Motor Electric Fuel System,Automatic,White,Gray,None reported,Yes,"$71,900",563.0,0.0,Electric,5.0
3818,3818,Mercedes-Benz,C-Class C55 AMG Sport,2006,98300,Gasoline,362.0HP 5.4L 8 Cylinder Engine Gasoline Fuel,Dual Shift,Black,Black,At least 1 accident or damage reported,Yes,"$15,900",362.0,5.4,V8,5.0
3819,3819,Audi,S6 4.0T Prestige,2013,53900,Gasoline,420.0HP 4.0L 8 Cylinder Engine Gasoline Fuel,Automatic,Black,Black,not defined,No,"$27,450",420.0,4.0,V8,5.0
3820,3820,BMW,335 i xDrive,2013,82849,Gasoline,300.0HP 3.0L Straight 6 Cylinder Engine Gasoline Fuel,Automatic,Red,Black,None reported,Yes,"$19,999",300.0,3.0,Straight 6,5.0
3821,3821,Porsche,911 Carrera 4S Cabriolet,2009,25500,Gasoline,385.0HP 3.8L Flat 6 Cylinder Engine Gasoline Fuel,Manual,Black,Black,None reported,Yes,"$79,995",385.0,3.8,Flat 6,2.0
3822,3822,Kia,Forte LXS,2020,53452,Gasoline,147.0HP 2.0L 4 Cylinder Engine Gasoline Fuel,Automatic,Silver,Black,At least 1 accident or damage reported,Yes,"$16,995",147.0,2.0,I4,5.0
3823,3823,Chevrolet,Corvette Base,2004,40011,Gasoline,350.0HP 5.7L 8 Cylinder Engine Gasoline Fuel,Automatic,Red,Black,None reported,Yes,"$23,500",350.0,5.7,V8,2.0
3824,3824,Hyundai,Santa Fe Sport 2.0L Turbo,2018,45800,Gasoline,240.0HP 2.0L 4 Cylinder Engine Gasoline Fuel,Automatic,Silver,Black,At least 1 accident or damage reported,Yes,"$20,900",240.0,2.0,I4,5.0
3825,3825,RAM,1500 Laramie,2022,15741,Gasoline,5.7L V8 16V MPFI OHV,Automatic,Flame Red Clearcoat,Black,None reported,No,"$45,999",395.0,5.7,V8,5.0
3826,3826,Kia,Sorento SX Prestige,2023,11100,Gasoline,281.0HP 2.5L 4 Cylinder Engine Gasoline Fuel,Dual Shift,White,Black,None reported,Yes,"$40,200",281.0,2.5,I4,5.0
3827,3827,Ford,F-250 XL,2020,36000,E85 Flex Fuel,385.0HP 6.2L 8 Cylinder Engine Flex Fuel Capability,Automatic,White,Gray,None reported,Yes,"$44,000",385.0,6.2,V8,5.0
3828,3828,BMW,X5 xDrive35i,2013,69750,Gasoline,300.0HP 3.0L Straight 6 Cylinder Engine Gasoline Fuel,Automatic,White,Brown,At least 1 accident or damage reported,Yes,"$15,999",300.0,3.0,Straight 6,5.0
3829,3829,Mercedes-Benz,C-Class C 300 4MATIC,2021,19162,Gasoline,255.0HP 2.0L 4 Cylinder Engine Gasoline Fuel,Dual Shift,Black,Black,None reported,Yes,"$38,500",255.0,2.0,I4,5.0
3830,3830,Audi,Q5 S line Premium Plus,2023,6046,Hybrid,2.0 Liter TFSI,Automatic,Daytona Gray,Black,None reported,No,"$51,598",248.0,2.0,I4,5.0
3831,3831,Ford,Explorer XLT,2020,17000,Gasoline,300.0HP 2.3L 4 Cylinder Engine Gasoline Fuel,Automatic,Blue,Black,At least 1 accident or damage reported,Yes,"$21,000",300.0,2.3,I4,7.0
3832,3832,Audi,A6 55 Premium,2019,10832,Hybrid,335.0HP 3.0L V6 Cylinder Engine Gasoline/Mild Electric Hybrid,Automatic,Black,Black,None reported,Yes,"$42,500",335.0,3.0,V6,5.0
3833,3833,Toyota,Matrix XR,2004,173452,Gasoline,130.0HP 1.8L 4 Cylinder Engine Gasoline Fuel,Automatic,Silver,Black,At least 1 accident or damage reported,Yes,"$4,000",130.0,1.8,I4,5.0
3834,3834,Kia,Optima SX Turbo,2017,103338,Gasoline,2.0L I4 16V GDI DOHC Turbo,Automatic,Remington Red Metallic,Black,At least 1 accident or damage reported,No,"$17,238",245.0,2.0,I4,5.0
3835,3835,Ford,F-150 Lariat,2022,28000,Gasoline,400.0HP 3.5L V6 Cylinder Engine Gasoline Fuel,Automatic,Black,Black,None reported,Yes,"$53,500",400.0,3.5,V6,5.0
3836,3836,Audi,Q8 3.0T Premium,2019,51984,Hybrid,335.0HP 3.0L V6 Cylinder Engine Gasoline/Mild Electric Hybrid,Automatic,White,–,None reported,Yes,"$44,870",335.0,3.0,V6,5.0
3837,3837,Chevrolet,Corvette Stingray w/2LT,2020,8974,Gasoline,490.0HP 6.2L 8 Cylinder Engine Gasoline Fuel,Automatic,Orange,Black,At least 1 accident or damage reported,Yes,"$79,900",490.0,6.2,V8,2.0
3838,3838,Scion,tC Anniversary Edition,2014,99999,Gasoline,179.0HP 2.5L 4 Cylinder Engine Gasoline Fuel,Manual,White,Black,None reported,Yes,"$10,998",179.0,2.5,I4,5.0
3839,3839,Mercedes-Benz,C-Class C 300,2017,59400,Gasoline,241.0HP 2.0L 4 Cylinder Engine Gasoline Fuel,Automatic,Black,Black,At least 1 accident or damage reported,Yes,"$21,000",241.0,2.0,I4,5.0
3840,3840,Nissan,Murano SV,2020,47147,Gasoline,3.5L V6 24V MPFI DOHC,Automatic,Brilliant Silver Metallic,Graphite,None reported,Yes,"$23,625",260.0,3.5,V6,5.0
3841,3841,Ford,Mustang GT,2018,53782,Gasoline,460.0HP 5.0L 8 Cylinder Engine Gasoline Fuel,Manual,Black,Black,At least 1 accident or damage reported,Yes,"$29,950",460.0,5.0,V8,4.0
3842,3842,Ford,Taurus SHO,2011,160000,Gasoline,365.0HP 3.5L V6 Cylinder Engine Gasoline Fuel,Automatic,Black,Black,None reported,Yes,"$4,700",365.0,3.5,V6,5.0
3843,3843,Chevrolet,Tahoe LTZ,2015,500,Gasoline,355.0HP 5.3L 8 Cylinder Engine Gasoline Fuel,Automatic,White,Black,At least 1 accident or damage reported,Yes,"$37,000",355.0,5.3,V8,7.0
3844,3844,Ford,Escape SEL,2020,42000,Gasoline,181.0HP 1.5L 3 Cylinder Engine Gasoline Fuel,Automatic,White,Beige,not defined,No,"$19,000",181.0,1.5,I3,5.0
3845,3845,Dodge,Grand Caravan SE,2018,64000,E85 Flex Fuel,283.0HP 3.6L V6 Cylinder Engine Flex Fuel Capability,Automatic,White,Gray,None reported,Yes,"$35,000",283.0,3.6,V6,7.0
3846,3846,Hyundai,Elantra HEV Limited,2021,28600,Hybrid,139.0HP 1.6L 4 Cylinder Engine Gas/Electric Hybrid,Automatic,Gray,Black,None reported,Yes,"$23,999",139.0,1.6,I4,5.0
3847,3847,GMC,Canyon Denali,2019,26339,Gasoline,308.0HP 3.6L V6 Cylinder Engine Gasoline Fuel,Automatic,Red,Black,At least 1 accident or damage reported,Yes,"$36,750",308.0,3.6,V6,5.0
3848,3848,Alfa,Romeo Giulia Quadrifoglio,2018,28644,Gasoline,505.0HP 2.9L V6 Cylinder Engine Gasoline Fuel,Automatic,Black,Black,not defined,No,"$41,500",505.0,2.9,V6,5.0
3849,3849,Subaru,Impreza WRX,2008,148740,Gasoline,224.0HP 2.5L 4 Cylinder Engine Gasoline Fuel,Manual,Black,Black,At least 1 accident or damage reported,Yes,"$14,500",224.0,2.5,I4,5.0
3850,3850,GMC,Sierra 2500 Denali,2021,16919,Diesel,445.0HP 6.6L 8 Cylinder Engine Diesel Fuel,Automatic,Black,Black,At least 1 accident or damage reported,Yes,"$73,000",445.0,6.6,V8,5.0
3851,3851,Chevrolet,Tahoe LS,2005,170000,Gasoline,285.0HP 4.8L 8 Cylinder Engine Gasoline Fuel,Automatic,Silver,Gray,At least 1 accident or damage reported,Yes,"$9,000",285.0,4.8,V8,8.0
3852,3852,Mercedes-Benz,SL-Class SL 550,2013,130000,Gasoline,429.0HP 4.6L 8 Cylinder Engine Gasoline Fuel,Automatic,Gray,Beige,At least 1 accident or damage reported,Yes,"$26,900",429.0,4.6,V8,2.0
3853,3853,Ford,Escape PHEV SE,2022,1889,Plug-In Hybrid,221.0HP 2.5L 4 Cylinder Engine Plug-In Electric/Gas,Automatic,White,Gray,None reported,Yes,"$32,850",221.0,2.5,I4,5.0
3854,3854,Dodge,Charger GT,2018,62197,Gasoline,3.6L V6 24V MPFI DOHC,Automatic,White Knuckle Clearcoat,Black,None reported,Yes,"$26,691",300.0,3.6,V6,5.0
3855,3855,Ford,F-150 XLT,2016,71000,E85 Flex Fuel,385.0HP 5.0L 8 Cylinder Engine Flex Fuel Capability,Automatic,Black,–,At least 1 accident or damage reported,Yes,"$24,350",385.0,5.0,V6,5.0
3856,3856,Lexus,NX 200t Base,2016,83400,Gasoline,235.0HP 2.0L 4 Cylinder Engine Gasoline Fuel,Automatic,Blue,Brown,At least 1 accident or damage reported,Yes,"$22,495",235.0,2.0,I4,5.0
3857,3857,Cadillac,XT5 Base,2019,74414,Gasoline,310.0HP 3.6L V6 Cylinder Engine Gasoline Fuel,Automatic,Black,Beige,None reported,Yes,"$26,000",310.0,3.6,V6,5.0
3858,3858,Ford,Mustang Shelby GT500,2010,29816,Gasoline,540.0HP 5.4L 8 Cylinder Engine Gasoline Fuel,Manual,Black,Black,None reported,Yes,"$38,000",540.0,5.4,V8,2.0
3859,3859,Ford,F-250 Lariat,2015,68749,Diesel,440.0HP 6.7L 8 Cylinder Engine Diesel Fuel,Dual Shift,Gray,Black,None reported,Yes,"$45,000",440.0,6.7,V8,5.0
3860,3860,BMW,325 i,2005,190395,Gasoline,184.0HP 2.5L Straight 6 Cylinder Engine Gasoline Fuel,Automatic,Black,Brown,None reported,Yes,"$5,000",184.0,2.5,Straight 6,5.0
3861,3861,Lamborghini,Huracan LP610-4,2015,34152,Gasoline,602.0HP 5.2L 10 Cylinder Engine Gasoline Fuel,Automatic,Blue,Red,None reported,Yes,"$185,500",602.0,5.2,V10,2.0
3862,3862,Toyota,Camry XLE,2007,98528,Gasoline,158.0HP 2.4L 4 Cylinder Engine Gasoline Fuel,Automatic,White,Gray,At least 1 accident or damage reported,Yes,"$7,450",158.0,2.4,I4,5.0
3863,3863,BMW,335 i,2011,91500,Gasoline,300.0HP 3.0L Straight 6 Cylinder Engine Gasoline Fuel,Automatic,Blue,Beige,At least 1 accident or damage reported,Yes,"$13,599",300.0,3.0,I6,5.0
3864,3864,Chevrolet,Camaro 1SS,2017,50850,Gasoline,455.0HP 6.2L 8 Cylinder Engine Gasoline Fuel,Manual,Blue,Black,None reported,Yes,"$37,000",455.0,6.2,V8,4.0
3865,3865,Mazda,MX-5 Miata Base,1999,130000,Gasoline,140.0HP 1.8L 4 Cylinder Engine Gasoline Fuel,Automatic,Green,Beige,At least 1 accident or damage reported,Yes,"$9,000",140.0,1.8,I4,2.0
3866,3866,Toyota,Tundra SR5 Double Cab,2005,199400,Gasoline,282.0HP 4.7L 8 Cylinder Engine Gasoline Fuel,Automatic,Gray,Gray,At least 1 accident or damage reported,Yes,"$8,500",282.0,4.7,V8,5.0
3867,3867,RAM,2500 Powerwagon,2013,84220,Gasoline,383.0HP 5.7L 8 Cylinder Engine Gasoline Fuel,Automatic,White,Gray,At least 1 accident or damage reported,Yes,"$26,500",383.0,5.7,V8,6.0
3868,3868,Mercedes-Benz,S-Class S 550 4MATIC,2016,67280,Gasoline,449.0HP 4.7L 8 Cylinder Engine Gasoline Fuel,Automatic,White,Black,None reported,Yes,"$41,999",449.0,4.7,V8,5.0
3869,3869,Volkswagen,Passat 2.0T R-Line,2021,16538,Gasoline,2.0 Liter TSI,Automatic,Reflex Silver,Titan Black,None reported,No,"$25,998",174.0,2.0,I4,5.0
3870,3870,Toyota,Tundra Platinum,2018,66000,Gasoline,381.0HP 5.7L 8 Cylinder Engine Gasoline Fuel,Automatic,Gray,Black,None reported,Yes,"$51,000",381.0,5.7,V8,5.0
3871,3871,Cadillac,Escalade Luxury,2018,53450,Gasoline,420.0HP 6.2L 8 Cylinder Engine Gasoline Fuel,Automatic,White,Beige,None reported,Yes,"$49,999",420.0,6.2,V8,7.0
3872,3872,Volkswagen,Golf Alltrack TSI SE,2018,63277,Gasoline,170.0HP 1.8L 4 Cylinder Engine Gasoline Fuel,Automatic,White,Black,None reported,Yes,"$20,900",170.0,1.8,I4,5.0
3873,3873,Nissan,Altima 2.5 S,2020,30900,Gasoline,182.0HP 2.5L 4 Cylinder Engine Gasoline Fuel,Automatic,Silver,Gray,None reported,Yes,"$21,000",182.0,2.5,I4,5.0
3874,3874,Mercedes-Benz,GLA 250 Base 4MATIC,2019,60854,Gasoline,2.0 Liter Turbo,Automatic,White,Black,None reported,No,"$25,498",221.0,2.0,I4,5.0
3875,3875,Ford,F-150 Platinum,2015,85000,Gasoline,365.0HP 3.5L V6 Cylinder Engine Gasoline Fuel,Automatic,White,Black,None reported,Yes,"$31,000",365.0,3.5,V6,5.0
3876,3876,Toyota,RAV4 SE,2016,108130,Gasoline,176.0HP 2.5L 4 Cylinder Engine Gasoline Fuel,Dual Shift,Gray,Orange,None reported,Yes,"$18,500",176.0,2.5,I4,5.0
3877,3877,Toyota,4Runner TRD Sport,2023,11400,Gasoline,270.0HP 4.0L V6 Cylinder Engine Gasoline Fuel,Automatic,Green,Black,None reported,Yes,"$46,000",270.0,4.0,V6,5.0
3878,3878,Mercedes-Benz,GL-Class GL 450 4MATIC,2013,63300,Gasoline,362.0HP 4.6L 8 Cylinder Engine Gasoline Fuel,Automatic,Black,Black,None reported,Yes,"$22,800",362.0,4.6,V8,7.0
3879,3879,Tesla,Model Y Performance,2020,27500,not defined,455.0HP Electric Motor Electric Fuel System,Automatic,Gray,White,None reported,Yes,"$44,000",455.0,0.0,Electric,5.0
3880,3880,BMW,X5 xDrive 35i Sport Activity,2012,122600,Gasoline,300.0HP 3.0L Straight 6 Cylinder Engine Gasoline Fuel,Automatic,Black,Black,At least 1 accident or damage reported,Yes,"$12,900",300.0,3.0,I6,5.0
3881,3881,Dodge,Charger Base,2006,145565,Gasoline,250.0HP 3.5L V6 Cylinder Engine Gasoline Fuel,Automatic,Blue,Gray,At least 1 accident or damage reported,Yes,"$4,500",250.0,3.5,V6,5.0
3882,3882,Ford,Transit-250 Base,2016,66500,Gasoline,310.0HP 3.5L V6 Cylinder Engine Gasoline Fuel,Automatic,White,Gray,None reported,Yes,"$27,000",310.0,3.5,V6,5.0
3883,3883,BMW,330 i xDrive,2017,75000,Gasoline,248.0HP 2.0L 4 Cylinder Engine Gasoline Fuel,Automatic,Blue,Black,None reported,Yes,"$20,000",248.0,2.0,I4,5.0
3884,3884,Mazda,CX-5 Grand Touring,2021,24781,Gasoline,2.5L I4 16V GDI DOHC,Automatic,Machine Gray Metallic,Black,not defined,No,"$28,991",187.0,2.5,I4,5.0
3885,3885,BMW,X5 M Base,2013,67000,Gasoline,555.0HP 4.4L 8 Cylinder Engine Gasoline Fuel,Automatic,Silver,Black,At least 1 accident or damage reported,Yes,"$24,500",555.0,4.4,V8,5.0
3886,3886,Audi,Q5 2.0T Premium Plus,2019,24500,Gasoline,248.0HP 2.0L 4 Cylinder Engine Gasoline Fuel,Automatic,Black,–,None reported,Yes,"$31,000",248.0,2.0,I4,5.0
3887,3887,Audi,S5 3.0T Prestige,2013,37500,Gasoline,333.0HP 3.0L V6 Cylinder Engine Gasoline Fuel,Automatic,Black,Black,None reported,Yes,"$26,000",333.0,3.0,V6,4.0
3888,3888,Nissan,GT-R Premium,2013,101000,Gasoline,545.0HP 3.8L V6 Cylinder Engine Gasoline Fuel,Dual Shift,White,Black,None reported,Yes,"$59,000",545.0,3.8,V6,2.0
3889,3889,Tesla,Model 3 Long Range,2020,25000,not defined,425.0HP Electric Motor Electric Fuel System,Automatic,Blue,Black,None reported,Yes,"$49,995",425.0,0.0,Electric,5.0
3890,3890,Toyota,Camry Solara SLE V6,2000,245000,Gasoline,200.0HP 3.0L V6 Cylinder Engine Gasoline Fuel,Automatic,Black,Beige,At least 1 accident or damage reported,Yes,"$2,500",200.0,3.0,V6,5.0
3891,3891,Tesla,Model Y Long Range,2021,49252,not defined,Electric,Automatic,Deep Blue Metallic,Black,None reported,No,"$37,999",425.0,0.0,Electric,5.0
3892,3892,Buick,Cascada Base,2016,103814,Gasoline,200.0HP 1.6L 4 Cylinder Engine Gasoline Fuel,Automatic,White,Black,At least 1 accident or damage reported,Yes,"$14,995",200.0,1.6,I4,4.0
3893,3893,Toyota,4Runner Venture,2021,27000,Gasoline,270.0HP 4.0L V6 Cylinder Engine Gasoline Fuel,Automatic,White,Black,None reported,Yes,"$48,500",270.0,4.0,V6,5.0
3894,3894,BMW,530 i xDrive,2021,60942,Gasoline,2.0L I4 16V GDI DOHC Turbo,Automatic,Glacier Silver Metallic,Black,None reported,Yes,"$32,085",248.0,2.0,I4,5.0
3895,3895,BMW,535 i xDrive,2011,100780,Gasoline,300.0HP 3.0L Straight 6 Cylinder Engine Gasoline Fuel,Automatic,Gray,Black,At least 1 accident or damage reported,Yes,"$12,000",300.0,3.0,I6,5.0
3896,3896,Tesla,Model S 100D,2018,65000,not defined,518.0HP Electric Motor Electric Fuel System,Automatic,Blue,Black,None reported,Yes,"$41,000",518.0,0.0,Electric,5.0
3897,3897,Lexus,GX 460 Base,2012,167000,Gasoline,301.0HP 4.6L 8 Cylinder Engine Gasoline Fuel,Automatic,Black,Beige,At least 1 accident or damage reported,Yes,"$19,470",301.0,4.6,V8,5.0
3898,3898,Chevrolet,Trailblazer SS,2008,161000,Gasoline,390.0HP 6.0L 8 Cylinder Engine Gasoline Fuel,Automatic,Red,Black,At least 1 accident or damage reported,Yes,"$17,000",390.0,6.0,V8,5.0
3899,3899,Subaru,Impreza WRX,2005,90200,Gasoline,227.0HP 2.0L 4 Cylinder Engine Gasoline Fuel,Manual,Blue,Black,None reported,Yes,"$12,499",227.0,2.0,I4,5.0
3900,3900,Volkswagen,Passat 2.5 SE,2012,159870,Gasoline,170.0HP 2.5L 5 Cylinder Engine Gasoline Fuel,Automatic,White,Beige,At least 1 accident or damage reported,Yes,"$9,750",170.0,2.5,I5,5.0
3901,3901,Porsche,911 Carrera Cabriolet,1996,38000,not defined,–,Dual Shift,Blue,Gray,not defined,No,"$75,000",300.0,3.4,Flat 6,2.0
3902,3902,Audi,Q5 40 Premium,2022,14550,Hybrid,201.0HP 2.0L 4 Cylinder Engine Gasoline/Mild Electric Hybrid,Automatic,Silver,Brown,None reported,Yes,"$41,500",201.0,2.0,I4,5.0
3903,3903,INFINITI,Q60 3.0t Red Sport 400,2018,38000,Gasoline,400.0HP 3.0L V6 Cylinder Engine Gasoline Fuel,Automatic,Red,White,None reported,Yes,"$32,000",400.0,3.0,V6,4.0
3904,3904,Chevrolet,Camaro Z28,2002,35515,Gasoline,310.0HP 5.7L 8 Cylinder Engine Gasoline Fuel,Manual,Silver,Black,At least 1 accident or damage reported,Yes,"$21,000",310.0,5.7,V8,4.0
3905,3905,Mazda,Protege DX,1993,94200,not defined,–,Automatic,Gray,–,At least 1 accident or damage reported,Yes,"$2,500",130.0,1.8,I4,5.0
3906,3906,Mercedes-Benz,SL-Class SL550 Roadster,2008,33300,Gasoline,382.0HP 5.5L 8 Cylinder Engine Gasoline Fuel,Automatic,White,Beige,None reported,Yes,"$34,500",382.0,5.5,V8,2.0
3907,3907,Mercedes-Benz,C-Class C 300 4MATIC,2016,90189,Gasoline,241.0HP 2.0L 4 Cylinder Engine Gasoline Fuel,Automatic,White,–,At least 1 accident or damage reported,Yes,"$17,995",241.0,2.0,I4,5.0
3908,3908,Land,Rover Range Rover Autobiography,2023,1148,Gasoline,4.4L V8 32V GDI DOHC Twin Turbo,Automatic,Carpathian Grey,Ebony,None reported,No,"$193,063",523.0,4.4,V8,5.0
3909,3909,Mercedes-Benz,SLK-Class SLK320,2001,59500,Gasoline,215.0HP 3.2L V6 Cylinder Engine Gasoline Fuel,Manual,Blue,Beige,None reported,Yes,"$6,500",215.0,3.2,V6,2.0
3910,3910,Ford,Transit-350 XL,2017,134000,Gasoline,310.0HP 3.5L V6 Cylinder Engine Gasoline Fuel,Automatic,Silver,Gray,None reported,Yes,"$26,500",310.0,3.5,V6,12.0
3911,3911,Buick,Enclave Premium,2014,86281,Gasoline,288.0HP 3.6L V6 Cylinder Engine Gasoline Fuel,Automatic,Black,Black,None reported,Yes,"$18,900",288.0,3.6,V6,7.0
3912,3912,Porsche,Cayenne AWD,2020,34580,Gasoline,335.0HP 3.0L V6 Cylinder Engine Gasoline Fuel,Automatic,Black,Red,None reported,Yes,"$56,000",335.0,3.0,V6,5.0
3913,3913,Hyundai,Santa Fe SE,2007,145000,Gasoline,242.0HP 3.3L V6 Cylinder Engine Gasoline Fuel,Automatic,Blue,Gray,At least 1 accident or damage reported,Yes,"$4,200",242.0,3.3,V6,5.0
3914,3914,Mazda,Mazda6 Signature,2021,11737,Gasoline,2.5L I4 16V GDI DOHC Turbo,Automatic,Soul Red Crystal Metallic,Deep Chestnut,None reported,Yes,"$33,687",250.0,2.5,I4,5.0
3915,3915,Tesla,Model X Performance,2020,25535,not defined,778.0HP Electric Motor Electric Fuel System,Automatic,White,Beige,None reported,Yes,"$68,969",778.0,9.2,V8,7.0
3916,3916,Jeep,Wrangler Unlimited Sport,2016,67499,Gasoline,285.0HP 3.6L V6 Cylinder Engine Gasoline Fuel,Manual,Beige,Black,None reported,Yes,"$27,500",285.0,3.6,V6,5.0
3917,3917,Toyota,4Runner Sport,2004,220450,Gasoline,245.0HP 4.0L V6 Cylinder Engine Gasoline Fuel,Automatic,Gray,Gray,None reported,Yes,"$8,550",245.0,4.0,V6,5.0
3918,3918,Chevrolet,Silverado 1500 2LT,2018,20200,Gasoline,355.0HP 5.3L 8 Cylinder Engine Gasoline Fuel,Automatic,Silver,Gray,At least 1 accident or damage reported,Yes,"$42,950",355.0,5.3,V8,5.0
3919,3919,Jaguar,XK8 Base,2000,40000,Gasoline,290.0HP 4.0L 8 Cylinder Engine Gasoline Fuel,Automatic,Blue,Beige,None reported,Yes,"$15,400",290.0,4.0,V8,2.0
3920,3920,Mercedes-Benz,GLA-Class GLA 45 AMG,2015,80300,Gasoline,355.0HP 2.0L 4 Cylinder Engine Gasoline Fuel,Automatic,Black,Black,At least 1 accident or damage reported,Yes,"$22,000",355.0,2.0,I4,5.0
3921,3921,BMW,330 i xDrive,2017,63150,Gasoline,248.0HP 2.0L 4 Cylinder Engine Gasoline Fuel,Automatic,White,Beige,None reported,Yes,"$21,500",248.0,2.0,I4,5.0
3922,3922,Volkswagen,Atlas 3.6L SE w/Technology,2018,48210,Gasoline,276.0HP 3.6L V6 Cylinder Engine Gasoline Fuel,Dual Shift,Silver,Black,None reported,Yes,"$24,999",276.0,3.6,V6,7.0
3923,3923,Nissan,Juke SL,2012,115359,Gasoline,188.0HP 1.6L 4 Cylinder Engine Gasoline Fuel,Automatic,Black,Black,None reported,Yes,"$9,950",188.0,1.6,I4,4.0
3924,3924,Subaru,Impreza 2.0i Premium,2018,90601,Gasoline,152.0HP 2.0L 4 Cylinder Engine Gasoline Fuel,Automatic,White,Beige,None reported,Yes,"$26,000",152.0,2.0,I4,5.0
3925,3925,BMW,M5 Base,2000,132200,Gasoline,400.0HP 5.0L 8 Cylinder Engine Gasoline Fuel,Manual,Blue,Black,None reported,Yes,"$26,900",400.0,5.0,V8,5.0
3926,3926,Mercedes-Benz,Sprinter 2500 Standard Roof,2023,4000,Diesel,211.0HP 2.0L 4 Cylinder Engine Diesel Fuel,Automatic,White,Black,None reported,Yes,"$65,000",211.0,2.0,I4,2.0
3927,3927,Volkswagen,Beetle 2.0T Final Edition SE,2019,32000,Gasoline,174.0HP 2.0L 4 Cylinder Engine Gasoline Fuel,Dual Shift,Gray,Black,None reported,Yes,"$32,750",174.0,2.0,I4,4.0
3928,3928,MINI,Countryman Cooper S ALL4,2016,95070,Gasoline,181.0HP 1.6L 4 Cylinder Engine Gasoline Fuel,Automatic,Blue,Black,None reported,Yes,"$12,750",181.0,1.6,I4,5.0
3929,3929,Nissan,Rogue SL,2017,148000,Gasoline,170.0HP 2.5L 4 Cylinder Engine Gasoline Fuel,Automatic,White,–,None reported,Yes,"$13,000",170.0,2.5,I4,5.0
3930,3930,Lexus,CT 200h Premium,2014,125519,Hybrid,134.0HP 1.8L 4 Cylinder Engine Gas/Electric Hybrid,Automatic,Black,Black,At least 1 accident or damage reported,Yes,"$16,000",134.0,1.8,I4,5.0
3931,3931,INFINITI,G37 x,2013,90000,Gasoline,328.0HP 3.7L V6 Cylinder Engine Gasoline Fuel,Dual Shift,Silver,Black,None reported,Yes,"$14,500",328.0,3.7,V6,5.0
3932,3932,Audi,A6 2.0T Sport,2018,49650,Gasoline,252.0HP 2.0L 4 Cylinder Engine Gasoline Fuel,Automatic,Black,Black,At least 1 accident or damage reported,Yes,"$23,750",252.0,2.0,I4,5.0
3933,3933,Nissan,Altima 2.5 S,2015,149800,Gasoline,182.0HP 2.5L 4 Cylinder Engine Gasoline Fuel,Automatic,Black,Black,At least 1 accident or damage reported,Yes,"$11,600",182.0,2.5,I4,5.0
3934,3934,Chevrolet,Blazer 1LT,2019,37161,Gasoline,2.5L I4 16V GDI DOHC,Automatic,Nightfall Gray Metallic,Jet Black,None reported,Yes,"$26,990",193.0,2.5,I4,5.0
3935,3935,Dodge,Ram 3500 Quad Cab DRW,2000,188000,not defined,–,Automatic,Silver,Gray,At least 1 accident or damage reported,Yes,"$10,000",370.0,6.4,V8,6.0
3936,3936,Ford,Transit Connect XLT,2016,111700,E85 Flex Fuel,169.0HP 2.5L 4 Cylinder Engine Flex Fuel Capability,Automatic,White,Beige,None reported,Yes,"$15,500",169.0,2.5,I4,5.0
3937,3937,Mercedes-Benz,S-Class S 550 4MATIC,2016,72784,Gasoline,449.0HP 4.7L 8 Cylinder Engine Gasoline Fuel,Automatic,Blue,White,None reported,Yes,"$34,900",449.0,4.7,V8,5.0
3938,3938,Cadillac,Escalade Base,2007,150000,Gasoline,403.0HP 6.2L 8 Cylinder Engine Gasoline Fuel,Automatic,White,Beige,None reported,Yes,"$9,999",403.0,6.2,V8,7.0
3939,3939,Ford,Transit Connect XLT,2012,140450,Gasoline,136.0HP 2.0L 4 Cylinder Engine Gasoline Fuel,Automatic,Red,Gray,At least 1 accident or damage reported,Yes,"$8,500",136.0,2.0,I4,5.0
3940,3940,Lexus,IS 250 Base,2010,132700,Gasoline,204.0HP 2.5L V6 Cylinder Engine Gasoline Fuel,Automatic,Black,Black,At least 1 accident or damage reported,Yes,"$10,700",204.0,2.5,V6,5.0
3941,3941,Dodge,Durango GT,2020,49000,Gasoline,295.0HP 3.6L V6 Cylinder Engine Gasoline Fuel,Automatic,White,Black,None reported,Yes,"$40,000",295.0,3.6,V6,7.0
3942,3942,Chevrolet,Corvette Stingray w/2LT,2023,2058,Gasoline,490.0HP 6.2L 8 Cylinder Engine Gasoline Fuel,Automatic,Gray,Black,None reported,Yes,"$101,999",490.0,6.2,V8,2.0
3943,3943,Jeep,Wrangler Unlimited Sahara,2019,23442,Gasoline,285.0HP 3.6L V6 Cylinder Engine Gasoline Fuel,Automatic,White,Beige,None reported,Yes,"$44,500",285.0,3.6,V6,5.0
3944,3944,Tesla,Model 3 Long Range,2021,23749,not defined,Electric,Automatic,White,Black,None reported,No,"$35,999",346.0,0.0,Electric,5.0
3945,3945,Toyota,4Runner TRD Pro,2021,35048,Gasoline,4.0L V6 24V MPFI DOHC,Automatic,Lunar Rock,Black / Graphite,None reported,No,"$52,590",270.0,4.0,V6,5.0
3946,3946,INFINITI,QX60 Base,2016,91239,Gasoline,265.0HP 3.5L V6 Cylinder Engine Gasoline Fuel,Automatic,Gray,Black,None reported,Yes,"$17,500",265.0,3.5,V6,7.0
3947,3947,Porsche,911 Carrera,2022,2950,Gasoline,379.0HP 3.0L Flat 6 Cylinder Engine Gasoline Fuel,Automatic,Green,Black,None reported,Yes,"$131,000",379.0,3.0,H6,2.0
3948,3948,Ford,F-150 XL,2019,59678,Gasoline,2.7L V6 24V PDI DOHC Twin Turbo,Automatic,Gray,Black,None reported,Yes,"$33,700",385.0,2.7,V6,5.0
3949,3949,BMW,M240 i xDrive,2022,2010,Gasoline,382.0HP 3.0L Straight 6 Cylinder Engine Gasoline Fuel,Automatic,Purple,Black,None reported,Yes,"$55,000",382.0,3.0,I6,4.0
3950,3950,Toyota,Prius Two,2014,80354,Hybrid,134.0HP 1.8L 4 Cylinder Engine Gas/Electric Hybrid,Automatic,Red,Gray,At least 1 accident or damage reported,Yes,"$13,310",134.0,1.8,I4,5.0
3951,3951,Ford,Expedition Max XLT,2018,105674,Gasoline,375.0HP 3.5L V6 Cylinder Engine Gasoline Fuel,Automatic,White,Beige,None reported,Yes,"$34,995",375.0,3.5,V6,8.0
3952,3952,Toyota,Tundra Grade,2013,92700,Gasoline,310.0HP 4.6L 8 Cylinder Engine Gasoline Fuel,Automatic,Gray,Gray,At least 1 accident or damage reported,Yes,"$20,800",310.0,4.6,V8,6.0
3953,3953,Ford,Edge Titanium,2016,101387,Gasoline,245.0HP 2.0L 4 Cylinder Engine Gasoline Fuel,Automatic,Black,Beige,At least 1 accident or damage reported,Yes,"$16,000",245.0,2.0,I4,5.0
3954,3954,Buick,Envision Essence,2021,36544,Gasoline,2.0L I4 16V GDI DOHC Turbo,Automatic,Dark Moon Blue Metallic,Ebony,None reported,Yes,"$33,290",197.0,2.0,I4,5.0
3955,3955,Audi,Q7 55 Prestige,2019,41000,Gasoline,329.0HP 3.0L V6 Cylinder Engine Gasoline Fuel,Automatic,White,Beige,None reported,Yes,"$39,900",329.0,3.0,V6,7.0
3956,3956,Chrysler,Town & Country Touring-L,2013,115872,E85 Flex Fuel,283.0HP 3.6L V6 Cylinder Engine Flex Fuel Capability,Automatic,Black,Black,None reported,Yes,"$9,500",283.0,3.6,V6,7.0
3957,3957,Chevrolet,Cruze LS,2011,135603,Gasoline,136.0HP 1.8L 4 Cylinder Engine Gasoline Fuel,Automatic,Silver,Black,None reported,Yes,"$7,000",136.0,1.8,I4,5.0
3958,3958,Ford,F-150 Lariat,2020,26540,Gasoline,375.0HP 3.5L V6 Cylinder Engine Gasoline Fuel,Automatic,White,Black,None reported,Yes,"$46,995",375.0,3.5,V6,5.0
3959,3959,Jaguar,XF Premium,2011,35134,Gasoline,385.0HP 5.0L 8 Cylinder Engine Gasoline Fuel,Automatic,Gray,Gray,At least 1 accident or damage reported,Yes,"$12,400",385.0,5.0,V8,5.0
3960,3960,Jeep,Wrangler Unlimited Rubicon,2020,49990,Gasoline,270.0HP 2.0L 4 Cylinder Engine Gasoline Fuel,Automatic,Black,Black,None reported,Yes,"$53,000",270.0,2.0,I4,5.0
3961,3961,Ford,F-250 Lariat,2011,153818,Diesel,400.0HP 6.7L 8 Cylinder Engine Diesel Fuel,Automatic,Gray,Gray,At least 1 accident or damage reported,Yes,"$29,800",400.0,6.7,V8,5.0
3962,3962,Jaguar,F-PACE 35t Premium,2017,58060,Gasoline,340.0HP 3.0L V6 Cylinder Engine Gasoline Fuel,Automatic,Blue,Beige,At least 1 accident or damage reported,Yes,"$26,000",340.0,3.0,V6,5.0
3963,3963,Porsche,911 Carrera S,2015,36000,Gasoline,400.0HP 3.8L Flat 6 Cylinder Engine Gasoline Fuel,Automatic,Black,Black,None reported,Yes,"$84,999",400.0,3.8,Flat 6,2.0
3964,3964,Ford,Bronco Badlands Advanced,2022,17000,Gasoline,315.0HP 2.7L V6 Cylinder Engine Gasoline Fuel,Automatic,White,Black,None reported,Yes,"$69,999",315.0,2.7,V6,5.0
3965,3965,Suzuki,SX4 Base,2013,99982,Gasoline,150.0HP 2.0L 4 Cylinder Engine Gasoline Fuel,Manual,Orange,Gray,At least 1 accident or damage reported,Yes,"$6,900",150.0,2.0,I4,5.0
3966,3966,Ford,EcoSport SES,2019,106000,Gasoline,166.0HP 2.0L 4 Cylinder Engine Gasoline Fuel,Automatic,Silver,Black,At least 1 accident or damage reported,Yes,"$12,000",166.0,2.0,I4,5.0
3967,3967,Toyota,Land Cruiser Base,1994,178416,not defined,–,Automatic,Green,Beige,None reported,Yes,"$9,000",212.0,4.5,Straight 6,8.0
3968,3968,Honda,Civic EX,2014,82500,Gasoline,143.0HP 1.8L 4 Cylinder Engine Gasoline Fuel,Automatic,Silver,Gray,None reported,Yes,"$15,000",143.0,1.8,I4,5.0
3969,3969,Mercedes-Benz,Sprinter 2500 Standard Roof,2018,41500,Diesel,188.0HP 3.0L V6 Cylinder Engine Diesel Fuel,Automatic,Gray,Black,None reported,Yes,"$61,000",188.0,3.0,V6,2.0
3970,3970,BMW,X3 xDrive28i,2015,92984,Gasoline,240.0HP 2.0L 4 Cylinder Engine Gasoline Fuel,Dual Shift,White,Beige,At least 1 accident or damage reported,Yes,"$17,000",240.0,2.0,I4,5.0
3971,3971,Nissan,Murano SL,2007,120000,Gasoline,240.0HP 3.5L V6 Cylinder Engine Gasoline Fuel,Automatic,Silver,Black,None reported,Yes,"$6,750",240.0,3.5,V6,5.0
3972,3972,Chevrolet,Corvette Stingray,2015,25548,Gasoline,455.0HP 6.2L 8 Cylinder Engine Gasoline Fuel,Automatic,Gray,Gray,None reported,Yes,"$49,000",455.0,6.2,V8,2.0
3973,3973,Ford,F-150 Lariat,2018,65441,Gasoline,325.0HP 2.7L V6 Cylinder Engine Gasoline Fuel,Automatic,Gray,Black,None reported,Yes,"$38,000",325.0,2.7,V6,5.0
3974,3974,Porsche,Cayenne Turbo,2020,39611,Gasoline,4.0L V8 32V GDI DOHC Twin Turbo,Automatic,Quartzite Grey Metallic,Black,None reported,No,"$89,900",520.0,4.0,V8,5.0
3975,3975,Toyota,Sequoia SR5,2010,154860,Gasoline,310.0HP 4.6L 8 Cylinder Engine Gasoline Fuel,Automatic,Silver,Gray,None reported,Yes,"$17,900",310.0,4.6,V8,8.0
3976,3976,Porsche,911 Carrera S,2021,7008,Gasoline,443.0HP 3.0L Flat 6 Cylinder Engine Gasoline Fuel,Automatic,Gray,Black,not defined,No,"$151,900",443.0,3.0,Flat 6,2.0
3977,3977,BMW,M8 Gran Coupe Competition,2022,21057,Gasoline,617.0HP 4.4L 8 Cylinder Engine Gasoline Fuel,Dual Shift,Gray,Black,None reported,Yes,"$99,800",617.0,4.4,V8,4.0
3978,3978,Lexus,CT 200h Base,2016,39750,Hybrid,134.0HP 1.8L 4 Cylinder Engine Gas/Electric Hybrid,Automatic,Black,Black,None reported,Yes,"$21,995",134.0,1.8,I4,5.0
3979,3979,Aston,Martin DB7 Vantage Volante,2003,14900,Gasoline,420.0HP 5.9L 12 Cylinder Engine Gasoline Fuel,Manual,White,Beige,not defined,No,"$32,850",420.0,5.9,V12,2.0
3980,3980,Chevrolet,Impala 2LZ,2018,71312,Gasoline,305.0HP 3.6L V6 Cylinder Engine Gasoline Fuel,Automatic,Black,Black,None reported,Yes,"$17,899",305.0,3.6,V6,5.0
3981,3981,Porsche,911 Carrera,2015,43500,Gasoline,350.0HP 3.4L Flat 6 Cylinder Engine Gasoline Fuel,Automatic,Black,Black,None reported,Yes,"$66,500",350.0,3.4,H6,2.0
3982,3982,BMW,X6 xDrive40i,2020,34000,Gasoline,335.0HP 3.0L Straight 6 Cylinder Engine Gasoline Fuel,Automatic,White,Brown,None reported,Yes,"$59,335",335.0,3.0,I6,5.0
3983,3983,Subaru,Ascent Touring 7-Passenger,2021,32250,Gasoline,260.0HP 2.4L 4 Cylinder Engine Gasoline Fuel,Automatic,Black,Black,At least 1 accident or damage reported,Yes,"$36,000",260.0,2.4,I4,7.0
3984,3984,Volkswagen,Routan SE,2011,194000,Gasoline,283.0HP 3.6L V6 Cylinder Engine Gasoline Fuel,Dual Shift,Black,Gray,At least 1 accident or damage reported,Yes,"$3,500",283.0,3.6,V6,7.0
3985,3985,Mercedes-Benz,AMG GLS 63 4MATIC,2023,2000,Hybrid,603.0HP 4.0L 8 Cylinder Engine Gasoline/Mild Electric Hybrid,Automatic,Gray,Beige,None reported,Yes,"$175,000",603.0,4.0,V8,7.0
3986,3986,Mercedes-Benz,E-Class E 300 4MATIC,2018,53705,Gasoline,241.0HP 2.0L 4 Cylinder Engine Gasoline Fuel,Automatic,Black,Black,At least 1 accident or damage reported,Yes,"$25,900",241.0,2.0,4 Cylinder,5.0
3987,3987,Bentley,Continental GT Speed,2023,714,Gasoline,6.0L W12 48V PDI DOHC Twin Turbo,Automatic,C / C,Hotspur,None reported,Yes,"$349,950",600.0,6.0,W12,4.0
3988,3988,Audi,S4 3.0T Premium Plus,2022,10900,Gasoline,349.0HP 3.0L V6 Cylinder Engine Gasoline Fuel,Dual Shift,Black,Black,None reported,Yes,"$53,900",349.0,3.0,V6,5.0
3989,3989,Porsche,Taycan,2022,2116,not defined,Electric,Automatic,Black,Black,None reported,No,"$90,998",402.0,0.0,Electric,4.0
3990,3990,Ford,F-150 Raptor,2020,33000,Gasoline,450.0HP 3.5L V6 Cylinder Engine Gasoline Fuel,Automatic,Blue,Black,None reported,Yes,"$62,999",450.0,3.5,V6,5.0
3991,3991,BMW,X3 xDrive30i,2020,43000,Gasoline,248.0HP 2.0L 4 Cylinder Engine Gasoline Fuel,Automatic,Gray,Brown,At least 1 accident or damage reported,Yes,"$40,000",248.0,2.0,I4,5.0
